1,68152,0
2,100000,60
3,68152,0
4,68152,0
5,68152,0
6,68152,0
7,68152,0
8,100000,80
9,100000,60
10,68152,0
11,100000,120
12,68152,0
13,100000,70
14,68152,0
15,68152,0
16,68152,0
17,68152,0
18,68152,0
19,68152,0
20,68152,0
21,68152,0
22,68152,0
23,68152,0
24,68152,0
25,68152,0
26,68152,0
27,68152,0
28,68152,0
29,68152,0
30,68152,0
31,68152,0
32,68152,0
33,68152,0
34,68152,0
35,68152,0
36,68152,0
37,68152,0
38,68152,0
39,68152,0
40,68152,0
41,68152,0
42,68152,0
43,68152,0
44,100000,60
45,68152,0
46,68152,0
47,68152,0
48,68152,0
49,100000,30
50,100000,50
51,68152,0
52,68152,0
53,68152,0
54,100000,200
55,68152,0
56,68152,0
57,100000,160
58,68152,0
59,68152,0
60,68152,0
61,100000,30
62,100000,120
63,68152,0
64,68152,0
65,68152,0
66,68152,0
67,68152,0
68,100000,240
69,68152,0
70,68152,0
71,100000,200
72,68152,0
73,68152,0
74,68152,0
75,68152,0
76,68152,0
77,100000,80
78,68152,0
79,68152,0
80,68152,0
81,68152,0
82,68152,0
83,68152,0
84,100000,70
85,100000,60
86,100000,50
87,68152,0
88,68152,0
89,68152,0
90,68152,0
91,68152,0
92,68152,0
93,68152,0
94,68152,0
95,100000,40
96,68152,0
97,68152,0
98,100000,160
99,68152,0
100,68152,0
101,100000,120
102,68152,0
103,68152,0
104,68152,0
105,68152,0
106,68152,0
107,68152,0
108,68152,0
109,68152,0
110,68152,0
111,100000,240
112,68152,0
113,100000,50
114,68152,0
115,68152,0
116,68152,0
117,68152,0
118,68152,0
119,100000,60
120,68152,0
121,68152,0
122,100000,120
123,100000,60
124,100000,200
125,68152,0
126,68152,0
127,68152,0
128,68152,0
129,68152,0
130,68152,0
131,68152,0
132,100000,40
133,68152,0
134,68152,0
135,68152,0
136,100000,40
137,68152,0
138,68152,0
139,68152,0
140,68152,0
141,68152,0
142,68152,0
143,68152,0
144,68152,0
145,100000,200
146,68152,0
147,68152,0
148,68152,0
149,68152,0
150,100000,30
151,100000,200
152,68152,0
153,68152,0
154,100000,200
155,68152,0
156,68152,0
157,68152,0
158,100000,150
159,68152,0
160,68152,0
161,68152,0
162,68152,0
163,68152,0
164,68152,0
165,100000,200
166,68152,0
167,68152,0
168,68152,0
169,68152,0
170,68152,0
171,68152,0
172,68152,0
173,68152,0
174,68152,0
175,68152,0
176,68152,0
177,68152,0
178,100000,80
179,68152,0
180,68152,0
181,100000,600
182,68152,0
183,100000,40
184,100000,50
185,68152,0
186,68152,0
187,68152,0
188,68152,0
189,100000,500
190,68152,0
191,100000,200
192,68152,0
193,68152,0
194,100000,200
195,68152,0
196,100000,200
197,100000,260
198,68152,0
199,68152,0
200,100000,200
201,68152,0
202,68152,0
203,68152,0
204,68152,0
205,68152,0
206,68152,0
207,68152,0
208,68152,0
209,100000,70
210,100000,200
211,100000,200
212,68152,0
213,68152,0
214,68152,0
215,100000,200
216,68152,0
217,68152,0
218,68152,0
219,68152,0
220,100000,60
221,100000,200
222,68152,0
223,68152,0
224,68152,0
225,68152,0
226,100000,60
227,68152,0
228,100000,200
229,100000,30
230,68152,0
231,68152,0
232,100000,30
233,100000,200
234,68152,0
235,68152,0
236,68152,0
237,68152,0
238,68152,0
239,100000,200
240,100000,200
241,100000,200
242,68152,0
243,68152,0
244,100000,150
245,68152,0
246,100000,200
247,68152,0
248,68152,0
249,68152,0
250,68152,0
251,68152,0
252,68152,0
253,68152,0
254,68152,0
255,68152,0
256,68152,0
257,68152,0
258,100000,60
259,68152,0
260,68152,0
261,68152,0
262,68152,0
263,68152,0
264,100000,200
265,100000,100
266,68152,0
267,68152,0
268,100000,40
269,68152,0
270,68152,0
271,100000,120
272,68152,0
273,68152,0
274,68152,0
275,68152,0
276,68152,0
277,68152,0
278,68152,0
279,68152,0
280,68152,0
281,68152,0
282,68152,0
283,100000,80
284,68152,0
285,68152,0
286,68152,0
287,68152,0
288,68152,0
289,100000,200
290,68152,0
291,68152,0
292,68152,0
293,68152,0
294,68152,0
295,68152,0
296,68152,0
297,68152,0
298,68152,0
299,68152,0
300,68152,0
301,100000,40
302,68152,0
303,100000,200
304,68152,0
305,68152,0
306,68152,0
307,68152,0
308,68152,0
309,68152,0
310,68152,0
311,68152,0
312,100000,200
313,68152,0
314,100000,50
315,100000,200
316,68152,0
317,68152,0
318,100000,30
319,68152,0
320,100000,250
321,68152,0
322,68152,0
323,68152,0
324,100000,50
325,68152,0
326,68152,0
327,68152,0
328,68152,0
329,68152,0
330,100000,40
331,68152,0
332,68152,0
333,68152,0
334,68152,0
335,100000,200
336,68152,0
337,100000,30
338,68152,0
339,68152,0
340,68152,0
341,68152,0
342,68152,0
343,68152,0
344,68152,0
345,68152,0
346,68152,0
347,68152,0
348,68152,0
349,68152,0
350,68152,0
351,68152,0
352,68152,0
353,68152,0
354,68152,0
355,68152,0
356,68152,0
357,68152,0
358,100000,120
359,68152,0
360,68152,0
361,68152,0
362,68152,0
363,100000,50
364,100000,200
365,68152,0
366,68152,0
367,100000,200
368,68152,0
369,68152,0
370,68152,0
371,100000,400
372,68152,0
373,68152,0
374,68152,0
375,68152,0
376,68152,0
377,68152,0
378,68152,0
379,68152,0
380,68152,0
381,68152,0
382,68152,0
383,68152,0
384,68152,0
385,68152,0
386,68152,0
387,68152,0
388,68152,0
389,68152,0
390,68152,0
391,68152,0
392,68152,0
393,68152,0
394,68152,0
395,68152,0
396,68152,0
397,68152,0
398,68152,0
399,100000,280
400,100000,40
401,68152,0
402,68152,0
403,68152,0
404,68152,0
405,68152,0
406,100000,60
407,68152,0
408,68152,0
409,68152,0
410,68152,0
411,68152,0
412,68152,0
413,68152,0
414,100000,130
415,100000,120
416,68152,0
417,68152,0
418,68152,0
419,68152,0
420,100000,200
421,100000,200
422,68152,0
423,68152,0
424,68152,0
425,68152,0
426,68152,0
427,68152,0
428,100000,350
429,68152,0
430,68152,0
431,100000,60
432,68152,0
433,68152,0
434,100000,80
435,100000,200
436,68152,0
437,100000,50
438,68152,0
439,68152,0
440,100000,200
441,100000,140
442,68152,0
443,68152,0
444,68152,0
445,68152,0
446,100000,200
447,68152,0
448,68152,0
449,68152,0
450,68152,0
451,68152,0
452,68152,0
453,68152,0
454,68152,0
455,68152,0
456,68152,0
457,68152,0
458,100000,80
459,68152,0
460,68152,0
461,68152,0
462,68152,0
463,68152,0
464,68152,0
465,68152,0
466,68152,0
467,68152,0
468,68152,0
469,100000,70
470,68152,0
471,68152,0
472,100000,60
473,68152,0
474,68152,0
475,68152,0
476,68152,0
477,68152,0
478,68152,0
479,68152,0
480,100000,200
481,68152,0
482,100000,200
483,100000,200
484,68152,0
485,68152,0
486,100000,50
487,100000,200
488,100000,140
489,68152,0
490,68152,0
491,68152,0
492,68152,0
493,68152,0
494,68152,0
495,68152,0
496,68152,0
497,68152,0
498,68152,0
499,68152,0
500,68152,0
501,68152,0
502,68152,0
503,68152,0
504,68152,0
505,100000,240
506,68152,0
507,68152,0
508,100000,200
509,68152,0
510,100000,80
511,68152,0
512,68152,0
513,68152,0
514,68152,0
515,100000,40
516,68152,0
517,68152,0
518,100000,30
519,68152,0
520,100000,200
521,68152,0
522,68152,0
523,68152,0
524,68152,0
525,68152,0
526,68152,0
527,68152,0
528,68152,0
529,68152,0
530,68152,0
531,68152,0
532,68152,0
533,100000,200
534,100000,200
535,68152,0
536,68152,0
537,68152,0
538,68152,0
539,68152,0
540,68152,0
541,68152,0
542,68152,0
543,100000,60
544,68152,0
545,68152,0
546,68152,0
547,68152,0
548,68152,0
549,68152,0
550,68152,0
551,68152,0
552,68152,0
553,100000,170
554,68152,0
555,100000,80
556,68152,0
557,68152,0
558,100000,200
559,100000,200
560,68152,0
561,68152,0
562,68152,0
563,68152,0
564,100000,120
565,68152,0
566,68152,0
567,68152,0
568,100000,150
569,100000,200
570,100000,200
571,100000,50
572,68152,0
573,68152,0
574,68152,0
575,68152,0
576,68152,0
577,68152,0
578,68152,0
579,68152,0
580,68152,0
581,68152,0
582,68152,0
583,68152,0
584,68152,0
585,100000,80
586,68152,0
587,68152,0
588,68152,0
589,68152,0
590,68152,0
591,68152,0
592,100000,140
593,100000,80
594,68152,0
595,68152,0
596,100000,200
597,100000,40
598,68152,0
599,68152,0
600,68152,0
601,68152,0
602,68152,0
603,68152,0
604,68152,0
605,68152,0
606,68152,0
607,100000,200
608,68152,0
609,68152,0
610,68152,0
611,68152,0
612,100000,200
613,100000,80
614,68152,0
615,68152,0
616,68152,0
617,68152,0
618,68152,0
619,100000,60
620,100000,200
621,100000,80
622,68152,0
623,68152,0
624,68152,0
625,100000,200
626,100000,100
627,68152,0
628,68152,0
629,68152,0
630,68152,0
631,68152,0
632,68152,0
633,68152,0
634,68152,0
635,100000,200
636,68152,0
637,68152,0
638,68152,0
639,68152,0
640,68152,0
641,68152,0
642,68152,0
643,100000,200
644,68152,0
645,68152,0
646,68152,0
647,68152,0
648,68152,0
649,68152,0
650,100000,200
651,68152,0
652,100000,40
653,68152,0
654,100000,200
655,100000,200
656,68152,0
657,68152,0
658,68152,0
659,100000,200
660,68152,0
661,68152,0
662,68152,0
663,68152,0
664,68152,0
665,68152,0
666,68152,0
667,100000,100
668,68152,0
669,68152,0
670,68152,0
671,68152,0
672,68152,0
673,68152,0
674,68152,0
675,68152,0
676,68152,0
677,68152,0
678,100000,80
679,68152,0
680,68152,0
681,68152,0
682,100000,60
683,100000,200
684,68152,0
685,68152,0
686,68152,0
687,100000,300
688,68152,0
689,68152,0
690,68152,0
691,68152,0
692,68152,0
693,68152,0
694,68152,0
695,68152,0
696,100000,80
697,68152,0
698,68152,0
699,68152,0
700,68152,0
701,68152,0
702,68152,0
703,68152,0
704,100000,200
705,100000,550
706,68152,0
707,68152,0
708,68152,0
709,68152,0
710,68152,0
711,68152,0
712,68152,0
713,68152,0
714,100000,170
715,68152,0
716,68152,0
717,100000,200
718,68152,0
719,68152,0
720,68152,0
721,68152,0
722,68152,0
723,68152,0
724,68152,0
725,68152,0
726,100000,120
727,68152,0
728,68152,0
729,68152,0
730,68152,0
731,68152,0
732,100000,80
733,68152,0
734,68152,0
735,68152,0
736,100000,200
737,68152,0
738,68152,0
739,68152,0
740,68152,0
741,68152,0
742,100000,60
743,68152,0
744,68152,0
745,68152,0
746,68152,0
747,100000,100
748,100000,300
749,68152,0
750,68152,0
751,68152,0
752,68152,0
753,68152,0
754,68152,0
755,68152,0
756,68152,0
757,68152,0
758,68152,0
759,68152,0
760,68152,0
761,100000,30
762,100000,200
763,68152,0
764,68152,0
765,68152,0
766,68152,0
767,68152,0
768,68152,0
769,68152,0
770,68152,0
771,68152,0
772,100000,200
773,68152,0
774,68152,0
775,68152,0
776,68152,0
777,68152,0
778,68152,0
779,68152,0
780,68152,0
781,68152,0
782,100000,350
783,68152,0
784,100000,200
785,68152,0
786,68152,0
787,68152,0
788,68152,0
789,68152,0
790,68152,0
791,68152,0
792,100000,200
793,100000,120
794,100000,120
795,68152,0
796,68152,0
797,68152,0
798,68152,0
799,68152,0
800,68152,0
801,68152,0
802,68152,0
803,68152,0
804,68152,0
805,68152,0
806,68152,0
807,68152,0
808,68152,0
809,68152,0
810,68152,0
811,68152,0
812,68152,0
813,100000,80
814,68152,0
815,68152,0
816,68152,0
817,68152,0
818,100000,200
819,68152,0
820,68152,0
821,68152,0
822,68152,0
823,68152,0
824,68152,0
825,68152,0
826,68152,0
827,68152,0
828,68152,0
829,68152,0
830,68152,0
831,100000,200
832,68152,0
833,68152,0
834,100000,100
835,68152,0
836,68152,0
837,68152,0
838,68152,0
839,68152,0
840,68152,0
841,68152,0
842,68152,0
843,68152,0
844,68152,0
845,100000,200
846,68152,0
847,68152,0
848,68152,0
849,68152,0
850,68152,0
851,68152,0
852,68152,0
853,68152,0
854,100000,200
855,68152,0
856,68152,0
857,68152,0
858,68152,0
859,68152,0
860,100000,500
861,68152,0
862,68152,0
863,100000,600
864,68152,0
865,68152,0
866,68152,0
867,68152,0
868,68152,0
869,100000,30
870,68152,0
871,68152,0
872,68152,0
873,68152,0
874,68152,0
875,68152,0
876,100000,300
877,68152,0
878,68152,0
879,68152,0
880,68152,0
881,100000,250
882,68152,0
883,68152,0
884,68152,0
885,100000,200
886,100000,60
887,68152,0
888,68152,0
889,100000,200
890,100000,40
891,68152,0
892,68152,0
893,68152,0
894,100000,200
895,68152,0
896,100000,30
897,68152,0
898,100000,200
899,68152,0
900,68152,0
901,68152,0
902,68152,0
903,68152,0
904,68152,0
905,68152,0
906,100000,80
907,68152,0
908,68152,0
909,68152,0
910,100000,200
911,68152,0
912,68152,0
913,68152,0
914,68152,0
915,68152,0
916,100000,200
917,68152,0
918,68152,0
919,68152,0
920,100000,200
921,68152,0
922,68152,0
923,68152,0
924,68152,0
925,100000,160
926,68152,0
927,68152,0
928,68152,0
929,68152,0
930,68152,0
931,68152,0
932,100000,200
933,68152,0
934,68152,0
935,68152,0
936,68152,0
937,68152,0
938,100000,120
939,100000,200
940,68152,0
941,68152,0
942,100000,60
943,68152,0
944,68152,0
945,68152,0
946,68152,0
947,68152,0
948,68152,0
949,68152,0
950,68152,0
951,68152,0
952,100000,200
953,68152,0
954,68152,0
955,68152,0
956,68152,0
957,68152,0
958,68152,0
959,68152,0
960,100000,250
961,100000,200
962,68152,0
963,100000,80
964,68152,0
965,68152,0
966,68152,0
967,100000,160
968,68152,0
969,68152,0
970,68152,0
971,100000,120
972,68152,0
973,68152,0
974,100000,40
975,68152,0
976,68152,0
977,68152,0
978,68152,0
979,68152,0
980,68152,0
981,68152,0
982,68152,0
983,68152,0
984,68152,0
985,68152,0
986,68152,0
987,68152,0
988,68152,0
989,68152,0
990,68152,0
991,68152,0
992,68152,0
993,100000,200
994,68152,0
995,68152,0
996,68152,0
997,68152,0
998,68152,0
999,68152,0
1000,68152,0
1001,68152,0
1002,68152,0
1003,100000,120
1004,100000,200
1005,68152,0
1006,68152,0
1007,68152,0
1008,68152,0
1009,68152,0
1010,68152,0
1011,68152,0
1012,68152,0
1013,100000,200
1014,68152,0
1015,68152,0
1016,68152,0
1017,68152,0
1018,100000,80
1019,100000,200
1020,68152,0
1021,68152,0
1022,68152,0
1023,68152,0
1024,68152,0
1025,68152,0
1026,68152,0
1027,100000,40
1028,100000,200
1029,68152,0
1030,68152,0
1031,68152,0
1032,68152,0
1033,100000,200
1034,100000,40
1035,68152,0
1036,100000,50
1037,100000,200
1038,100000,60
1039,68152,0
1040,68152,0
1041,100000,200
1042,68152,0
1043,68152,0
1044,68152,0
1045,68152,0
1046,100000,60
1047,68152,0
1048,68152,0
1049,68152,0
1050,68152,0
1051,68152,0
1052,68152,0
1053,100000,80
1054,68152,0
1055,68152,0
1056,68152,0
1057,68152,0
1058,68152,0
1059,68152,0
1060,100000,40
1061,100000,100
1062,68152,0
1063,68152,0
1064,68152,0
1065,100000,300
1066,68152,0
1067,100000,50
1068,68152,0
1069,68152,0
1070,100000,150
1071,68152,0
1072,68152,0
1073,68152,0
1074,68152,0
1075,100000,200
1076,68152,0
1077,68152,0
1078,68152,0
1079,68152,0
1080,68152,0
1081,68152,0
1082,100000,200
1083,68152,0
1084,68152,0
1085,68152,0
1086,100000,50
1087,68152,0
1088,68152,0
1089,68152,0
1090,68152,0
1091,68152,0
1092,68152,0
1093,100000,200
1094,100000,200
1095,68152,0
1096,68152,0
1097,68152,0
1098,68152,0
1099,68152,0
1100,68152,0
1101,68152,0
1102,68152,0
1103,68152,0
1104,68152,0
1105,68152,0
1106,100000,120
1107,68152,0
1108,68152,0
1109,68152,0
1110,68152,0
1111,68152,0
1112,100000,40
1113,68152,0
1114,68152,0
1115,68152,0
1116,68152,0
1117,100000,60
1118,100000,50
1119,68152,0
1120,68152,0
1121,68152,0
1122,68152,0
1123,68152,0
1124,68152,0
1125,100000,450
1126,68152,0
1127,100000,200
1128,68152,0
1129,68152,0
1130,68152,0
1131,68152,0
1132,68152,0
1133,68152,0
1134,68152,0
1135,68152,0
1136,68152,0
1137,68152,0
1138,100000,200
1139,68152,0
1140,68152,0
1141,100000,200
1142,68152,0
1143,68152,0
1144,100000,80
1145,68152,0
1146,68152,0
1147,68152,0
1148,100000,200
1149,100000,200
1150,68152,0
1151,100000,80
1152,68152,0
1153,68152,0
1154,68152,0
1155,68152,0
1156,68152,0
1157,68152,0
1158,100000,200
1159,68152,0
1160,68152,0
1161,68152,0
1162,68152,0
1163,100000,40
1164,100000,170
1165,68152,0
1166,68152,0
1167,68152,0
1168,68152,0
1169,68152,0
1170,68152,0
1171,68152,0
1172,68152,0
1173,68152,0
1174,68152,0
1175,68152,0
1176,68152,0
1177,68152,0
1178,68152,0
1179,68152,0
1180,68152,0
1181,68152,0
1182,68152,0
1183,100000,200
1184,68152,0
1185,68152,0
1186,100000,200
1187,68152,0
1188,100000,380
1189,68152,0
1190,100000,250
1191,68152,0
1192,68152,0
1193,100000,40
1194,68152,0
1195,68152,0
1196,100000,200
1197,68152,0
1198,68152,0
1199,68152,0
1200,68152,0
1201,68152,0
1202,68152,0
1203,68152,0
1204,68152,0
1205,68152,0
1206,68152,0
1207,68152,0
1208,100000,200
1209,68152,0
1210,100000,120
1211,100000,200
1212,100000,200
1213,68152,0
1214,68152,0
1215,100000,200
1216,68152,0
1217,68152,0
1218,68152,0
1219,68152,0
1220,68152,0
1221,100000,200
1222,68152,0
1223,68152,0
1224,68152,0
1225,68152,0
1226,68152,0
1227,68152,0
1228,68152,0
1229,68152,0
1230,100000,150
1231,68152,0
1232,68152,0
1233,68152,0
1234,100000,200
1235,68152,0
1236,68152,0
1237,100000,200
1238,68152,0
1239,100000,200
1240,100000,200
1241,68152,0
1242,68152,0
1243,68152,0
1244,68152,0
1245,68152,0
1246,68152,0
1247,68152,0
1248,68152,0
1249,68152,0
1250,68152,0
1251,68152,0
1252,68152,0
1253,68152,0
1254,100000,30
1255,68152,0
1256,68152,0
1257,68152,0
1258,68152,0
1259,68152,0
1260,100000,40
1261,68152,0
1262,68152,0
1263,68152,0
1264,100000,200
1265,68152,0
1266,68152,0
1267,68152,0
1268,68152,0
1269,68152,0
1270,68152,0
1271,68152,0
1272,68152,0
1273,68152,0
1274,68152,0
1275,68152,0
1276,100000,200
1277,68152,0
1278,68152,0
1279,100000,200
1280,68152,0
1281,68152,0
1282,68152,0
1283,68152,0
1284,68152,0
1285,100000,80
1286,68152,0
1287,68152,0
1288,68152,0
1289,68152,0
1290,68152,0
1291,68152,0
1292,68152,0
1293,68152,0
1294,68152,0
1295,68152,0
1296,68152,0
1297,68152,0
1298,68152,0
1299,100000,450
1300,68152,0
1301,100000,500
1302,68152,0
1303,68152,0
1304,100000,100
1305,68152,0
1306,68152,0
1307,68152,0
1308,68152,0
1309,68152,0
1310,68152,0
1311,68152,0
1312,68152,0
1313,100000,100
1314,100000,40
1315,68152,0
1316,68152,0
1317,100000,200
1318,68152,0
1319,68152,0
1320,68152,0
1321,68152,0
1322,100000,120
1323,100000,200
1324,100000,200
1325,68152,0
1326,68152,0
1327,68152,0
1328,68152,0
1329,100000,200
1330,68152,0
1331,100000,200
1332,68152,0
1333,68152,0
1334,68152,0
1335,68152,0
1336,68152,0
1337,68152,0
1338,68152,0
1339,68152,0
1340,68152,0
1341,68152,0
1342,100000,250
1343,100000,240
1344,68152,0
1345,68152,0
1346,68152,0
1347,68152,0
1348,68152,0
1349,68152,0
1350,68152,0
1351,100000,100
1352,68152,0
1353,100000,150
1354,68152,0
1355,100000,700
1356,68152,0
1357,68152,0
1358,100000,200
1359,68152,0
1360,68152,0
1361,68152,0
1362,68152,0
1363,68152,0
1364,68152,0
1365,100000,200
1366,68152,0
1367,68152,0
1368,100000,30
1369,68152,0
1370,100000,150
1371,100000,30
1372,68152,0
1373,68152,0
1374,68152,0
1375,68152,0
1376,68152,0
1377,68152,0
1378,100000,200
1379,68152,0
1380,68152,0
1381,68152,0
1382,100000,120
1383,68152,0
1384,100000,150
1385,68152,0
1386,68152,0
1387,68152,0
1388,100000,60
1389,68152,0
1390,68152,0
1391,68152,0
1392,100000,100
1393,100000,280
1394,68152,0
1395,68152,0
1396,68152,0
1397,68152,0
1398,68152,0
1399,68152,0
1400,100000,30
1401,68152,0
1402,68152,0
1403,68152,0
1404,68152,0
1405,68152,0
1406,68152,0
1407,68152,0
1408,100000,30
1409,68152,0
1410,100000,400
1411,100000,120
1412,68152,0
1413,68152,0
1414,68152,0
1415,68152,0
1416,100000,200
1417,68152,0
1418,68152,0
1419,68152,0
1420,68152,0
1421,68152,0
1422,100000,200
1423,68152,0
1424,100000,50
1425,68152,0
1426,100000,300
1427,100000,200
1428,68152,0
1429,68152,0
1430,68152,0
1431,100000,200
1432,68152,0
1433,68152,0
1434,68152,0
1435,68152,0
1436,68152,0
1437,100000,110
1438,68152,0
1439,68152,0
1440,68152,0
1441,100000,80
1442,68152,0
1443,68152,0
1444,100000,200
1445,68152,0
1446,68152,0
1447,68152,0
1448,100000,200
1449,68152,0
1450,68152,0
1451,68152,0
1452,68152,0
1453,68152,0
1454,68152,0
1455,68152,0
1456,68152,0
1457,68152,0
1458,68152,0
1459,100000,200
1460,68152,0
1461,68152,0
1462,100000,200
1463,68152,0
1464,68152,0
1465,68152,0
1466,68152,0
1467,68152,0
1468,68152,0
1469,100000,250
1470,68152,0
1471,68152,0
1472,68152,0
1473,68152,0
1474,68152,0
1475,68152,0
1476,68152,0
1477,68152,0
1478,100000,80
1479,68152,0
1480,68152,0
1481,68152,0
1482,68152,0
1483,68152,0
1484,68152,0
1485,100000,120
1486,68152,0
1487,68152,0
1488,68152,0
1489,68152,0
1490,68152,0
1491,100000,120
1492,68152,0
1493,68152,0
1494,68152,0
1495,100000,170
1496,68152,0
1497,68152,0
1498,68152,0
1499,68152,0
1500,68152,0
1501,68152,0
1502,68152,0
1503,68152,0
1504,68152,0
1505,100000,80
1506,68152,0
1507,68152,0
1508,100000,80
1509,68152,0
1510,68152,0
1511,68152,0
1512,68152,0
1513,68152,0
1514,100000,30
1515,68152,0
1516,68152,0
1517,68152,0
1518,68152,0
1519,68152,0
1520,100000,160
1521,68152,0
1522,68152,0
1523,68152,0
1524,68152,0
1525,68152,0
1526,68152,0
1527,68152,0
1528,68152,0
1529,68152,0
1530,68152,0
1531,68152,0
1532,100000,200
1533,68152,0
1534,68152,0
1535,100000,200
1536,68152,0
1537,100000,40
1538,68152,0
1539,100000,160
1540,68152,0
1541,100000,200
1542,100000,80
1543,68152,0
1544,68152,0
1545,68152,0
1546,68152,0
1547,68152,0
1548,100000,80
1549,68152,0
1550,100000,500
1551,100000,200
1552,100000,420
1553,100000,80
1554,68152,0
1555,68152,0
1556,100000,60
1557,100000,330
1558,68152,0
1559,68152,0
1560,68152,0
1561,100000,50
1562,68152,0
1563,68152,0
1564,68152,0
1565,100000,30
1566,68152,0
1567,68152,0
1568,100000,60
1569,68152,0
1570,68152,0
1571,68152,0
1572,68152,0
1573,68152,0
1574,68152,0
1575,68152,0
1576,68152,0
1577,68152,0
1578,100000,30
1579,100000,200
1580,68152,0
1581,68152,0
1582,68152,0
1583,68152,0
1584,68152,0
1585,68152,0
1586,68152,0
1587,100000,40
1588,68152,0
1589,68152,0
1590,100000,80
1591,68152,0
1592,68152,0
1593,100000,50
1594,68152,0
1595,68152,0
1596,68152,0
1597,68152,0
1598,68152,0
1599,68152,0
1600,68152,0
1601,68152,0
1602,68152,0
1603,68152,0
1604,68152,0
1605,68152,0
1606,100000,170
1607,68152,0
1608,100000,200
1609,68152,0
1610,68152,0
1611,68152,0
1612,68152,0
1613,68152,0
1614,68152,0
1615,68152,0
1616,68152,0
1617,68152,0
1618,68152,0
1619,68152,0
1620,68152,0
1621,100000,120
1622,68152,0
1623,68152,0
1624,68152,0
1625,100000,450
1626,68152,0
1627,68152,0
1628,68152,0
1629,68152,0
1630,68152,0
1631,68152,0
1632,68152,0
1633,68152,0
1634,68152,0
1635,68152,0
1636,100000,250
1637,100000,250
1638,68152,0
1639,68152,0
1640,68152,0
1641,68152,0
1642,68152,0
1643,68152,0
1644,68152,0
1645,68152,0
1646,68152,0
1647,68152,0
1648,68152,0
1649,68152,0
1650,68152,0
1651,68152,0
1652,68152,0
1653,68152,0
1654,100000,50
1655,100000,80
1656,100000,200
1657,68152,0
1658,68152,0
1659,100000,300
1660,100000,200
1661,100000,200
1662,68152,0
1663,68152,0
1664,68152,0
1665,68152,0
1666,68152,0
1667,68152,0
1668,68152,0
1669,68152,0
1670,68152,0
1671,68152,0
1672,68152,0
1673,68152,0
1674,68152,0
1675,68152,0
1676,68152,0
1677,68152,0
1678,68152,0
1679,68152,0
1680,68152,0
1681,68152,0
1682,68152,0
1683,68152,0
1684,68152,0
1685,68152,0
1686,68152,0
1687,100000,40
1688,68152,0
1689,68152,0
1690,68152,0
1691,68152,0
1692,68152,0
1693,68152,0
1694,68152,0
1695,68152,0
1696,100000,60
1697,68152,0
1698,68152,0
1699,68152,0
1700,68152,0
1701,68152,0
1702,68152,0
1703,68152,0
1704,68152,0
1705,68152,0
1706,68152,0
1707,68152,0
1708,68152,0
1709,68152,0
1710,68152,0
1711,68152,0
1712,68152,0
1713,68152,0
1714,68152,0
1715,100000,200
1716,100000,50
1717,68152,0
1718,68152,0
1719,68152,0
1720,100000,50
1721,68152,0
1722,68152,0
1723,68152,0
1724,68152,0
1725,68152,0
1726,68152,0
1727,68152,0
1728,68152,0
1729,68152,0
1730,68152,0
1731,68152,0
1732,68152,0
1733,100000,160
1734,100000,60
1735,68152,0
1736,68152,0
1737,68152,0
1738,68152,0
1739,68152,0
1740,68152,0
1741,100000,200
1742,100000,200
1743,100000,300
1744,68152,0
1745,68152,0
1746,68152,0
1747,68152,0
1748,68152,0
1749,68152,0
1750,100000,400
1751,68152,0
1752,100000,50
1753,68152,0
1754,68152,0
1755,100000,200
1756,68152,0
1757,68152,0
1758,68152,0
1759,68152,0
1760,68152,0
1761,100000,80
1762,68152,0
1763,68152,0
1764,100000,200
1765,68152,0
1766,68152,0
1767,68152,0
1768,68152,0
1769,68152,0
1770,68152,0
1771,68152,0
1772,100000,60
1773,100000,200
1774,68152,0
1775,68152,0
1776,68152,0
1777,100000,200
1778,100000,200
1779,68152,0
1780,68152,0
1781,100000,200
1782,100000,40
1783,100000,120
1784,100000,200
1785,68152,0
1786,68152,0
1787,100000,240
1788,68152,0
1789,68152,0
1790,68152,0
1791,100000,200
1792,100000,40
1793,68152,0
1794,68152,0
1795,68152,0
1796,68152,0
1797,68152,0
1798,68152,0
1799,68152,0
1800,68152,0
1801,68152,0
1802,100000,200
1803,68152,0
1804,68152,0
1805,100000,50
1806,68152,0
1807,100000,260
1808,68152,0
1809,68152,0
1810,68152,0
1811,68152,0
1812,68152,0
1813,68152,0
1814,100000,80
1815,68152,0
1816,100000,40
1817,68152,0
1818,68152,0
1819,100000,120
1820,68152,0
1821,100000,60
1822,68152,0
1823,68152,0
1824,68152,0
1825,68152,0
1826,68152,0
1827,68152,0
1828,68152,0
1829,68152,0
1830,68152,0
1831,68152,0
1832,100000,200
1833,68152,0
1834,68152,0
1835,100000,80
1836,68152,0
1837,68152,0
1838,68152,0
1839,68152,0
1840,68152,0
1841,68152,0
1842,68152,0
1843,68152,0
1844,68152,0
1845,68152,0
1846,68152,0
1847,100000,50
1848,100000,40
1849,68152,0
1850,68152,0
1851,68152,0
1852,68152,0
1853,100000,110
1854,68152,0
1855,68152,0
1856,68152,0
1857,68152,0
1858,100000,200
1859,100000,200
1860,68152,0
1861,68152,0
1862,68152,0
1863,68152,0
1864,68152,0
1865,68152,0
1866,68152,0
1867,68152,0
1868,68152,0
1869,68152,0
1870,100000,350
1871,100000,160
1872,68152,0
1873,68152,0
1874,68152,0
1875,100000,500
1876,100000,450
1877,100000,200
1878,68152,0
1879,68152,0
1880,100000,200
1881,68152,0
1882,100000,160
1883,68152,0
1884,68152,0
1885,68152,0
1886,68152,0
1887,68152,0
1888,100000,300
1889,100000,40
1890,68152,0
1891,100000,200
1892,100000,200
1893,68152,0
1894,68152,0
1895,100000,280
1896,68152,0
1897,68152,0
1898,68152,0
1899,100000,200
1900,68152,0
1901,68152,0
1902,68152,0
1903,68152,0
1904,100000,50
1905,100000,500
1906,68152,0
1907,100000,200
1908,68152,0
1909,68152,0
1910,68152,0
1911,68152,0
1912,100000,200
1913,68152,0
1914,100000,60
1915,68152,0
1916,68152,0
1917,68152,0
1918,68152,0
1919,68152,0
1920,68152,0
1921,68152,0
1922,68152,0
1923,100000,200
1924,68152,0
1925,68152,0
1926,68152,0
1927,68152,0
1928,68152,0
1929,68152,0
1930,68152,0
1931,68152,0
1932,68152,0
1933,100000,200
1934,68152,0
1935,68152,0
1936,68152,0
1937,100000,320
1938,100000,110
1939,68152,0
1940,68152,0
1941,68152,0
1942,68152,0
1943,68152,0
1944,68152,0
1945,68152,0
1946,68152,0
1947,68152,0
1948,68152,0
1949,100000,80
1950,100000,200
1951,68152,0
1952,100000,80
1953,68152,0
1954,68152,0
1955,68152,0
1956,68152,0
1957,68152,0
1958,100000,300
1959,68152,0
1960,68152,0
1961,68152,0
1962,68152,0
1963,68152,0
1964,68152,0
1965,100000,120
1966,68152,0
1967,68152,0
1968,68152,0
1969,68152,0
1970,68152,0
1971,68152,0
1972,68152,0
1973,100000,400
1974,100000,600
1975,68152,0
1976,68152,0
1977,68152,0
1978,68152,0
1979,68152,0
1980,68152,0
1981,68152,0
1982,68152,0
1983,68152,0
1984,68152,0
1985,68152,0
1986,68152,0
1987,68152,0
1988,68152,0
1989,68152,0
1990,68152,0
1991,68152,0
1992,68152,0
1993,68152,0
1994,68152,0
1995,68152,0
1996,68152,0
1997,68152,0
1998,68152,0
1999,68152,0
2000,68152,0
2001,68152,0
2002,68152,0
2003,68152,0
2004,68152,0
2005,68152,0
2006,68152,0
2007,68152,0
2008,68152,0
2009,68152,0
2010,68152,0
2011,68152,0
2012,100000,200
2013,100000,200
2014,68152,0
2015,68152,0
2016,68152,0
2017,68152,0
2018,68152,0
2019,100000,170
2020,68152,0
2021,68152,0
2022,68152,0
2023,68152,0
2024,68152,0
2025,68152,0
2026,68152,0
2027,68152,0
2028,68152,0
2029,100000,680
2030,68152,0
2031,68152,0
2032,68152,0
2033,68152,0
2034,100000,200
2035,68152,0
2036,68152,0
2037,68152,0
2038,68152,0
2039,68152,0
2040,68152,0
2041,68152,0
2042,100000,50
2043,68152,0
2044,68152,0
2045,68152,0
2046,100000,580
2047,68152,0
2048,100000,240
2049,68152,0
2050,68152,0
2051,68152,0
2052,68152,0
2053,68152,0
2054,68152,0
2055,100000,70
2056,100000,60
2057,68152,0
2058,68152,0
2059,68152,0
2060,68152,0
2061,68152,0
2062,68152,0
2063,68152,0
2064,100000,60
2065,68152,0
2066,68152,0
2067,68152,0
2068,68152,0
2069,68152,0
2070,68152,0
2071,68152,0
2072,68152,0
2073,68152,0
2074,68152,0
2075,68152,0
2076,68152,0
2077,100000,150
2078,68152,0
2079,100000,200
2080,100000,80
2081,68152,0
2082,68152,0
2083,68152,0
2084,68152,0
2085,68152,0
2086,68152,0
2087,68152,0
2088,68152,0
2089,68152,0
2090,68152,0
2091,68152,0
2092,68152,0
2093,68152,0
2094,100000,240
2095,68152,0
2096,68152,0
2097,68152,0
2098,68152,0
2099,68152,0
2100,68152,0
2101,100000,200
2102,68152,0
2103,68152,0
2104,100000,200
2105,100000,200
2106,100000,200
2107,68152,0
2108,68152,0
2109,68152,0
2110,68152,0
2111,100000,60
2112,68152,0
2113,68152,0
2114,68152,0
2115,68152,0
2116,100000,200
2117,68152,0
2118,68152,0
2119,100000,200
2120,68152,0
2121,68152,0
2122,68152,0
2123,100000,160
2124,68152,0
2125,100000,200
2126,100000,60
2127,68152,0
2128,68152,0
2129,68152,0
2130,68152,0
2131,68152,0
2132,68152,0
2133,100000,50
2134,68152,0
2135,100000,850
2136,68152,0
2137,68152,0
2138,68152,0
2139,68152,0
2140,68152,0
2141,68152,0
2142,68152,0
2143,68152,0
2144,100000,200
2145,68152,0
2146,68152,0
2147,100000,200
2148,68152,0
2149,68152,0
2150,100000,200
2151,100000,50
2152,100000,50
2153,68152,0
2154,68152,0
2155,100000,200
2156,68152,0
2157,100000,800
2158,68152,0
2159,68152,0
2160,100000,120
2161,68152,0
2162,68152,0
2163,68152,0
2164,68152,0
2165,68152,0
2166,68152,0
2167,68152,0
2168,68152,0
2169,68152,0
2170,100000,200
2171,100000,200
2172,100000,200
2173,68152,0
2174,100000,300
2175,68152,0
2176,68152,0
2177,68152,0
2178,68152,0
2179,68152,0
2180,68152,0
2181,68152,0
2182,100000,200
2183,68152,0
2184,68152,0
2185,68152,0
2186,68152,0
2187,100000,40
2188,68152,0
2189,68152,0
2190,68152,0
2191,68152,0
2192,68152,0
2193,68152,0
2194,68152,0
2195,68152,0
2196,68152,0
2197,68152,0
2198,68152,0
2199,100000,240
2200,68152,0
2201,68152,0
2202,100000,280
2203,68152,0
2204,68152,0
2205,68152,0
2206,68152,0
2207,68152,0
2208,68152,0
2209,100000,160
2210,68152,0
2211,68152,0
2212,100000,200
2213,100000,60
2214,68152,0
2215,68152,0
2216,68152,0
2217,68152,0
2218,68152,0
2219,68152,0
2220,68152,0
2221,100000,120
2222,68152,0
2223,68152,0
2224,68152,0
2225,68152,0
2226,68152,0
2227,68152,0
2228,68152,0
2229,68152,0
2230,100000,200
2231,100000,280
2232,68152,0
2233,68152,0
2234,68152,0
2235,100000,80
2236,68152,0
2237,68152,0
2238,68152,0
2239,68152,0
2240,68152,0
2241,68152,0
2242,68152,0
2243,68152,0
2244,68152,0
2245,68152,0
2246,68152,0
2247,68152,0
2248,68152,0
2249,68152,0
2250,68152,0
2251,68152,0
2252,68152,0
2253,68152,0
2254,68152,0
2255,68152,0
2256,68152,0
2257,100000,200
2258,100000,160
2259,100000,40
2260,68152,0
2261,68152,0
2262,68152,0
2263,100000,160
2264,68152,0
2265,68152,0
2266,100000,150
2267,68152,0
2268,68152,0
2269,68152,0
2270,68152,0
2271,68152,0
2272,100000,100
2273,68152,0
2274,68152,0
2275,100000,600
2276,68152,0
2277,68152,0
2278,68152,0
2279,68152,0
2280,68152,0
2281,68152,0
2282,68152,0
2283,68152,0
2284,68152,0
2285,68152,0
2286,68152,0
2287,68152,0
2288,68152,0
2289,100000,200
2290,68152,0
2291,68152,0
2292,68152,0
2293,68152,0
2294,68152,0
2295,68152,0
2296,100000,80
2297,68152,0
2298,68152,0
2299,68152,0
2300,68152,0
2301,100000,30
2302,68152,0
2303,68152,0
2304,100000,200
2305,100000,160
2306,68152,0
2307,100000,200
2308,68152,0
2309,68152,0
2310,68152,0
2311,68152,0
2312,68152,0
2313,68152,0
2314,68152,0
2315,68152,0
2316,68152,0
2317,68152,0
2318,68152,0
2319,100000,200
2320,68152,0
2321,68152,0
2322,100000,200
2323,68152,0
2324,68152,0
2325,68152,0
2326,68152,0
2327,68152,0
2328,68152,0
2329,68152,0
2330,68152,0
2331,68152,0
2332,68152,0
2333,68152,0
2334,68152,0
2335,68152,0
2336,68152,0
2337,68152,0
2338,68152,0
2339,68152,0
2340,68152,0
2341,68152,0
2342,68152,0
2343,68152,0
2344,100000,120
2345,68152,0
2346,68152,0
2347,68152,0
2348,100000,200
2349,68152,0
2350,68152,0
2351,68152,0
2352,100000,200
2353,68152,0
2354,68152,0
2355,68152,0
2356,68152,0
2357,68152,0
2358,68152,0
2359,68152,0
2360,68152,0
2361,68152,0
2362,68152,0
2363,68152,0
2364,68152,0
2365,68152,0
2366,68152,0
2367,100000,200
2368,68152,0
2369,68152,0
2370,68152,0
2371,68152,0
2372,100000,200
2373,100000,200
2374,100000,60
2375,68152,0
2376,68152,0
2377,68152,0
2378,68152,0
2379,68152,0
2380,68152,0
2381,68152,0
2382,68152,0
2383,68152,0
2384,68152,0
2385,68152,0
2386,68152,0
2387,68152,0
2388,68152,0
2389,100000,80
2390,100000,100
2391,68152,0
2392,100000,200
2393,68152,0
2394,68152,0
2395,100000,60
2396,68152,0
2397,68152,0
2398,100000,200
2399,68152,0
2400,68152,0
2401,68152,0
2402,100000,80
2403,68152,0
2404,68152,0
2405,68152,0
2406,68152,0
2407,68152,0
2408,68152,0
2409,68152,0
2410,68152,0
2411,68152,0
2412,68152,0
2413,68152,0
2414,100000,40
2415,68152,0
2416,100000,40
2417,68152,0
2418,68152,0
2419,68152,0
2420,68152,0
2421,68152,0
2422,68152,0
2423,100000,200
2424,68152,0
2425,100000,200
2426,100000,40
2427,68152,0
2428,68152,0
2429,68152,0
2430,68152,0
2431,68152,0
2432,68152,0
2433,68152,0
2434,68152,0
2435,68152,0
2436,68152,0
2437,100000,80
2438,68152,0
2439,100000,220
2440,68152,0
2441,68152,0
2442,100000,300
2443,68152,0
2444,68152,0
2445,100000,200
2446,68152,0
2447,100000,40
2448,68152,0
2449,100000,200
2450,68152,0
2451,68152,0
2452,68152,0
2453,68152,0
2454,100000,200
2455,100000,50
2456,68152,0
2457,68152,0
2458,100000,200
2459,68152,0
2460,68152,0
2461,68152,0
2462,68152,0
2463,68152,0
2464,68152,0
2465,68152,0
2466,68152,0
2467,68152,0
2468,68152,0
2469,68152,0
2470,100000,200
2471,68152,0
2472,68152,0
2473,100000,200
2474,68152,0
2475,68152,0
2476,100000,200
2477,68152,0
2478,68152,0
2479,68152,0
2480,68152,0
2481,68152,0
2482,68152,0
2483,68152,0
2484,100000,250
2485,68152,0
2486,68152,0
2487,68152,0
2488,100000,40
2489,68152,0
2490,68152,0
2491,68152,0
2492,68152,0
2493,100000,150
2494,68152,0
2495,68152,0
2496,68152,0
2497,68152,0
2498,68152,0
2499,68152,0
2500,68152,0
2501,68152,0
2502,68152,0
2503,68152,0
2504,68152,0
2505,68152,0
2506,100000,50
2507,68152,0
2508,68152,0
2509,68152,0
2510,68152,0
2511,68152,0
2512,68152,0
2513,100000,200
2514,68152,0
2515,68152,0
2516,68152,0
2517,68152,0
2518,68152,0
2519,68152,0
2520,68152,0
2521,68152,0
2522,68152,0
2523,68152,0
2524,68152,0
2525,68152,0
2526,68152,0
2527,68152,0
2528,100000,200
2529,68152,0
2530,68152,0
2531,68152,0
2532,68152,0
2533,68152,0
2534,68152,0
2535,68152,0
2536,68152,0
2537,68152,0
2538,68152,0
2539,68152,0
2540,68152,0
2541,68152,0
2542,68152,0
2543,68152,0
2544,100000,200
2545,100000,200
2546,68152,0
2547,100000,200
2548,68152,0
2549,68152,0
2550,68152,0
2551,68152,0
2552,68152,0
2553,68152,0
2554,68152,0
2555,68152,0
2556,68152,0
2557,100000,200
2558,100000,80
2559,68152,0
2560,68152,0
2561,100000,300
2562,100000,200
2563,68152,0
2564,68152,0
2565,68152,0
2566,68152,0
2567,68152,0
2568,68152,0
2569,68152,0
2570,68152,0
2571,68152,0
2572,68152,0
2573,68152,0
2574,68152,0
2575,68152,0
2576,100000,200
2577,100000,100
2578,68152,0
2579,68152,0
2580,68152,0
2581,68152,0
2582,100000,200
2583,68152,0
2584,68152,0
2585,68152,0
2586,68152,0
2587,68152,0
2588,68152,0
2589,68152,0
2590,100000,100
2591,68152,0
2592,68152,0
2593,68152,0
2594,68152,0
2595,68152,0
2596,68152,0
2597,68152,0
2598,68152,0
2599,68152,0
2600,68152,0
2601,68152,0
2602,68152,0
2603,68152,0
2604,68152,0
2605,68152,0
2606,68152,0
2607,68152,0
2608,68152,0
2609,68152,0
2610,68152,0
2611,100000,200
2612,68152,0
2613,68152,0
2614,100000,80
2615,100000,50
2616,68152,0
2617,68152,0
2618,68152,0
2619,68152,0
2620,100000,200
2621,68152,0
2622,68152,0
2623,68152,0
2624,68152,0
2625,100000,200
2626,68152,0
2627,100000,200
2628,68152,0
2629,100000,300
2630,100000,200
2631,68152,0
2632,68152,0
2633,68152,0
2634,100000,200
2635,68152,0
2636,100000,200
2637,100000,160
2638,100000,200
2639,68152,0
2640,68152,0
2641,68152,0
2642,100000,200
2643,68152,0
2644,100000,200
2645,68152,0
2646,68152,0
2647,100000,200
2648,68152,0
2649,68152,0
2650,68152,0
2651,100000,160
2652,68152,0
2653,68152,0
2654,68152,0
2655,68152,0
2656,68152,0
2657,100000,280
2658,100000,200
2659,68152,0
2660,68152,0
2661,68152,0
2662,68152,0
2663,68152,0
2664,100000,320
2665,68152,0
2666,68152,0
2667,100000,160
2668,68152,0
2669,68152,0
2670,68152,0
2671,100000,120
2672,68152,0
2673,100000,40
2674,68152,0
2675,68152,0
2676,68152,0
2677,68152,0
2678,68152,0
2679,68152,0
2680,68152,0
2681,68152,0
2682,100000,200
2683,68152,0
2684,100000,200
2685,68152,0
2686,68152,0
2687,100000,200
2688,68152,0
2689,68152,0
2690,68152,0
2691,68152,0
2692,100000,150
2693,68152,0
2694,68152,0
2695,68152,0
2696,68152,0
2697,68152,0
2698,100000,50
2699,100000,60
2700,68152,0
2701,68152,0
2702,68152,0
2703,68152,0
2704,68152,0
2705,68152,0
2706,68152,0
2707,68152,0
2708,68152,0
2709,68152,0
2710,100000,200
2711,100000,200
2712,100000,200
2713,100000,200
2714,100000,280
2715,68152,0
2716,68152,0
2717,100000,200
2718,68152,0
2719,68152,0
2720,68152,0
2721,68152,0
2722,68152,0
2723,68152,0
2724,100000,200
2725,68152,0
2726,68152,0
2727,68152,0
2728,68152,0
2729,68152,0
2730,68152,0
2731,68152,0
2732,100000,80
2733,68152,0
2734,68152,0
2735,68152,0
2736,100000,200
2737,68152,0
2738,68152,0
2739,68152,0
2740,68152,0
2741,68152,0
2742,68152,0
2743,68152,0
2744,100000,80
2745,68152,0
2746,68152,0
2747,68152,0
2748,68152,0
2749,68152,0
2750,68152,0
2751,68152,0
2752,100000,200
2753,68152,0
2754,68152,0
2755,68152,0
2756,68152,0
2757,100000,30
2758,100000,200
2759,68152,0
2760,68152,0
2761,68152,0
2762,68152,0
2763,68152,0
2764,68152,0
2765,68152,0
2766,68152,0
2767,68152,0
2768,68152,0
2769,68152,0
2770,68152,0
2771,68152,0
2772,68152,0
2773,68152,0
2774,68152,0
2775,100000,200
2776,68152,0
2777,100000,200
2778,68152,0
2779,100000,50
2780,68152,0
2781,68152,0
2782,68152,0
2783,68152,0
2784,68152,0
2785,100000,40
2786,68152,0
2787,100000,220
2788,68152,0
2789,68152,0
2790,68152,0
2791,68152,0
2792,68152,0
2793,68152,0
2794,68152,0
2795,68152,0
2796,68152,0
2797,68152,0
2798,100000,80
2799,100000,200
2800,68152,0
2801,100000,200
2802,100000,50
2803,68152,0
2804,68152,0
2805,68152,0
2806,100000,200
2807,68152,0
2808,100000,150
2809,68152,0
2810,100000,200
2811,68152,0
2812,68152,0
2813,68152,0
2814,68152,0
2815,68152,0
2816,68152,0
2817,68152,0
2818,100000,200
2819,68152,0
2820,68152,0
2821,68152,0
2822,68152,0
2823,68152,0
2824,68152,0
2825,68152,0
2826,68152,0
2827,100000,40
2828,68152,0
2829,68152,0
2830,68152,0
2831,68152,0
2832,68152,0
2833,68152,0
2834,68152,0
2835,68152,0
2836,68152,0
2837,68152,0
2838,68152,0
2839,100000,500
2840,100000,80
2841,68152,0
2842,68152,0
2843,68152,0
2844,68152,0
2845,68152,0
2846,68152,0
2847,68152,0
2848,68152,0
2849,100000,120
2850,68152,0
2851,68152,0
2852,68152,0
2853,100000,80
2854,68152,0
2855,68152,0
2856,68152,0
2857,68152,0
2858,68152,0
2859,100000,30
2860,68152,0
2861,68152,0
2862,68152,0
2863,68152,0
2864,68152,0
2865,100000,30
2866,100000,50
2867,68152,0
2868,68152,0
2869,68152,0
2870,100000,80
2871,68152,0
2872,68152,0
2873,68152,0
2874,68152,0
2875,68152,0
2876,68152,0
2877,68152,0
2878,68152,0
2879,68152,0
2880,68152,0
2881,68152,0
2882,68152,0
2883,100000,60
2884,100000,200
2885,68152,0
2886,68152,0
2887,100000,290
2888,68152,0
2889,68152,0
2890,68152,0
2891,68152,0
2892,68152,0
2893,68152,0
2894,100000,40
2895,68152,0
2896,68152,0
2897,68152,0
2898,68152,0
2899,100000,80
2900,100000,500
2901,68152,0
2902,68152,0
2903,68152,0
2904,68152,0
2905,68152,0
2906,100000,80
2907,68152,0
2908,68152,0
2909,68152,0
2910,100000,120
2911,68152,0
2912,68152,0
2913,68152,0
2914,68152,0
2915,68152,0
2916,68152,0
2917,68152,0
2918,68152,0
2919,68152,0
2920,100000,80
2921,68152,0
2922,68152,0
2923,68152,0
2924,68152,0
2925,68152,0
2926,68152,0
2927,68152,0
2928,100000,240
2929,68152,0
2930,68152,0
2931,68152,0
2932,68152,0
2933,68152,0
2934,68152,0
2935,68152,0
2936,68152,0
2937,68152,0
2938,68152,0
2939,68152,0
2940,100000,200
2941,68152,0
2942,68152,0
2943,68152,0
2944,100000,100
2945,68152,0
2946,100000,200
2947,68152,0
2948,68152,0
2949,100000,200
2950,100000,60
2951,68152,0
2952,68152,0
2953,68152,0
2954,68152,0
2955,68152,0
2956,68152,0
2957,68152,0
2958,68152,0
2959,68152,0
2960,68152,0
2961,68152,0
2962,100000,200
2963,68152,0
2964,68152,0
2965,68152,0
2966,100000,200
2967,100000,40
2968,100000,200
2969,68152,0
2970,100000,50
2971,68152,0
2972,68152,0
2973,68152,0
2974,68152,0
2975,68152,0
2976,68152,0
2977,100000,40
2978,100000,60
2979,68152,0
2980,68152,0
2981,68152,0
2982,100000,150
2983,68152,0
2984,68152,0
2985,68152,0
2986,68152,0
2987,68152,0
2988,68152,0
2989,100000,40
2990,100000,350
2991,68152,0
2992,68152,0
2993,68152,0
2994,68152,0
2995,68152,0
2996,68152,0
2997,68152,0
2998,68152,0
2999,100000,200
3000,68152,0
3001,68152,0
3002,100000,200
3003,68152,0
3004,68152,0
3005,68152,0
3006,68152,0
3007,68152,0
3008,100000,80
3009,100000,200
3010,100000,50
3011,68152,0
3012,68152,0
3013,68152,0
3014,68152,0
3015,68152,0
3016,68152,0
3017,100000,200
3018,100000,30
3019,68152,0
3020,68152,0
3021,68152,0
3022,100000,140
3023,100000,30
3024,68152,0
3025,100000,200
3026,68152,0
3027,68152,0
3028,68152,0
3029,68152,0
3030,68152,0
3031,100000,200
3032,68152,0
3033,100000,60
3034,68152,0
3035,68152,0
3036,100000,200
3037,68152,0
3038,68152,0
3039,68152,0
3040,68152,0
3041,68152,0
3042,100000,50
3043,68152,0
3044,68152,0
3045,68152,0
3046,68152,0
3047,68152,0
3048,68152,0
3049,68152,0
3050,68152,0
3051,100000,200
3052,68152,0
3053,100000,200
3054,100000,50
3055,68152,0
3056,68152,0
3057,68152,0
3058,68152,0
3059,68152,0
3060,68152,0
3061,100000,200
3062,100000,200
3063,68152,0
3064,68152,0
3065,100000,200
3066,68152,0
3067,68152,0
3068,68152,0
3069,68152,0
3070,68152,0
3071,68152,0
3072,68152,0
3073,68152,0
3074,68152,0
3075,68152,0
3076,68152,0
3077,68152,0
3078,68152,0
3079,68152,0
3080,68152,0
3081,68152,0
3082,68152,0
3083,68152,0
3084,68152,0
3085,100000,120
3086,68152,0
3087,68152,0
3088,68152,0
3089,100000,30
3090,68152,0
3091,68152,0
3092,100000,200
3093,100000,30
3094,68152,0
3095,68152,0
3096,100000,240
3097,68152,0
3098,68152,0
3099,68152,0
3100,68152,0
3101,68152,0
3102,68152,0
3103,68152,0
3104,68152,0
3105,68152,0
3106,68152,0
3107,68152,0
3108,68152,0
3109,68152,0
3110,68152,0
3111,100000,200
3112,68152,0
3113,68152,0
3114,100000,400
3115,68152,0
3116,68152,0
3117,68152,0
3118,68152,0
3119,100000,80
3120,68152,0
3121,68152,0
3122,68152,0
3123,68152,0
3124,68152,0
3125,68152,0
3126,68152,0
3127,68152,0
3128,100000,50
3129,68152,0
3130,68152,0
3131,68152,0
3132,68152,0
3133,68152,0
3134,68152,0
3135,68152,0
3136,68152,0
3137,68152,0
3138,68152,0
3139,68152,0
3140,68152,0
3141,68152,0
3142,68152,0
3143,100000,160
3144,68152,0
3145,68152,0
3146,68152,0
3147,68152,0
3148,68152,0
3149,100000,200
3150,68152,0
3151,68152,0
3152,68152,0
3153,68152,0
3154,68152,0
3155,68152,0
3156,100000,60
3157,68152,0
3158,68152,0
3159,68152,0
3160,100000,300
3161,68152,0
3162,68152,0
3163,68152,0
3164,100000,350
3165,68152,0
3166,68152,0
3167,100000,200
3168,68152,0
3169,68152,0
3170,100000,120
3171,68152,0
3172,68152,0
3173,68152,0
3174,68152,0
3175,68152,0
3176,68152,0
3177,100000,200
3178,68152,0
3179,100000,200
3180,68152,0
3181,68152,0
3182,68152,0
3183,68152,0
3184,68152,0
3185,68152,0
3186,68152,0
3187,100000,420
3188,68152,0
3189,68152,0
3190,68152,0
3191,68152,0
3192,68152,0
3193,100000,60
3194,68152,0
3195,68152,0
3196,68152,0
3197,68152,0
3198,100000,60
3199,100000,120
3200,68152,0
3201,68152,0
3202,68152,0
3203,68152,0
3204,68152,0
3205,68152,0
3206,68152,0
3207,68152,0
3208,68152,0
3209,68152,0
3210,100000,120
3211,68152,0
3212,68152,0
3213,68152,0
3214,68152,0
3215,68152,0
3216,100000,80
3217,68152,0
3218,100000,120
3219,100000,200
3220,68152,0
3221,68152,0
3222,100000,60
3223,68152,0
3224,68152,0
3225,68152,0
3226,68152,0
3227,68152,0
3228,68152,0
3229,68152,0
3230,100000,50
3231,68152,0
3232,68152,0
3233,68152,0
3234,68152,0
3235,68152,0
3236,100000,200
3237,100000,200
3238,68152,0
3239,68152,0
3240,100000,60
3241,68152,0
3242,100000,200
3243,68152,0
3244,68152,0
3245,100000,60
3246,68152,0
3247,100000,200
3248,68152,0
3249,100000,200
3250,68152,0
3251,68152,0
3252,68152,0
3253,68152,0
3254,68152,0
3255,68152,0
3256,100000,100
3257,68152,0
3258,100000,140
3259,100000,60
3260,68152,0
3261,68152,0
3262,68152,0
3263,68152,0
3264,68152,0
3265,68152,0
3266,68152,0
3267,68152,0
3268,68152,0
3269,68152,0
3270,68152,0
3271,68152,0
3272,68152,0
3273,68152,0
3274,68152,0
3275,68152,0
3276,68152,0
3277,68152,0
3278,100000,60
3279,68152,0
3280,68152,0
3281,100000,80
3282,100000,200
3283,68152,0
3284,68152,0
3285,68152,0
3286,68152,0
3287,68152,0
3288,68152,0
3289,100000,50
3290,68152,0
3291,68152,0
3292,68152,0
3293,100000,150
3294,68152,0
3295,68152,0
3296,68152,0
3297,68152,0
3298,68152,0
3299,68152,0
3300,68152,0
3301,68152,0
3302,68152,0
3303,68152,0
3304,68152,0
3305,68152,0
3306,100000,200
3307,100000,200
3308,100000,200
3309,68152,0
3310,68152,0
3311,68152,0
3312,68152,0
3313,68152,0
3314,100000,190
3315,68152,0
3316,68152,0
3317,68152,0
3318,68152,0
3319,68152,0
3320,68152,0
3321,68152,0
3322,68152,0
3323,68152,0
3324,100000,40
3325,68152,0
3326,68152,0
3327,100000,200
3328,68152,0
3329,68152,0
3330,68152,0
3331,68152,0
3332,68152,0
3333,68152,0
3334,68152,0
3335,68152,0
3336,68152,0
3337,100000,150
3338,68152,0
3339,68152,0
3340,68152,0
3341,100000,200
3342,100000,320
3343,100000,50
3344,68152,0
3345,68152,0
3346,68152,0
3347,68152,0
3348,68152,0
3349,68152,0
3350,68152,0
3351,68152,0
3352,68152,0
3353,100000,200
3354,100000,200
3355,100000,500
3356,68152,0
3357,68152,0
3358,68152,0
3359,68152,0
3360,100000,250
3361,68152,0
3362,68152,0
3363,68152,0
3364,100000,200
3365,68152,0
3366,68152,0
3367,68152,0
3368,68152,0
3369,68152,0
3370,68152,0
3371,100000,200
3372,68152,0
3373,100000,90
3374,68152,0
3375,68152,0
3376,100000,160
3377,68152,0
3378,68152,0
3379,68152,0
3380,68152,0
3381,68152,0
3382,68152,0
3383,100000,200
3384,68152,0
3385,68152,0
3386,68152,0
3387,68152,0
3388,68152,0
3389,68152,0
3390,68152,0
3391,68152,0
3392,100000,200
3393,100000,80
3394,100000,40
3395,68152,0
3396,68152,0
3397,68152,0
3398,68152,0
3399,68152,0
3400,68152,0
3401,68152,0
3402,68152,0
3403,100000,200
3404,68152,0
3405,68152,0
3406,68152,0
3407,68152,0
3408,68152,0
3409,68152,0
3410,68152,0
3411,68152,0
3412,68152,0
3413,68152,0
3414,100000,140
3415,68152,0
3416,68152,0
3417,68152,0
3418,68152,0
3419,100000,360
3420,68152,0
3421,68152,0
3422,68152,0
3423,100000,80
3424,68152,0
3425,68152,0
3426,100000,60
3427,68152,0
3428,100000,40
3429,100000,50
3430,100000,60
3431,68152,0
3432,68152,0
3433,100000,200
3434,100000,160
3435,68152,0
3436,68152,0
3437,68152,0
3438,68152,0
3439,100000,80
3440,68152,0
3441,68152,0
3442,68152,0
3443,68152,0
3444,68152,0
3445,68152,0
3446,68152,0
3447,100000,200
3448,68152,0
3449,68152,0
3450,68152,0
3451,68152,0
3452,68152,0
3453,68152,0
3454,68152,0
3455,68152,0
3456,68152,0
3457,100000,170
3458,68152,0
3459,68152,0
3460,68152,0
3461,68152,0
3462,68152,0
3463,68152,0
3464,68152,0
3465,100000,200
3466,68152,0
3467,68152,0
3468,68152,0
3469,68152,0
3470,100000,60
3471,68152,0
3472,68152,0
3473,68152,0
3474,68152,0
3475,100000,200
3476,68152,0
3477,68152,0
3478,100000,80
3479,68152,0
3480,68152,0
3481,68152,0
3482,100000,200
3483,68152,0
3484,68152,0
3485,68152,0
3486,68152,0
3487,68152,0
3488,100000,200
3489,68152,0
3490,68152,0
3491,68152,0
3492,68152,0
3493,68152,0
3494,68152,0
3495,68152,0
3496,68152,0
3497,68152,0
3498,100000,50
3499,68152,0
3500,68152,0
3501,68152,0
3502,68152,0
3503,68152,0
3504,68152,0
3505,68152,0
3506,68152,0
3507,68152,0
3508,68152,0
3509,68152,0
3510,68152,0
3511,68152,0
3512,68152,0
3513,68152,0
3514,68152,0
3515,68152,0
3516,68152,0
3517,68152,0
3518,100000,60
3519,68152,0
3520,68152,0
3521,68152,0
3522,68152,0
3523,68152,0
3524,100000,200
3525,68152,0
3526,68152,0
3527,68152,0
3528,68152,0
3529,68152,0
3530,68152,0
3531,68152,0
3532,68152,0
3533,68152,0
3534,68152,0
3535,68152,0
3536,68152,0
3537,68152,0
3538,68152,0
3539,100000,30
3540,68152,0
3541,100000,200
3542,68152,0
3543,68152,0
3544,68152,0
3545,68152,0
3546,68152,0
3547,68152,0
3548,68152,0
3549,68152,0
3550,68152,0
3551,100000,200
3552,68152,0
3553,68152,0
3554,68152,0
3555,68152,0
3556,68152,0
3557,68152,0
3558,68152,0
3559,68152,0
3560,68152,0
3561,68152,0
3562,68152,0
3563,68152,0
3564,100000,50
3565,68152,0
3566,68152,0
3567,100000,30
3568,68152,0
3569,68152,0
3570,68152,0
3571,100000,120
3572,68152,0
3573,100000,200
3574,68152,0
3575,68152,0
3576,68152,0
3577,68152,0
3578,68152,0
3579,68152,0
3580,68152,0
3581,68152,0
3582,100000,40
3583,100000,280
3584,68152,0
3585,68152,0
3586,68152,0
3587,68152,0
3588,68152,0
3589,100000,200
3590,68152,0
3591,68152,0
3592,68152,0
3593,68152,0
3594,68152,0
3595,68152,0
3596,68152,0
3597,100000,150
3598,68152,0
3599,68152,0
3600,68152,0
3601,68152,0
3602,68152,0
3603,68152,0
3604,68152,0
3605,68152,0
3606,68152,0
3607,68152,0
3608,68152,0
3609,68152,0
3610,68152,0
3611,68152,0
3612,68152,0
3613,68152,0
3614,68152,0
3615,100000,200
3616,68152,0
3617,68152,0
3618,68152,0
3619,68152,0
3620,68152,0
3621,68152,0
3622,68152,0
3623,68152,0
3624,100000,200
3625,100000,50
3626,68152,0
3627,68152,0
3628,68152,0
3629,68152,0
3630,100000,30
3631,68152,0
3632,68152,0
3633,68152,0
3634,68152,0
3635,68152,0
3636,68152,0
3637,68152,0
3638,68152,0
3639,68152,0
3640,68152,0
3641,68152,0
3642,100000,200
3643,68152,0
3644,68152,0
3645,68152,0
3646,68152,0
3647,68152,0
3648,68152,0
3649,68152,0
3650,68152,0
3651,68152,0
3652,100000,40
3653,68152,0
3654,68152,0
3655,68152,0
3656,68152,0
3657,68152,0
3658,68152,0
3659,68152,0
3660,68152,0
3661,68152,0
3662,68152,0
3663,68152,0
3664,68152,0
3665,68152,0
3666,68152,0
3667,68152,0
3668,68152,0
3669,68152,0
3670,68152,0
3671,68152,0
3672,68152,0
3673,68152,0
3674,68152,0
3675,68152,0
3676,68152,0
3677,68152,0
3678,68152,0
3679,68152,0
3680,68152,0
3681,68152,0
3682,68152,0
3683,68152,0
3684,100000,200
3685,100000,200
3686,68152,0
3687,68152,0
3688,68152,0
3689,68152,0
3690,68152,0
3691,68152,0
3692,68152,0
3693,68152,0
3694,68152,0
3695,68152,0
3696,68152,0
3697,68152,0
3698,100000,30
3699,100000,200
3700,68152,0
3701,68152,0
3702,68152,0
3703,68152,0
3704,68152,0
3705,100000,50
3706,68152,0
3707,68152,0
3708,68152,0
3709,68152,0
3710,68152,0
3711,68152,0
3712,68152,0
3713,68152,0
3714,68152,0
3715,68152,0
3716,68152,0
3717,68152,0
3718,68152,0
3719,68152,0
3720,100000,200
3721,68152,0
3722,68152,0
3723,68152,0
3724,100000,280
3725,68152,0
3726,100000,200
3727,68152,0
3728,68152,0
3729,68152,0
3730,100000,200
3731,68152,0
3732,68152,0
3733,68152,0
3734,100000,250
3735,68152,0
3736,68152,0
3737,68152,0
3738,100000,80
3739,100000,200
3740,68152,0
3741,68152,0
3742,100000,200
3743,68152,0
3744,68152,0
3745,100000,40
3746,68152,0
3747,68152,0
3748,100000,200
3749,68152,0
3750,68152,0
3751,68152,0
3752,68152,0
3753,100000,60
3754,68152,0
3755,68152,0
3756,68152,0
3757,68152,0
3758,68152,0
3759,68152,0
3760,68152,0
3761,68152,0
3762,100000,60
3763,68152,0
3764,100000,200
3765,68152,0
3766,68152,0
3767,68152,0
3768,68152,0
3769,68152,0
3770,68152,0
3771,68152,0
3772,100000,200
3773,68152,0
3774,68152,0
3775,68152,0
3776,68152,0
3777,68152,0
3778,68152,0
3779,68152,0
3780,68152,0
3781,68152,0
3782,68152,0
3783,68152,0
3784,68152,0
3785,68152,0
3786,68152,0
3787,68152,0
3788,68152,0
3789,68152,0
3790,68152,0
3791,68152,0
3792,68152,0
3793,68152,0
3794,68152,0
3795,68152,0
3796,68152,0
3797,68152,0
3798,68152,0
3799,68152,0
3800,68152,0
3801,100000,100
3802,68152,0
3803,68152,0
3804,68152,0
3805,68152,0
3806,68152,0
3807,100000,100
3808,68152,0
3809,100000,200
3810,68152,0
3811,100000,300
3812,68152,0
3813,100000,200
3814,68152,0
3815,68152,0
3816,100000,40
3817,68152,0
3818,68152,0
3819,68152,0
3820,68152,0
3821,68152,0
3822,68152,0
3823,68152,0
3824,100000,200
3825,68152,0
3826,68152,0
3827,68152,0
3828,68152,0
3829,68152,0
3830,68152,0
3831,68152,0
3832,68152,0
3833,68152,0
3834,68152,0
3835,68152,0
3836,68152,0
3837,68152,0
3838,68152,0
3839,68152,0
3840,68152,0
3841,100000,200
3842,68152,0
3843,68152,0
3844,68152,0
3845,100000,200
3846,68152,0
3847,100000,200
3848,68152,0
3849,68152,0
3850,100000,100
3851,100000,80
3852,68152,0
3853,68152,0
3854,100000,160
3855,68152,0
3856,68152,0
3857,100000,200
3858,68152,0
3859,68152,0
3860,68152,0
3861,100000,80
3862,100000,200
3863,68152,0
3864,68152,0
3865,68152,0
3866,68152,0
3867,68152,0
3868,100000,200
3869,100000,200
3870,68152,0
3871,68152,0
3872,68152,0
3873,68152,0
3874,68152,0
3875,100000,240
3876,68152,0
3877,68152,0
3878,68152,0
3879,68152,0
3880,100000,300
3881,68152,0
3882,68152,0
3883,68152,0
3884,68152,0
3885,68152,0
3886,68152,0
3887,68152,0
3888,100000,80
3889,68152,0
3890,68152,0
3891,68152,0
3892,68152,0
3893,68152,0
3894,68152,0
3895,100000,200
3896,68152,0
3897,68152,0
3898,68152,0
3899,68152,0
3900,100000,300
3901,68152,0
3902,68152,0
3903,68152,0
3904,68152,0
3905,68152,0
3906,68152,0
3907,68152,0
3908,68152,0
3909,68152,0
3910,68152,0
3911,100000,200
3912,68152,0
3913,68152,0
3914,100000,200
3915,68152,0
3916,68152,0
3917,68152,0
3918,68152,0
3919,68152,0
3920,68152,0
3921,68152,0
3922,68152,0
3923,68152,0
3924,68152,0
3925,68152,0
3926,68152,0
3927,68152,0
3928,68152,0
3929,100000,200
3930,68152,0
3931,68152,0
3932,100000,40
3933,68152,0
3934,68152,0
3935,68152,0
3936,100000,100
3937,68152,0
3938,100000,100
3939,68152,0
3940,68152,0
3941,68152,0
3942,68152,0
3943,68152,0
3944,68152,0
3945,68152,0
3946,100000,120
3947,68152,0
3948,68152,0
3949,68152,0
3950,68152,0
3951,68152,0
3952,68152,0
3953,68152,0
3954,68152,0
3955,68152,0
3956,68152,0
3957,68152,0
3958,68152,0
3959,68152,0
3960,68152,0
3961,68152,0
3962,68152,0
3963,68152,0
3964,68152,0
3965,100000,60
3966,68152,0
3967,68152,0
3968,68152,0
3969,68152,0
3970,68152,0
3971,100000,50
3972,68152,0
3973,68152,0
3974,68152,0
3975,68152,0
3976,68152,0
3977,100000,50
3978,68152,0
3979,68152,0
3980,100000,200
3981,68152,0
3982,100000,40
3983,100000,150
3984,68152,0
3985,68152,0
3986,100000,200
3987,68152,0
3988,68152,0
3989,68152,0
3990,68152,0
3991,100000,200
3992,68152,0
3993,100000,240
3994,68152,0
3995,68152,0
3996,68152,0
3997,68152,0
3998,68152,0
3999,100000,200
4000,100000,200
4001,68152,0
4002,68152,0
4003,100000,200
4004,68152,0
4005,68152,0
4006,68152,0
4007,68152,0
4008,68152,0
4009,100000,200
4010,68152,0
4011,68152,0
4012,68152,0
4013,68152,0
4014,68152,0
4015,68152,0
4016,68152,0
4017,68152,0
4018,68152,0
4019,68152,0
4020,68152,0
4021,68152,0
4022,68152,0
4023,68152,0
4024,100000,80
4025,68152,0
4026,68152,0
4027,68152,0
4028,68152,0
4029,68152,0
4030,100000,110
4031,68152,0
4032,68152,0
4033,100000,200
4034,68152,0
4035,68152,0
4036,68152,0
4037,68152,0
4038,68152,0
4039,68152,0
4040,68152,0
4041,68152,0
4042,68152,0
4043,68152,0
4044,68152,0
4045,68152,0
4046,68152,0
4047,68152,0
4048,68152,0
4049,100000,200
4050,68152,0
4051,68152,0
4052,68152,0
4053,68152,0
4054,68152,0
4055,100000,80
4056,100000,260
4057,68152,0
4058,68152,0
4059,68152,0
4060,100000,200
4061,68152,0
4062,68152,0
4063,68152,0
4064,68152,0
4065,68152,0
4066,68152,0
4067,68152,0
4068,68152,0
4069,68152,0
4070,68152,0
4071,68152,0
4072,68152,0
4073,68152,0
4074,68152,0
4075,68152,0
4076,68152,0
4077,68152,0
4078,100000,200
4079,68152,0
4080,68152,0
4081,68152,0
4082,68152,0
4083,68152,0
4084,68152,0
4085,68152,0
4086,68152,0
4087,68152,0
4088,68152,0
4089,68152,0
4090,68152,0
4091,68152,0
4092,68152,0
4093,68152,0
4094,100000,200
4095,68152,0
4096,68152,0
4097,68152,0
4098,68152,0
4099,68152,0
4100,100000,30
4101,68152,0
4102,68152,0
4103,68152,0
4104,68152,0
4105,100000,30
4106,68152,0
4107,68152,0
4108,100000,200
4109,68152,0
4110,68152,0
4111,100000,200
4112,100000,160
4113,100000,60
4114,68152,0
4115,68152,0
4116,68152,0
4117,68152,0
4118,68152,0
4119,68152,0
4120,68152,0
4121,100000,70
4122,68152,0
4123,68152,0
4124,68152,0
4125,68152,0
4126,68152,0
4127,68152,0
4128,68152,0
4129,100000,40
4130,100000,60
4131,68152,0
4132,68152,0
4133,68152,0
4134,68152,0
4135,68152,0
4136,68152,0
4137,68152,0
4138,68152,0
4139,68152,0
4140,100000,200
4141,68152,0
4142,68152,0
4143,68152,0
4144,68152,0
4145,100000,40
4146,68152,0
4147,100000,60
4148,68152,0
4149,68152,0
4150,100000,200
4151,68152,0
4152,68152,0
4153,100000,200
4154,68152,0
4155,68152,0
4156,68152,0
4157,68152,0
4158,68152,0
4159,68152,0
4160,68152,0
4161,68152,0
4162,68152,0
4163,68152,0
4164,68152,0
4165,68152,0
4166,68152,0
4167,68152,0
4168,68152,0
4169,68152,0
4170,68152,0
4171,68152,0
4172,100000,50
4173,68152,0
4174,68152,0
4175,100000,80
4176,68152,0
4177,68152,0
4178,68152,0
4179,68152,0
4180,68152,0
4181,68152,0
4182,68152,0
4183,68152,0
4184,68152,0
4185,68152,0
4186,68152,0
4187,68152,0
4188,68152,0
4189,68152,0
4190,68152,0
4191,68152,0
4192,100000,200
4193,68152,0
4194,68152,0
4195,68152,0
4196,68152,0
4197,100000,200
4198,68152,0
4199,68152,0
4200,100000,460
4201,68152,0
4202,68152,0
4203,68152,0
4204,68152,0
4205,68152,0
4206,68152,0
4207,68152,0
4208,68152,0
4209,68152,0
4210,68152,0
4211,68152,0
4212,68152,0
4213,68152,0
4214,68152,0
4215,68152,0
4216,68152,0
4217,68152,0
4218,68152,0
4219,68152,0
4220,68152,0
4221,68152,0
4222,68152,0
4223,100000,500
4224,68152,0
4225,68152,0
4226,68152,0
4227,68152,0
4228,100000,200
4229,100000,200
4230,68152,0
4231,68152,0
4232,68152,0
4233,68152,0
4234,68152,0
4235,100000,200
4236,68152,0
4237,68152,0
4238,68152,0
4239,68152,0
4240,68152,0
4241,68152,0
4242,68152,0
4243,68152,0
4244,68152,0
4245,68152,0
4246,68152,0
4247,68152,0
4248,68152,0
4249,68152,0
4250,68152,0
4251,68152,0
4252,100000,80
4253,100000,200
4254,68152,0
4255,68152,0
4256,68152,0
4257,68152,0
4258,68152,0
4259,68152,0
4260,68152,0
4261,68152,0
4262,68152,0
4263,68152,0
4264,68152,0
4265,68152,0
4266,68152,0
4267,68152,0
4268,68152,0
4269,100000,200
4270,68152,0
4271,100000,550
4272,68152,0
4273,68152,0
4274,100000,200
4275,68152,0
4276,68152,0
4277,68152,0
4278,68152,0
4279,68152,0
4280,68152,0
4281,68152,0
4282,68152,0
4283,68152,0
4284,100000,250
4285,68152,0
4286,68152,0
4287,68152,0
4288,68152,0
4289,68152,0
4290,68152,0
4291,68152,0
4292,68152,0
4293,68152,0
4294,68152,0
4295,68152,0
4296,68152,0
4297,68152,0
4298,68152,0
4299,68152,0
4300,100000,200
4301,68152,0
4302,68152,0
4303,68152,0
4304,68152,0
4305,68152,0
4306,68152,0
4307,68152,0
4308,68152,0
4309,68152,0
4310,68152,0
4311,68152,0
4312,68152,0
4313,68152,0
4314,68152,0
4315,100000,200
4316,100000,200
4317,68152,0
4318,68152,0
4319,68152,0
4320,68152,0
4321,68152,0
4322,68152,0
4323,68152,0
4324,68152,0
4325,68152,0
4326,100000,120
4327,100000,220
4328,68152,0
4329,68152,0
4330,100000,60
4331,68152,0
4332,100000,200
4333,68152,0
4334,68152,0
4335,68152,0
4336,68152,0
4337,100000,200
4338,68152,0
4339,100000,350
4340,68152,0
4341,68152,0
4342,68152,0
4343,68152,0
4344,68152,0
4345,100000,40
4346,100000,300
4347,68152,0
4348,68152,0
4349,68152,0
4350,68152,0
4351,68152,0
4352,100000,320
4353,68152,0
4354,100000,200
4355,68152,0
4356,68152,0
4357,100000,700
4358,68152,0
4359,68152,0
4360,68152,0
4361,68152,0
4362,68152,0
4363,68152,0
4364,100000,40
4365,100000,260
4366,68152,0
4367,68152,0
4368,68152,0
4369,68152,0
4370,68152,0
4371,68152,0
4372,68152,0
4373,68152,0
4374,68152,0
4375,100000,200
4376,68152,0
4377,68152,0
4378,68152,0
4379,68152,0
4380,68152,0
4381,68152,0
4382,68152,0
4383,68152,0
4384,100000,200
4385,68152,0
4386,100000,160
4387,68152,0
4388,68152,0
4389,68152,0
4390,68152,0
4391,68152,0
4392,68152,0
4393,100000,50
4394,68152,0
4395,68152,0
4396,68152,0
4397,68152,0
4398,68152,0
4399,100000,200
4400,68152,0
4401,68152,0
4402,68152,0
4403,68152,0
4404,68152,0
4405,68152,0
4406,68152,0
4407,68152,0
4408,100000,200
4409,68152,0
4410,100000,120
4411,68152,0
4412,68152,0
4413,68152,0
4414,100000,200
4415,100000,250
4416,68152,0
4417,68152,0
4418,68152,0
4419,68152,0
4420,100000,200
4421,100000,100
4422,100000,200
4423,68152,0
4424,68152,0
4425,68152,0
4426,68152,0
4427,100000,60
4428,68152,0
4429,68152,0
4430,68152,0
4431,100000,200
4432,68152,0
4433,68152,0
4434,68152,0
4435,68152,0
4436,100000,50
4437,68152,0
4438,100000,80
4439,68152,0
4440,100000,60
4441,68152,0
4442,68152,0
4443,68152,0
4444,68152,0
4445,68152,0
4446,68152,0
4447,68152,0
4448,68152,0
4449,100000,200
4450,100000,120
4451,68152,0
4452,68152,0
4453,100000,240
4454,68152,0
4455,68152,0
4456,68152,0
4457,68152,0
4458,68152,0
4459,100000,40
4460,68152,0
4461,68152,0
4462,68152,0
4463,68152,0
4464,68152,0
4465,68152,0
4466,68152,0
4467,100000,80
4468,68152,0
4469,68152,0
4470,100000,200
4471,68152,0
4472,100000,200
4473,68152,0
4474,68152,0
4475,68152,0
4476,100000,200
4477,68152,0
4478,68152,0
4479,68152,0
4480,68152,0
4481,68152,0
4482,68152,0
4483,68152,0
4484,68152,0
4485,100000,50
4486,68152,0
4487,68152,0
4488,68152,0
4489,100000,200
4490,68152,0
4491,68152,0
4492,68152,0
4493,68152,0
4494,68152,0
4495,68152,0
4496,68152,0
4497,100000,60
4498,68152,0
4499,68152,0
4500,100000,200
4501,68152,0
4502,68152,0
4503,68152,0
4504,68152,0
4505,68152,0
4506,68152,0
4507,68152,0
4508,68152,0
4509,68152,0
4510,68152,0
4511,68152,0
4512,68152,0
4513,68152,0
4514,68152,0
4515,68152,0
4516,68152,0
4517,100000,200
4518,68152,0
4519,68152,0
4520,68152,0
4521,68152,0
4522,68152,0
4523,100000,200
4524,100000,80
4525,100000,200
4526,68152,0
4527,68152,0
4528,68152,0
4529,68152,0
4530,100000,60
4531,100000,500
4532,68152,0
4533,68152,0
4534,68152,0
4535,68152,0
4536,68152,0
4537,100000,30
4538,68152,0
4539,68152,0
4540,68152,0
4541,68152,0
4542,100000,120
4543,68152,0
4544,68152,0
4545,100000,80
4546,100000,40
4547,100000,200
4548,68152,0
4549,68152,0
4550,68152,0
4551,68152,0
4552,68152,0
4553,68152,0
4554,68152,0
4555,100000,200
4556,68152,0
4557,68152,0
4558,100000,160
4559,68152,0
4560,68152,0
4561,68152,0
4562,68152,0
4563,68152,0
4564,68152,0
4565,68152,0
4566,68152,0
4567,68152,0
4568,68152,0
4569,68152,0
4570,100000,60
4571,68152,0
4572,100000,200
4573,68152,0
4574,100000,200
4575,68152,0
4576,100000,200
4577,68152,0
4578,68152,0
4579,68152,0
4580,68152,0
4581,68152,0
4582,68152,0
4583,68152,0
4584,68152,0
4585,68152,0
4586,68152,0
4587,68152,0
4588,68152,0
4589,68152,0
4590,100000,40
4591,68152,0
4592,68152,0
4593,68152,0
4594,68152,0
4595,100000,60
4596,68152,0
4597,68152,0
4598,68152,0
4599,100000,200
4600,68152,0
4601,100000,100
4602,100000,250
4603,68152,0
4604,68152,0
4605,68152,0
4606,68152,0
4607,68152,0
4608,68152,0
4609,68152,0
4610,68152,0
4611,68152,0
4612,100000,30
4613,100000,600
4614,68152,0
4615,68152,0
4616,68152,0
4617,68152,0
4618,68152,0
4619,100000,120
4620,100000,40
4621,68152,0
4622,68152,0
4623,68152,0
4624,68152,0
4625,68152,0
4626,68152,0
4627,68152,0
4628,68152,0
4629,100000,40
4630,68152,0
4631,68152,0
4632,68152,0
4633,68152,0
4634,68152,0
4635,68152,0
4636,68152,0
4637,100000,200
4638,100000,60
4639,100000,80
4640,100000,60
4641,68152,0
4642,68152,0
4643,68152,0
4644,100000,200
4645,68152,0
4646,68152,0
4647,68152,0
4648,68152,0
4649,68152,0
4650,100000,200
4651,68152,0
4652,100000,200
4653,100000,90
4654,68152,0
4655,68152,0
4656,68152,0
4657,100000,200
4658,100000,100
4659,100000,50
4660,68152,0
4661,68152,0
4662,100000,200
4663,68152,0
4664,68152,0
4665,100000,60
4666,100000,200
4667,68152,0
4668,68152,0
4669,68152,0
4670,68152,0
4671,68152,0
4672,68152,0
4673,68152,0
4674,68152,0
4675,68152,0
4676,68152,0
4677,100000,200
4678,68152,0
4679,68152,0
4680,100000,500
4681,68152,0
4682,68152,0
4683,68152,0
4684,68152,0
4685,68152,0
4686,68152,0
4687,68152,0
4688,68152,0
4689,68152,0
4690,68152,0
4691,100000,200
4692,68152,0
4693,68152,0
4694,68152,0
4695,68152,0
4696,68152,0
4697,100000,180
4698,68152,0
4699,100000,380
4700,100000,400
4701,68152,0
4702,68152,0
4703,68152,0
4704,68152,0
4705,68152,0
4706,68152,0
4707,68152,0
4708,68152,0
4709,68152,0
4710,68152,0
4711,100000,200
4712,68152,0
4713,68152,0
4714,68152,0
4715,68152,0
4716,68152,0
4717,68152,0
4718,100000,200
4719,68152,0
4720,100000,450
4721,68152,0
4722,100000,200
4723,68152,0
4724,100000,200
4725,100000,200
4726,68152,0
4727,100000,200
4728,100000,200
4729,68152,0
4730,68152,0
4731,68152,0
4732,68152,0
4733,68152,0
4734,68152,0
4735,68152,0
4736,68152,0
4737,68152,0
4738,68152,0
4739,68152,0
4740,68152,0
4741,68152,0
4742,68152,0
4743,68152,0
4744,68152,0
4745,68152,0
4746,68152,0
4747,100000,40
4748,68152,0
4749,68152,0
4750,68152,0
4751,68152,0
4752,68152,0
4753,68152,0
4754,68152,0
4755,68152,0
4756,68152,0
4757,68152,0
4758,68152,0
4759,68152,0
4760,68152,0
4761,68152,0
4762,68152,0
4763,68152,0
4764,68152,0
4765,100000,40
4766,68152,0
4767,100000,300
4768,100000,200
4769,68152,0
4770,100000,60
4771,68152,0
4772,68152,0
4773,68152,0
4774,68152,0
4775,68152,0
4776,68152,0
4777,68152,0
4778,68152,0
4779,100000,200
4780,68152,0
4781,100000,200
4782,100000,200
4783,68152,0
4784,68152,0
4785,68152,0
4786,68152,0
4787,68152,0
4788,68152,0
4789,100000,200
4790,68152,0
4791,100000,200
4792,100000,30
4793,68152,0
4794,68152,0
4795,68152,0
4796,68152,0
4797,68152,0
4798,100000,40
4799,68152,0
4800,100000,300
4801,68152,0
4802,68152,0
4803,68152,0
4804,100000,260
4805,100000,200
4806,68152,0
4807,68152,0
4808,68152,0
4809,68152,0
4810,100000,400
4811,68152,0
4812,68152,0
4813,68152,0
4814,100000,40
4815,68152,0
4816,100000,200
4817,68152,0
4818,68152,0
4819,68152,0
4820,68152,0
4821,68152,0
4822,100000,200
4823,68152,0
4824,68152,0
4825,68152,0
4826,68152,0
4827,68152,0
4828,68152,0
4829,68152,0
4830,68152,0
4831,68152,0
4832,100000,200
4833,68152,0
4834,100000,80
4835,68152,0
4836,68152,0
4837,68152,0
4838,68152,0
4839,100000,200
4840,100000,200
4841,68152,0
4842,68152,0
4843,68152,0
4844,100000,80
4845,100000,240
4846,68152,0
4847,68152,0
4848,68152,0
4849,100000,200
4850,68152,0
4851,68152,0
4852,100000,200
4853,68152,0
4854,68152,0
4855,68152,0
4856,68152,0
4857,100000,60
4858,68152,0
4859,68152,0
4860,68152,0
4861,68152,0
4862,100000,250
4863,68152,0
4864,68152,0
4865,68152,0
4866,68152,0
4867,68152,0
4868,68152,0
4869,68152,0
4870,68152,0
4871,68152,0
4872,68152,0
4873,68152,0
4874,68152,0
4875,68152,0
4876,68152,0
4877,68152,0
4878,68152,0
4879,68152,0
4880,68152,0
4881,68152,0
4882,68152,0
4883,68152,0
4884,68152,0
4885,68152,0
4886,68152,0
4887,68152,0
4888,100000,80
4889,68152,0
4890,68152,0
4891,68152,0
4892,68152,0
4893,68152,0
4894,68152,0
4895,68152,0
4896,100000,60
4897,68152,0
4898,100000,200
4899,100000,200
4900,68152,0
4901,68152,0
4902,68152,0
4903,68152,0
4904,68152,0
4905,68152,0
4906,68152,0
4907,68152,0
4908,68152,0
4909,68152,0
4910,68152,0
4911,68152,0
4912,68152,0
4913,100000,80
4914,68152,0
4915,100000,50
4916,68152,0
4917,68152,0
4918,68152,0
4919,68152,0
4920,68152,0
4921,68152,0
4922,68152,0
4923,68152,0
4924,100000,300
4925,68152,0
4926,100000,200
4927,68152,0
4928,68152,0
4929,100000,60
4930,68152,0
4931,68152,0
4932,100000,30
4933,68152,0
4934,68152,0
4935,68152,0
4936,68152,0
4937,68152,0
4938,68152,0
4939,100000,200
4940,68152,0
4941,68152,0
4942,68152,0
4943,68152,0
4944,68152,0
4945,68152,0
4946,68152,0
4947,68152,0
4948,68152,0
4949,68152,0
4950,68152,0
4951,68152,0
4952,68152,0
4953,68152,0
4954,100000,200
4955,68152,0
4956,68152,0
4957,68152,0
4958,68152,0
4959,100000,200
4960,68152,0
4961,68152,0
4962,68152,0
4963,68152,0
4964,68152,0
4965,68152,0
4966,68152,0
4967,68152,0
4968,68152,0
4969,68152,0
4970,68152,0
4971,68152,0
4972,68152,0
4973,68152,0
4974,68152,0
4975,68152,0
4976,68152,0
4977,68152,0
4978,100000,170
4979,68152,0
4980,100000,50
4981,68152,0
4982,68152,0
4983,68152,0
4984,68152,0
4985,68152,0
4986,68152,0
4987,68152,0
4988,100000,30
4989,68152,0
4990,100000,40
4991,68152,0
4992,100000,350
4993,100000,250
4994,68152,0
4995,68152,0
4996,68152,0
4997,68152,0
4998,100000,40
4999,68152,0
5000,100000,200
5001,100000,60
5002,68152,0
5003,68152,0
5004,68152,0
5005,68152,0
5006,68152,0
5007,68152,0
5008,68152,0
5009,68152,0
5010,68152,0
5011,68152,0
5012,68152,0
5013,68152,0
5014,68152,0
5015,68152,0
5016,100000,120
5017,100000,200
5018,68152,0
5019,68152,0
5020,68152,0
5021,100000,40
5022,68152,0
5023,68152,0
5024,100000,200
5025,68152,0
5026,68152,0
5027,100000,240
5028,68152,0
5029,68152,0
5030,68152,0
5031,68152,0
5032,68152,0
5033,68152,0
5034,68152,0
5035,68152,0
5036,68152,0
5037,100000,200
5038,68152,0
5039,68152,0
5040,68152,0
5041,68152,0
5042,68152,0
5043,68152,0
5044,100000,80
5045,68152,0
5046,68152,0
5047,68152,0
5048,68152,0
5049,68152,0
5050,100000,80
5051,68152,0
5052,100000,200
5053,68152,0
5054,100000,110
5055,68152,0
5056,68152,0
5057,68152,0
5058,68152,0
5059,100000,30
5060,100000,200
5061,100000,60
5062,68152,0
5063,68152,0
5064,68152,0
5065,100000,250
5066,68152,0
5067,68152,0
5068,68152,0
5069,68152,0
5070,68152,0
5071,68152,0
5072,68152,0
5073,100000,200
5074,68152,0
5075,68152,0
5076,68152,0
5077,68152,0
5078,68152,0
5079,68152,0
5080,100000,200
5081,100000,200
5082,68152,0
5083,68152,0
5084,68152,0
5085,68152,0
5086,68152,0
5087,100000,180
5088,68152,0
5089,68152,0
5090,68152,0
5091,68152,0
5092,68152,0
5093,68152,0
5094,68152,0
5095,68152,0
5096,68152,0
5097,68152,0
5098,68152,0
5099,68152,0
5100,100000,120
5101,68152,0
5102,68152,0
5103,68152,0
5104,68152,0
5105,68152,0
5106,68152,0
5107,68152,0
5108,68152,0
5109,68152,0
5110,68152,0
5111,68152,0
5112,68152,0
5113,68152,0
5114,100000,50
5115,100000,200
5116,68152,0
5117,68152,0
5118,68152,0
5119,68152,0
5120,68152,0
5121,68152,0
5122,100000,50
5123,68152,0
5124,68152,0
5125,68152,0
5126,100000,200
5127,68152,0
5128,68152,0
5129,68152,0
5130,100000,120
5131,68152,0
5132,100000,200
5133,68152,0
5134,68152,0
5135,68152,0
5136,68152,0
5137,68152,0
5138,68152,0
5139,68152,0
5140,68152,0
5141,68152,0
5142,100000,160
5143,68152,0
5144,68152,0
5145,68152,0
5146,68152,0
5147,68152,0
5148,68152,0
5149,100000,200
5150,100000,200
5151,100000,200
5152,68152,0
5153,100000,150
5154,68152,0
5155,68152,0
5156,100000,40
5157,68152,0
5158,68152,0
5159,68152,0
5160,68152,0
5161,100000,600
5162,68152,0
5163,68152,0
5164,68152,0
5165,100000,500
5166,68152,0
5167,68152,0
5168,68152,0
5169,100000,60
5170,68152,0
5171,68152,0
5172,68152,0
5173,68152,0
5174,68152,0
5175,68152,0
5176,68152,0
5177,68152,0
5178,68152,0
5179,68152,0
5180,100000,200
5181,68152,0
5182,100000,120
5183,68152,0
5184,100000,200
5185,100000,200
5186,68152,0
5187,100000,300
5188,68152,0
5189,68152,0
5190,68152,0
5191,68152,0
5192,68152,0
5193,68152,0
5194,68152,0
5195,68152,0
5196,68152,0
5197,68152,0
5198,68152,0
5199,100000,200
5200,68152,0
5201,100000,120
5202,68152,0
5203,68152,0
5204,68152,0
5205,100000,120
5206,100000,160
5207,68152,0
5208,100000,80
5209,68152,0
5210,68152,0
5211,68152,0
5212,68152,0
5213,68152,0
5214,68152,0
5215,68152,0
5216,68152,0
5217,68152,0
5218,68152,0
5219,68152,0
5220,68152,0
5221,68152,0
5222,100000,200
5223,68152,0
5224,68152,0
5225,68152,0
5226,68152,0
5227,68152,0
5228,100000,200
5229,68152,0
5230,68152,0
5231,100000,50
5232,100000,160
5233,68152,0
5234,100000,240
5235,68152,0
5236,100000,200
5237,100000,40
5238,68152,0
5239,68152,0
5240,68152,0
5241,68152,0
5242,68152,0
5243,68152,0
5244,68152,0
5245,68152,0
5246,100000,200
5247,68152,0
5248,100000,250
5249,68152,0
5250,68152,0
5251,68152,0
5252,68152,0
5253,68152,0
5254,68152,0
5255,68152,0
5256,68152,0
5257,68152,0
5258,68152,0
5259,68152,0
5260,68152,0
5261,68152,0
5262,68152,0
5263,68152,0
5264,100000,60
5265,68152,0
5266,68152,0
5267,68152,0
5268,68152,0
5269,68152,0
5270,68152,0
5271,68152,0
5272,68152,0
5273,68152,0
5274,68152,0
5275,100000,320
5276,68152,0
5277,68152,0
5278,68152,0
5279,68152,0
5280,68152,0
5281,68152,0
5282,68152,0
5283,68152,0
5284,68152,0
5285,68152,0
5286,68152,0
5287,68152,0
5288,100000,30
5289,68152,0
5290,100000,200
5291,68152,0
5292,68152,0
5293,68152,0
5294,100000,170
5295,100000,200
5296,68152,0
5297,68152,0
5298,68152,0
5299,68152,0
5300,100000,60
5301,100000,200
5302,100000,240
5303,68152,0
5304,68152,0
5305,68152,0
5306,68152,0
5307,68152,0
5308,68152,0
5309,68152,0
5310,100000,200
5311,68152,0
5312,100000,80
5313,68152,0
5314,68152,0
5315,100000,250
5316,68152,0
5317,68152,0
5318,68152,0
5319,68152,0
5320,68152,0
5321,68152,0
5322,68152,0
5323,100000,260
5324,100000,200
5325,68152,0
5326,68152,0
5327,68152,0
5328,68152,0
5329,68152,0
5330,68152,0
5331,68152,0
5332,68152,0
5333,68152,0
5334,68152,0
5335,68152,0
5336,68152,0
5337,68152,0
5338,68152,0
5339,68152,0
5340,68152,0
5341,68152,0
5342,100000,320
5343,68152,0
5344,68152,0
5345,100000,80
5346,68152,0
5347,100000,160
5348,68152,0
5349,100000,200
5350,68152,0
5351,100000,200
5352,68152,0
5353,68152,0
5354,68152,0
5355,68152,0
5356,68152,0
5357,68152,0
5358,100000,80
5359,68152,0
5360,100000,40
5361,68152,0
5362,68152,0
5363,68152,0
5364,68152,0
5365,68152,0
5366,68152,0
5367,68152,0
5368,100000,100
5369,68152,0
5370,68152,0
5371,68152,0
5372,100000,50
5373,68152,0
5374,68152,0
5375,68152,0
5376,68152,0
5377,68152,0
5378,68152,0
5379,68152,0
5380,68152,0
5381,100000,200
5382,68152,0
5383,68152,0
5384,68152,0
5385,100000,160
5386,68152,0
5387,68152,0
5388,68152,0
5389,100000,200
5390,100000,140
5391,68152,0
5392,100000,240
5393,68152,0
5394,100000,30
5395,68152,0
5396,68152,0
5397,68152,0
5398,68152,0
5399,68152,0
5400,68152,0
5401,68152,0
5402,68152,0
5403,68152,0
5404,68152,0
5405,68152,0
5406,100000,160
5407,100000,250
5408,68152,0
5409,68152,0
5410,68152,0
5411,68152,0
5412,68152,0
5413,68152,0
5414,100000,200
5415,68152,0
5416,68152,0
5417,68152,0
5418,68152,0
5419,68152,0
5420,68152,0
5421,68152,0
5422,68152,0
5423,100000,200
5424,68152,0
5425,68152,0
5426,68152,0
5427,100000,200
5428,68152,0
5429,68152,0
5430,68152,0
5431,68152,0
5432,68152,0
5433,68152,0
5434,68152,0
5435,68152,0
5436,68152,0
5437,68152,0
5438,68152,0
5439,68152,0
5440,68152,0
5441,68152,0
5442,68152,0
5443,68152,0
5444,68152,0
5445,68152,0
5446,68152,0
5447,68152,0
5448,68152,0
5449,100000,60
5450,100000,200
5451,100000,200
5452,68152,0
5453,68152,0
5454,68152,0
5455,100000,200
5456,68152,0
5457,68152,0
5458,68152,0
5459,68152,0
5460,68152,0
5461,68152,0
5462,68152,0
5463,68152,0
5464,68152,0
5465,68152,0
5466,68152,0
5467,68152,0
5468,68152,0
5469,68152,0
5470,68152,0
5471,68152,0
5472,68152,0
5473,68152,0
5474,100000,200
5475,68152,0
5476,100000,200
5477,68152,0
5478,68152,0
5479,68152,0
5480,68152,0
5481,100000,50
5482,100000,200
5483,100000,30
5484,68152,0
5485,68152,0
5486,68152,0
5487,68152,0
5488,100000,40
5489,68152,0
5490,100000,200
5491,100000,50
5492,68152,0
5493,100000,200
5494,68152,0
5495,68152,0
5496,68152,0
5497,68152,0
5498,68152,0
5499,68152,0
5500,68152,0
5501,68152,0
5502,68152,0
5503,68152,0
5504,100000,120
5505,100000,200
5506,68152,0
5507,68152,0
5508,68152,0
5509,68152,0
5510,68152,0
5511,68152,0
5512,68152,0
5513,68152,0
5514,68152,0
5515,68152,0
5516,68152,0
5517,100000,50
5518,68152,0
5519,68152,0
5520,68152,0
5521,68152,0
5522,68152,0
5523,68152,0
5524,100000,200
5525,68152,0
5526,68152,0
5527,68152,0
5528,68152,0
5529,100000,120
5530,68152,0
5531,68152,0
5532,100000,500
5533,100000,60
5534,68152,0
5535,68152,0
5536,68152,0
5537,68152,0
5538,100000,200
5539,68152,0
5540,68152,0
5541,68152,0
5542,68152,0
5543,68152,0
5544,68152,0
5545,68152,0
5546,68152,0
5547,68152,0
5548,100000,200
5549,68152,0
5550,68152,0
5551,68152,0
5552,68152,0
5553,68152,0
5554,68152,0
5555,68152,0
5556,68152,0
5557,68152,0
5558,68152,0
5559,68152,0
5560,100000,200
5561,100000,260
5562,100000,200
5563,68152,0
5564,68152,0
5565,100000,60
5566,100000,200
5567,68152,0
5568,68152,0
5569,68152,0
5570,68152,0
5571,68152,0
5572,68152,0
5573,68152,0
5574,68152,0
5575,68152,0
5576,68152,0
5577,68152,0
5578,68152,0
5579,68152,0
5580,100000,200
5581,68152,0
5582,100000,200
5583,100000,60
5584,68152,0
5585,68152,0
5586,68152,0
5587,68152,0
5588,68152,0
5589,100000,80
5590,68152,0
5591,68152,0
5592,100000,200
5593,68152,0
5594,68152,0
5595,68152,0
5596,68152,0
5597,68152,0
5598,68152,0
5599,100000,100
5600,68152,0
5601,68152,0
5602,68152,0
5603,68152,0
5604,68152,0
5605,68152,0
5606,68152,0
5607,68152,0
5608,68152,0
5609,100000,80
5610,68152,0
5611,100000,200
5612,68152,0
5613,68152,0
5614,68152,0
5615,68152,0
5616,68152,0
5617,100000,200
5618,100000,200
5619,68152,0
5620,68152,0
5621,68152,0
5622,68152,0
5623,68152,0
5624,68152,0
5625,68152,0
5626,68152,0
5627,68152,0
5628,68152,0
5629,100000,50
5630,68152,0
5631,68152,0
5632,68152,0
5633,68152,0
5634,68152,0
5635,100000,200
5636,68152,0
5637,68152,0
5638,68152,0
5639,68152,0
5640,68152,0
5641,100000,200
5642,100000,200
5643,68152,0
5644,68152,0
5645,68152,0
5646,68152,0
5647,68152,0
5648,68152,0
5649,68152,0
5650,68152,0
5651,100000,200
5652,68152,0
5653,68152,0
5654,68152,0
5655,68152,0
5656,68152,0
5657,68152,0
5658,68152,0
5659,68152,0
5660,68152,0
5661,68152,0
5662,100000,50
5663,68152,0
5664,68152,0
5665,68152,0
5666,68152,0
5667,68152,0
5668,100000,120
5669,68152,0
5670,68152,0
5671,100000,600
5672,100000,200
5673,68152,0
5674,68152,0
5675,68152,0
5676,100000,200
5677,68152,0
5678,68152,0
5679,68152,0
5680,68152,0
5681,68152,0
5682,100000,160
5683,68152,0
5684,68152,0
5685,68152,0
5686,100000,200
5687,68152,0
5688,100000,200
5689,68152,0
5690,100000,30
5691,68152,0
5692,68152,0
5693,68152,0
5694,68152,0
5695,68152,0
5696,68152,0
5697,68152,0
5698,68152,0
5699,68152,0
5700,68152,0
5701,68152,0
5702,68152,0
5703,68152,0
5704,68152,0
5705,68152,0
5706,68152,0
5707,68152,0
5708,68152,0
5709,68152,0
5710,68152,0
5711,68152,0
5712,68152,0
5713,68152,0
5714,100000,100
5715,100000,200
5716,100000,200
5717,68152,0
5718,68152,0
5719,100000,60
5720,68152,0
5721,100000,200
5722,68152,0
5723,68152,0
5724,68152,0
5725,68152,0
5726,68152,0
5727,100000,40
5728,68152,0
5729,100000,550
5730,68152,0
5731,100000,300
5732,100000,100
5733,68152,0
5734,68152,0
5735,100000,200
5736,68152,0
5737,68152,0
5738,68152,0
5739,68152,0
5740,68152,0
5741,68152,0
5742,68152,0
5743,68152,0
5744,68152,0
5745,100000,60
5746,68152,0
5747,68152,0
5748,68152,0
5749,68152,0
5750,68152,0
5751,68152,0
5752,100000,200
5753,68152,0
5754,68152,0
5755,68152,0
5756,68152,0
5757,68152,0
5758,68152,0
5759,68152,0
5760,68152,0
5761,100000,200
5762,68152,0
5763,68152,0
5764,68152,0
5765,68152,0
5766,68152,0
5767,68152,0
5768,68152,0
5769,68152,0
5770,68152,0
5771,68152,0
5772,68152,0
5773,100000,120
5774,68152,0
5775,68152,0
5776,68152,0
5777,68152,0
5778,68152,0
5779,68152,0
5780,100000,500
5781,100000,200
5782,68152,0
5783,68152,0
5784,68152,0
5785,68152,0
5786,68152,0
5787,68152,0
5788,68152,0
5789,68152,0
5790,68152,0
5791,68152,0
5792,100000,200
5793,68152,0
5794,68152,0
5795,68152,0
5796,68152,0
5797,68152,0
5798,68152,0
5799,68152,0
5800,68152,0
5801,68152,0
5802,68152,0
5803,68152,0
5804,68152,0
5805,68152,0
5806,100000,200
5807,68152,0
5808,68152,0
5809,68152,0
5810,68152,0
5811,68152,0
5812,68152,0
5813,68152,0
5814,68152,0
5815,68152,0
5816,100000,60
5817,68152,0
5818,100000,250
5819,68152,0
5820,100000,100
5821,100000,280
5822,68152,0
5823,100000,30
5824,68152,0
5825,68152,0
5826,68152,0
5827,100000,200
5828,68152,0
5829,100000,60
5830,100000,160
5831,68152,0
5832,68152,0
5833,68152,0
5834,68152,0
5835,100000,200
5836,68152,0
5837,68152,0
5838,68152,0
5839,100000,200
5840,100000,200
5841,68152,0
5842,68152,0
5843,68152,0
5844,100000,200
5845,68152,0
5846,68152,0
5847,68152,0
5848,100000,180
5849,68152,0
5850,68152,0
5851,68152,0
5852,68152,0
5853,68152,0
5854,68152,0
5855,68152,0
5856,68152,0
5857,68152,0
5858,68152,0
5859,68152,0
5860,68152,0
5861,68152,0
5862,68152,0
5863,68152,0
5864,100000,200
5865,68152,0
5866,100000,200
5867,68152,0
5868,68152,0
5869,68152,0
5870,100000,200
5871,68152,0
5872,68152,0
5873,68152,0
5874,68152,0
5875,68152,0
5876,68152,0
5877,100000,80
5878,68152,0
5879,68152,0
5880,100000,80
5881,100000,120
5882,68152,0
5883,68152,0
5884,68152,0
5885,68152,0
5886,68152,0
5887,68152,0
5888,68152,0
5889,68152,0
5890,68152,0
5891,68152,0
5892,68152,0
5893,68152,0
5894,68152,0
5895,68152,0
5896,68152,0
5897,68152,0
5898,100000,60
5899,68152,0
5900,68152,0
5901,68152,0
5902,68152,0
5903,68152,0
5904,68152,0
5905,68152,0
5906,100000,40
5907,100000,200
5908,68152,0
5909,68152,0
5910,100000,200
5911,68152,0
5912,100000,240
5913,68152,0
5914,68152,0
5915,68152,0
5916,68152,0
5917,68152,0
5918,68152,0
5919,68152,0
5920,68152,0
5921,68152,0
5922,68152,0
5923,100000,200
5924,68152,0
5925,68152,0
5926,68152,0
5927,68152,0
5928,100000,200
5929,68152,0
5930,68152,0
5931,68152,0
5932,68152,0
5933,68152,0
5934,100000,40
5935,68152,0
5936,68152,0
5937,68152,0
5938,68152,0
5939,68152,0
5940,100000,30
5941,68152,0
5942,68152,0
5943,68152,0
5944,68152,0
5945,68152,0
5946,68152,0
5947,100000,30
5948,68152,0
5949,68152,0
5950,100000,200
5951,68152,0
5952,68152,0
5953,68152,0
5954,68152,0
5955,68152,0
5956,68152,0
5957,68152,0
5958,68152,0
5959,68152,0
5960,68152,0
5961,68152,0
5962,100000,80
5963,68152,0
5964,100000,80
5965,68152,0
5966,100000,360
5967,68152,0
5968,100000,50
5969,68152,0
5970,68152,0
5971,100000,450
5972,68152,0
5973,68152,0
5974,68152,0
5975,68152,0
5976,68152,0
5977,68152,0
5978,68152,0
5979,68152,0
5980,68152,0
5981,68152,0
5982,68152,0
5983,100000,80
5984,68152,0
5985,68152,0
5986,100000,200
5987,68152,0
5988,68152,0
5989,68152,0
5990,68152,0
5991,68152,0
5992,100000,160
5993,68152,0
5994,100000,260
5995,68152,0
5996,68152,0
5997,68152,0
5998,68152,0
5999,68152,0
6000,68152,0
6001,68152,0
6002,68152,0
6003,68152,0
6004,68152,0
6005,100000,100
6006,68152,0
6007,100000,50
6008,68152,0
6009,68152,0
6010,68152,0
6011,68152,0
6012,68152,0
6013,68152,0
6014,100000,30
6015,68152,0
6016,68152,0
6017,68152,0
6018,100000,200
6019,68152,0
6020,68152,0
6021,68152,0
6022,68152,0
6023,68152,0
6024,68152,0
6025,68152,0
6026,68152,0
6027,68152,0
6028,68152,0
6029,68152,0
6030,68152,0
6031,100000,200
6032,68152,0
6033,68152,0
6034,68152,0
6035,68152,0
6036,68152,0
6037,68152,0
6038,68152,0
6039,68152,0
6040,100000,120
6041,68152,0
6042,68152,0
6043,68152,0
6044,100000,50
6045,68152,0
6046,68152,0
6047,100000,150
6048,100000,200
6049,68152,0
6050,68152,0
6051,100000,160
6052,68152,0
6053,68152,0
6054,68152,0
6055,68152,0
6056,68152,0
6057,68152,0
6058,68152,0
6059,68152,0
6060,68152,0
6061,68152,0
6062,68152,0
6063,100000,200
6064,68152,0
6065,68152,0
6066,68152,0
6067,68152,0
6068,68152,0
6069,68152,0
6070,68152,0
6071,68152,0
6072,100000,200
6073,68152,0
6074,68152,0
6075,68152,0
6076,68152,0
6077,100000,200
6078,68152,0
6079,68152,0
6080,68152,0
6081,68152,0
6082,68152,0
6083,68152,0
6084,68152,0
6085,68152,0
6086,68152,0
6087,68152,0
6088,68152,0
6089,68152,0
6090,100000,40
6091,68152,0
6092,68152,0
6093,68152,0
6094,68152,0
6095,68152,0
6096,68152,0
6097,68152,0
6098,68152,0
6099,68152,0
6100,100000,200
6101,68152,0
6102,68152,0
6103,100000,200
6104,68152,0
6105,68152,0
6106,68152,0
6107,100000,140
6108,68152,0
6109,100000,200
6110,68152,0
6111,68152,0
6112,68152,0
6113,68152,0
6114,68152,0
6115,100000,120
6116,68152,0
6117,68152,0
6118,68152,0
6119,68152,0
6120,100000,200
6121,68152,0
6122,68152,0
6123,68152,0
6124,68152,0
6125,68152,0
6126,68152,0
6127,68152,0
6128,68152,0
6129,68152,0
6130,100000,80
6131,100000,50
6132,100000,230
6133,68152,0
6134,100000,30
6135,68152,0
6136,68152,0
6137,68152,0
6138,68152,0
6139,68152,0
6140,100000,200
6141,68152,0
6142,68152,0
6143,68152,0
6144,68152,0
6145,68152,0
6146,68152,0
6147,68152,0
6148,68152,0
6149,68152,0
6150,68152,0
6151,68152,0
6152,68152,0
6153,68152,0
6154,68152,0
6155,100000,120
6156,68152,0
6157,68152,0
6158,100000,250
6159,68152,0
6160,68152,0
6161,68152,0
6162,100000,200
6163,68152,0
6164,68152,0
6165,100000,30
6166,68152,0
6167,68152,0
6168,100000,200
6169,68152,0
6170,68152,0
6171,68152,0
6172,68152,0
6173,68152,0
6174,100000,120
6175,68152,0
6176,68152,0
6177,100000,80
6178,68152,0
6179,68152,0
6180,68152,0
6181,68152,0
6182,100000,200
6183,68152,0
6184,68152,0
6185,68152,0
6186,68152,0
6187,100000,120
6188,68152,0
6189,68152,0
6190,68152,0
6191,100000,200
6192,68152,0
6193,68152,0
6194,68152,0
6195,68152,0
6196,68152,0
6197,68152,0
6198,68152,0
6199,68152,0
6200,68152,0
6201,68152,0
6202,100000,80
6203,100000,40
6204,68152,0
6205,68152,0
6206,68152,0
6207,68152,0
6208,68152,0
6209,68152,0
6210,68152,0
6211,68152,0
6212,68152,0
6213,68152,0
6214,68152,0
6215,68152,0
6216,68152,0
6217,68152,0
6218,68152,0
6219,68152,0
6220,68152,0
6221,68152,0
6222,100000,40
6223,68152,0
6224,68152,0
6225,100000,240
6226,100000,250
6227,68152,0
6228,100000,200
6229,100000,200
6230,68152,0
6231,68152,0
6232,68152,0
6233,68152,0
6234,100000,30
6235,100000,40
6236,68152,0
6237,68152,0
6238,100000,40
6239,68152,0
6240,68152,0
6241,68152,0
6242,68152,0
6243,68152,0
6244,68152,0
6245,100000,200
6246,100000,40
6247,68152,0
6248,68152,0
6249,68152,0
6250,100000,170
6251,68152,0
6252,68152,0
6253,68152,0
6254,68152,0
6255,68152,0
6256,68152,0
6257,68152,0
6258,100000,200
6259,68152,0
6260,68152,0
6261,68152,0
6262,68152,0
6263,68152,0
6264,68152,0
6265,68152,0
6266,68152,0
6267,68152,0
6268,68152,0
6269,68152,0
6270,68152,0
6271,68152,0
6272,68152,0
6273,68152,0
6274,68152,0
6275,68152,0
6276,68152,0
6277,68152,0
6278,68152,0
6279,68152,0
6280,68152,0
6281,100000,80
6282,100000,390
6283,68152,0
6284,100000,140
6285,68152,0
6286,68152,0
6287,68152,0
6288,68152,0
6289,68152,0
6290,68152,0
6291,100000,200
6292,68152,0
6293,68152,0
6294,68152,0
6295,68152,0
6296,68152,0
6297,68152,0
6298,68152,0
6299,68152,0
6300,100000,40
6301,68152,0
6302,68152,0
6303,68152,0
6304,68152,0
6305,68152,0
6306,68152,0
6307,68152,0
6308,68152,0
6309,68152,0
6310,68152,0
6311,68152,0
6312,68152,0
6313,68152,0
6314,68152,0
6315,68152,0
6316,68152,0
6317,68152,0
6318,100000,200
6319,68152,0
6320,100000,200
6321,68152,0
6322,100000,200
6323,68152,0
6324,68152,0
6325,68152,0
6326,68152,0
6327,68152,0
6328,100000,200
6329,68152,0
6330,100000,120
6331,68152,0
6332,68152,0
6333,68152,0
6334,68152,0
6335,100000,160
6336,68152,0
6337,68152,0
6338,68152,0
6339,68152,0
6340,68152,0
6341,68152,0
6342,68152,0
6343,68152,0
6344,68152,0
6345,100000,110
6346,68152,0
6347,68152,0
6348,68152,0
6349,68152,0
6350,100000,60
6351,100000,100
6352,68152,0
6353,68152,0
6354,68152,0
6355,68152,0
6356,68152,0
6357,68152,0
6358,68152,0
6359,68152,0
6360,68152,0
6361,100000,30
6362,68152,0
6363,68152,0
6364,68152,0
6365,68152,0
6366,68152,0
6367,100000,200
6368,100000,80
6369,68152,0
6370,68152,0
6371,100000,200
6372,68152,0
6373,100000,200
6374,100000,200
6375,68152,0
6376,68152,0
6377,68152,0
6378,68152,0
6379,100000,320
6380,68152,0
6381,68152,0
6382,100000,80
6383,68152,0
6384,100000,200
6385,68152,0
6386,68152,0
6387,68152,0
6388,68152,0
6389,100000,300
6390,68152,0
6391,100000,200
6392,100000,80
6393,100000,300
6394,68152,0
6395,68152,0
6396,68152,0
6397,68152,0
6398,68152,0
6399,68152,0
6400,68152,0
6401,100000,200
6402,68152,0
6403,68152,0
6404,68152,0
6405,68152,0
6406,68152,0
6407,68152,0
6408,68152,0
6409,68152,0
6410,68152,0
6411,68152,0
6412,68152,0
6413,100000,160
6414,68152,0
6415,68152,0
6416,68152,0
6417,68152,0
6418,68152,0
6419,68152,0
6420,68152,0
6421,68152,0
6422,68152,0
6423,68152,0
6424,68152,0
6425,68152,0
6426,100000,120
6427,68152,0
6428,68152,0
6429,68152,0
6430,68152,0
6431,100000,80
6432,68152,0
6433,68152,0
6434,68152,0
6435,68152,0
6436,68152,0
6437,68152,0
6438,68152,0
6439,68152,0
6440,68152,0
6441,68152,0
6442,100000,250
6443,68152,0
6444,68152,0
6445,68152,0
6446,68152,0
6447,68152,0
6448,68152,0
6449,68152,0
6450,68152,0
6451,100000,200
6452,68152,0
6453,68152,0
6454,68152,0
6455,68152,0
6456,68152,0
6457,68152,0
6458,68152,0
6459,68152,0
6460,68152,0
6461,68152,0
6462,68152,0
6463,68152,0
6464,68152,0
6465,68152,0
6466,68152,0
6467,68152,0
6468,100000,200
6469,68152,0
6470,100000,40
6471,100000,40
6472,100000,200
6473,68152,0
6474,68152,0
6475,68152,0
6476,100000,30
6477,68152,0
6478,68152,0
6479,68152,0
6480,68152,0
6481,100000,150
6482,100000,200
6483,68152,0
6484,68152,0
6485,68152,0
6486,68152,0
6487,68152,0
6488,100000,50
6489,68152,0
6490,68152,0
6491,68152,0
6492,68152,0
6493,68152,0
6494,100000,150
6495,68152,0
6496,68152,0
6497,68152,0
6498,68152,0
6499,68152,0
6500,68152,0
6501,68152,0
6502,68152,0
6503,68152,0
6504,68152,0
6505,68152,0
6506,68152,0
6507,68152,0
6508,68152,0
6509,100000,200
6510,68152,0
6511,68152,0
6512,68152,0
6513,68152,0
6514,100000,200
6515,68152,0
6516,68152,0
6517,68152,0
6518,68152,0
6519,68152,0
6520,68152,0
6521,68152,0
6522,68152,0
6523,100000,200
6524,68152,0
6525,68152,0
6526,100000,200
6527,68152,0
6528,68152,0
6529,68152,0
6530,68152,0
6531,100000,30
6532,68152,0
6533,100000,200
6534,68152,0
6535,68152,0
6536,68152,0
6537,68152,0
6538,68152,0
6539,68152,0
6540,68152,0
6541,100000,450
6542,68152,0
6543,68152,0
6544,68152,0
6545,68152,0
6546,68152,0
6547,68152,0
6548,68152,0
6549,68152,0
6550,68152,0
6551,68152,0
6552,68152,0
6553,68152,0
6554,68152,0
6555,68152,0
6556,68152,0
6557,68152,0
6558,68152,0
6559,68152,0
6560,68152,0
6561,68152,0
6562,68152,0
6563,68152,0
6564,68152,0
6565,68152,0
6566,68152,0
6567,68152,0
6568,68152,0
6569,68152,0
6570,100000,80
6571,68152,0
6572,68152,0
6573,68152,0
6574,68152,0
6575,68152,0
6576,68152,0
6577,68152,0
6578,68152,0
6579,68152,0
6580,68152,0
6581,100000,200
6582,68152,0
6583,68152,0
6584,68152,0
6585,68152,0
6586,68152,0
6587,68152,0
6588,68152,0
6589,68152,0
6590,68152,0
6591,100000,200
6592,68152,0
6593,100000,160
6594,68152,0
6595,68152,0
6596,100000,50
6597,68152,0
6598,68152,0
6599,100000,80
6600,68152,0
6601,68152,0
6602,68152,0
6603,68152,0
6604,68152,0
6605,68152,0
6606,68152,0
6607,68152,0
6608,68152,0
6609,68152,0
6610,100000,200
6611,68152,0
6612,68152,0
6613,68152,0
6614,68152,0
6615,68152,0
6616,68152,0
6617,68152,0
6618,68152,0
6619,68152,0
6620,68152,0
6621,68152,0
6622,68152,0
6623,68152,0
6624,100000,200
6625,68152,0
6626,68152,0
6627,68152,0
6628,68152,0
6629,100000,50
6630,68152,0
6631,68152,0
6632,68152,0
6633,68152,0
6634,68152,0
6635,68152,0
6636,100000,200
6637,68152,0
6638,68152,0
6639,100000,50
6640,100000,160
6641,68152,0
6642,68152,0
6643,68152,0
6644,100000,200
6645,68152,0
6646,100000,200
6647,100000,120
6648,68152,0
6649,68152,0
6650,68152,0
6651,68152,0
6652,68152,0
6653,68152,0
6654,68152,0
6655,100000,160
6656,68152,0
6657,68152,0
6658,68152,0
6659,68152,0
6660,68152,0
6661,68152,0
6662,68152,0
6663,68152,0
6664,68152,0
6665,68152,0
6666,100000,200
6667,100000,50
6668,100000,40
6669,68152,0
6670,68152,0
6671,100000,60
6672,68152,0
6673,68152,0
6674,68152,0
6675,68152,0
6676,68152,0
6677,68152,0
6678,68152,0
6679,100000,200
6680,68152,0
6681,68152,0
6682,100000,120
6683,68152,0
6684,68152,0
6685,68152,0
6686,68152,0
6687,68152,0
6688,68152,0
6689,68152,0
6690,68152,0
6691,68152,0
6692,100000,150
6693,68152,0
6694,100000,200
6695,100000,80
6696,68152,0
6697,68152,0
6698,100000,200
6699,100000,400
6700,68152,0
6701,68152,0
6702,68152,0
6703,100000,200
6704,68152,0
6705,68152,0
6706,68152,0
6707,68152,0
6708,100000,200
6709,68152,0
6710,100000,200
6711,68152,0
6712,68152,0
6713,68152,0
6714,68152,0
6715,68152,0
6716,68152,0
6717,68152,0
6718,68152,0
6719,68152,0
6720,100000,200
6721,68152,0
6722,68152,0
6723,68152,0
6724,68152,0
6725,68152,0
6726,68152,0
6727,68152,0
6728,68152,0
6729,68152,0
6730,68152,0
6731,68152,0
6732,68152,0
6733,100000,80
6734,68152,0
6735,68152,0
6736,100000,200
6737,100000,60
6738,68152,0
6739,68152,0
6740,100000,200
6741,68152,0
6742,68152,0
6743,68152,0
6744,68152,0
6745,68152,0
6746,68152,0
6747,68152,0
6748,68152,0
6749,68152,0
6750,68152,0
6751,68152,0
6752,68152,0
6753,68152,0
6754,68152,0
6755,68152,0
6756,68152,0
6757,68152,0
6758,68152,0
6759,100000,200
6760,68152,0
6761,68152,0
6762,68152,0
6763,100000,50
6764,68152,0
6765,68152,0
6766,68152,0
6767,68152,0
6768,68152,0
6769,68152,0
6770,100000,200
6771,100000,500
6772,100000,200
6773,68152,0
6774,68152,0
6775,100000,200
6776,100000,200
6777,100000,240
6778,68152,0
6779,68152,0
6780,68152,0
6781,100000,250
6782,68152,0
6783,68152,0
6784,68152,0
6785,68152,0
6786,68152,0
6787,68152,0
6788,68152,0
6789,68152,0
6790,68152,0
6791,68152,0
6792,68152,0
6793,68152,0
6794,68152,0
6795,68152,0
6796,100000,280
6797,100000,200
6798,100000,250
6799,68152,0
6800,68152,0
6801,68152,0
6802,68152,0
6803,100000,120
6804,68152,0
6805,68152,0
6806,68152,0
6807,100000,30
6808,68152,0
6809,68152,0
6810,68152,0
6811,68152,0
6812,68152,0
6813,68152,0
6814,68152,0
6815,100000,260
6816,68152,0
6817,68152,0
6818,68152,0
6819,68152,0
6820,68152,0
6821,68152,0
6822,68152,0
6823,68152,0
6824,68152,0
6825,68152,0
6826,68152,0
6827,68152,0
6828,68152,0
6829,68152,0
6830,68152,0
6831,68152,0
6832,68152,0
6833,68152,0
6834,68152,0
6835,68152,0
6836,100000,40
6837,100000,200
6838,100000,80
6839,68152,0
6840,68152,0
6841,68152,0
6842,68152,0
6843,68152,0
6844,68152,0
6845,68152,0
6846,68152,0
6847,68152,0
6848,68152,0
6849,68152,0
6850,68152,0
6851,68152,0
6852,68152,0
6853,68152,0
6854,68152,0
6855,68152,0
6856,68152,0
6857,68152,0
6858,68152,0
6859,100000,200
6860,68152,0
6861,68152,0
6862,68152,0
6863,68152,0
6864,68152,0
6865,100000,200
6866,100000,200
6867,68152,0
6868,68152,0
6869,68152,0
6870,68152,0
6871,100000,50
6872,68152,0
6873,68152,0
6874,100000,30
6875,68152,0
6876,68152,0
6877,68152,0
6878,100000,450
6879,68152,0
6880,68152,0
6881,100000,180
6882,68152,0
6883,68152,0
6884,68152,0
6885,68152,0
6886,68152,0
6887,68152,0
6888,68152,0
6889,100000,200
6890,68152,0
6891,68152,0
6892,68152,0
6893,68152,0
6894,100000,200
6895,68152,0
6896,68152,0
6897,68152,0
6898,68152,0
6899,68152,0
6900,100000,250
6901,68152,0
6902,68152,0
6903,68152,0
6904,100000,160
6905,68152,0
6906,68152,0
6907,68152,0
6908,68152,0
6909,68152,0
6910,68152,0
6911,68152,0
6912,68152,0
6913,68152,0
6914,68152,0
6915,68152,0
6916,68152,0
6917,68152,0
6918,68152,0
6919,68152,0
6920,68152,0
6921,100000,200
6922,68152,0
6923,68152,0
6924,68152,0
6925,68152,0
6926,68152,0
6927,68152,0
6928,68152,0
6929,68152,0
6930,68152,0
6931,68152,0
6932,68152,0
6933,68152,0
6934,68152,0
6935,68152,0
6936,100000,80
6937,68152,0
6938,68152,0
6939,68152,0
6940,68152,0
6941,100000,200
6942,68152,0
6943,100000,50
6944,68152,0
6945,68152,0
6946,68152,0
6947,68152,0
6948,68152,0
6949,68152,0
6950,68152,0
6951,68152,0
6952,68152,0
6953,68152,0
6954,68152,0
6955,68152,0
6956,68152,0
6957,68152,0
6958,68152,0
6959,68152,0
6960,68152,0
6961,100000,320
6962,68152,0
6963,68152,0
6964,68152,0
6965,68152,0
6966,68152,0
6967,68152,0
6968,68152,0
6969,68152,0
6970,68152,0
6971,68152,0
6972,68152,0
6973,68152,0
6974,100000,200
6975,100000,200
6976,68152,0
6977,100000,170
6978,100000,120
6979,68152,0
6980,100000,280
6981,68152,0
6982,68152,0
6983,68152,0
6984,100000,200
6985,68152,0
6986,100000,200
6987,68152,0
6988,68152,0
6989,68152,0
6990,68152,0
6991,68152,0
6992,68152,0
6993,68152,0
6994,100000,60
6995,68152,0
6996,68152,0
6997,68152,0
6998,68152,0
6999,68152,0
7000,68152,0
7001,68152,0
7002,68152,0
7003,100000,200
7004,100000,50
7005,68152,0
7006,68152,0
7007,68152,0
7008,68152,0
7009,100000,120
7010,68152,0
7011,68152,0
7012,68152,0
7013,68152,0
7014,68152,0
7015,68152,0
7016,68152,0
7017,68152,0
7018,68152,0
7019,68152,0
7020,68152,0
7021,100000,60
7022,68152,0
7023,68152,0
7024,68152,0
7025,68152,0
7026,68152,0
7027,68152,0
7028,68152,0
7029,68152,0
7030,68152,0
7031,68152,0
7032,68152,0
7033,100000,200
7034,68152,0
7035,68152,0
7036,68152,0
7037,68152,0
7038,100000,120
7039,68152,0
7040,68152,0
7041,68152,0
7042,68152,0
7043,100000,130
7044,68152,0
7045,100000,280
7046,68152,0
7047,68152,0
7048,68152,0
7049,68152,0
7050,68152,0
7051,68152,0
7052,100000,400
7053,68152,0
7054,68152,0
7055,68152,0
7056,68152,0
7057,100000,200
7058,68152,0
7059,68152,0
7060,68152,0
7061,100000,200
7062,68152,0
7063,100000,200
7064,100000,200
7065,68152,0
7066,68152,0
7067,68152,0
7068,68152,0
7069,68152,0
7070,68152,0
7071,68152,0
7072,68152,0
7073,68152,0
7074,100000,30
7075,68152,0
7076,68152,0
7077,68152,0
7078,100000,180
7079,100000,100
7080,68152,0
7081,68152,0
7082,68152,0
7083,68152,0
7084,68152,0
7085,68152,0
7086,68152,0
7087,68152,0
7088,68152,0
7089,68152,0
7090,68152,0
7091,68152,0
7092,68152,0
7093,68152,0
7094,68152,0
7095,68152,0
7096,68152,0
7097,100000,80
7098,68152,0
7099,100000,100
7100,68152,0
7101,68152,0
7102,68152,0
7103,100000,200
7104,68152,0
7105,68152,0
7106,68152,0
7107,68152,0
7108,68152,0
7109,68152,0
7110,100000,50
7111,68152,0
7112,68152,0
7113,68152,0
7114,68152,0
7115,100000,100
7116,100000,200
7117,68152,0
7118,68152,0
7119,68152,0
7120,68152,0
7121,68152,0
7122,100000,50
7123,68152,0
7124,68152,0
7125,68152,0
7126,68152,0
7127,68152,0
7128,100000,200
7129,100000,200
7130,68152,0
7131,68152,0
7132,68152,0
7133,100000,150
7134,68152,0
7135,100000,50
7136,100000,140
7137,68152,0
7138,68152,0
7139,100000,200
7140,68152,0
7141,68152,0
7142,68152,0
7143,68152,0
7144,68152,0
7145,68152,0
7146,68152,0
7147,68152,0
7148,68152,0
7149,100000,90
7150,68152,0
7151,100000,160
7152,68152,0
7153,68152,0
7154,100000,30
7155,68152,0
7156,68152,0
7157,68152,0
7158,68152,0
7159,68152,0
7160,68152,0
7161,68152,0
7162,68152,0
7163,100000,200
7164,100000,200
7165,68152,0
7166,68152,0
7167,68152,0
7168,68152,0
7169,68152,0
7170,68152,0
7171,68152,0
7172,68152,0
7173,68152,0
7174,100000,120
7175,68152,0
7176,68152,0
7177,68152,0
7178,100000,200
7179,68152,0
7180,68152,0
7181,68152,0
7182,68152,0
7183,68152,0
7184,100000,200
7185,100000,150
7186,68152,0
7187,68152,0
7188,68152,0
7189,68152,0
7190,68152,0
7191,68152,0
7192,68152,0
7193,68152,0
7194,100000,500
7195,68152,0
7196,100000,200
7197,68152,0
7198,68152,0
7199,68152,0
7200,100000,80
7201,100000,30
7202,68152,0
7203,68152,0
7204,68152,0
7205,68152,0
7206,68152,0
7207,68152,0
7208,68152,0
7209,68152,0
7210,68152,0
7211,100000,30
7212,68152,0
7213,68152,0
7214,68152,0
7215,68152,0
7216,68152,0
7217,68152,0
7218,68152,0
7219,68152,0
7220,68152,0
7221,68152,0
7222,68152,0
7223,68152,0
7224,100000,450
7225,68152,0
7226,68152,0
7227,68152,0
7228,68152,0
7229,68152,0
7230,68152,0
7231,68152,0
7232,100000,200
7233,68152,0
7234,68152,0
7235,68152,0
7236,68152,0
7237,68152,0
7238,68152,0
7239,100000,200
7240,68152,0
7241,68152,0
7242,68152,0
7243,68152,0
7244,68152,0
7245,68152,0
7246,100000,250
7247,68152,0
7248,68152,0
7249,68152,0
7250,68152,0
7251,68152,0
7252,68152,0
7253,100000,200
7254,100000,100
7255,68152,0
7256,100000,200
7257,68152,0
7258,68152,0
7259,68152,0
7260,68152,0
7261,68152,0
7262,68152,0
7263,68152,0
7264,68152,0
7265,100000,120
7266,68152,0
7267,100000,50
7268,68152,0
7269,100000,80
7270,100000,200
7271,68152,0
7272,68152,0
7273,100000,200
7274,68152,0
7275,100000,40
7276,68152,0
7277,68152,0
7278,68152,0
7279,68152,0
7280,68152,0
7281,68152,0
7282,68152,0
7283,68152,0
7284,68152,0
7285,68152,0
7286,100000,200
7287,68152,0
7288,68152,0
7289,68152,0
7290,68152,0
7291,68152,0
7292,68152,0
7293,100000,60
7294,68152,0
7295,68152,0
7296,100000,120
7297,68152,0
7298,68152,0
7299,68152,0
7300,68152,0
7301,68152,0
7302,68152,0
7303,100000,30
7304,68152,0
7305,68152,0
7306,68152,0
7307,68152,0
7308,100000,60
7309,68152,0
7310,68152,0
7311,68152,0
7312,100000,60
7313,100000,40
7314,68152,0
7315,68152,0
7316,100000,120
7317,100000,590
7318,68152,0
7319,68152,0
7320,100000,400
7321,68152,0
7322,68152,0
7323,68152,0
7324,68152,0
7325,68152,0
7326,68152,0
7327,68152,0
7328,68152,0
7329,68152,0
7330,68152,0
7331,100000,200
7332,68152,0
7333,68152,0
7334,100000,200
7335,100000,200
7336,68152,0
7337,68152,0
7338,100000,200
7339,68152,0
7340,68152,0
7341,68152,0
7342,68152,0
7343,68152,0
7344,68152,0
7345,68152,0
7346,68152,0
7347,68152,0
7348,68152,0
7349,68152,0
7350,100000,30
7351,100000,200
7352,68152,0
7353,68152,0
7354,68152,0
7355,68152,0
7356,68152,0
7357,68152,0
7358,68152,0
7359,68152,0
7360,68152,0
7361,68152,0
7362,100000,50
7363,68152,0
7364,100000,200
7365,100000,200
7366,68152,0
7367,68152,0
7368,68152,0
7369,100000,450
7370,100000,160
7371,68152,0
7372,68152,0
7373,68152,0
7374,68152,0
7375,68152,0
7376,68152,0
7377,68152,0
7378,68152,0
7379,68152,0
7380,100000,40
7381,68152,0
7382,68152,0
7383,68152,0
7384,68152,0
7385,68152,0
7386,100000,40
7387,68152,0
7388,100000,200
7389,68152,0
7390,68152,0
7391,68152,0
7392,68152,0
7393,68152,0
7394,68152,0
7395,68152,0
7396,68152,0
7397,68152,0
7398,100000,80
7399,68152,0
7400,68152,0
7401,68152,0
7402,68152,0
7403,68152,0
7404,68152,0
7405,68152,0
7406,68152,0
7407,100000,60
7408,68152,0
7409,68152,0
7410,68152,0
7411,68152,0
7412,68152,0
7413,100000,80
7414,68152,0
7415,68152,0
7416,100000,140
7417,68152,0
7418,100000,200
7419,68152,0
7420,100000,500
7421,68152,0
7422,68152,0
7423,68152,0
7424,68152,0
7425,100000,200
7426,68152,0
7427,68152,0
7428,68152,0
7429,100000,110
7430,68152,0
7431,100000,30
7432,68152,0
7433,68152,0
7434,68152,0
7435,68152,0
7436,68152,0
7437,68152,0
7438,68152,0
7439,68152,0
7440,100000,200
7441,68152,0
7442,68152,0
7443,68152,0
7444,68152,0
7445,100000,40
7446,100000,200
7447,100000,120
7448,68152,0
7449,68152,0
7450,68152,0
7451,100000,100
7452,68152,0
7453,68152,0
7454,100000,40
7455,68152,0
7456,68152,0
7457,68152,0
7458,68152,0
7459,100000,60
7460,68152,0
7461,68152,0
7462,68152,0
7463,100000,300
7464,68152,0
7465,68152,0
7466,68152,0
7467,100000,200
7468,68152,0
7469,68152,0
7470,68152,0
7471,68152,0
7472,68152,0
7473,68152,0
7474,68152,0
7475,68152,0
7476,68152,0
7477,68152,0
7478,68152,0
7479,100000,200
7480,68152,0
7481,68152,0
7482,68152,0
7483,68152,0
7484,68152,0
7485,100000,400
7486,68152,0
7487,100000,200
7488,68152,0
7489,68152,0
7490,68152,0
7491,68152,0
7492,100000,200
7493,100000,40
7494,68152,0
7495,100000,40
7496,68152,0
7497,68152,0
7498,68152,0
7499,68152,0
7500,68152,0
7501,68152,0
7502,68152,0
7503,68152,0
7504,68152,0
7505,68152,0
7506,68152,0
7507,68152,0
7508,68152,0
7509,68152,0
7510,68152,0
7511,68152,0
7512,68152,0
7513,100000,350
7514,68152,0
7515,68152,0
7516,68152,0
7517,68152,0
7518,100000,200
7519,68152,0
7520,68152,0
7521,68152,0
7522,100000,200
7523,68152,0
7524,68152,0
7525,68152,0
7526,68152,0
7527,68152,0
7528,68152,0
7529,68152,0
7530,68152,0
7531,100000,200
7532,68152,0
7533,100000,200
7534,100000,90
7535,68152,0
7536,68152,0
7537,100000,100
7538,68152,0
7539,68152,0
7540,68152,0
7541,100000,40
7542,68152,0
7543,68152,0
7544,68152,0
7545,68152,0
7546,68152,0
7547,68152,0
7548,68152,0
7549,68152,0
7550,68152,0
7551,68152,0
7552,100000,160
7553,68152,0
7554,68152,0
7555,68152,0
7556,68152,0
7557,68152,0
7558,68152,0
7559,68152,0
7560,68152,0
7561,68152,0
7562,68152,0
7563,68152,0
7564,68152,0
7565,100000,80
7566,68152,0
7567,68152,0
7568,68152,0
7569,68152,0
7570,68152,0
7571,68152,0
7572,68152,0
7573,68152,0
7574,68152,0
7575,68152,0
7576,68152,0
7577,68152,0
7578,68152,0
7579,68152,0
7580,68152,0
7581,68152,0
7582,68152,0
7583,68152,0
7584,68152,0
7585,68152,0
7586,68152,0
7587,100000,120
7588,68152,0
7589,68152,0
7590,68152,0
7591,68152,0
7592,68152,0
7593,68152,0
7594,68152,0
7595,68152,0
7596,100000,50
7597,68152,0
7598,68152,0
7599,68152,0
7600,68152,0
7601,68152,0
7602,68152,0
7603,68152,0
7604,68152,0
7605,100000,140
7606,68152,0
7607,68152,0
7608,100000,200
7609,68152,0
7610,68152,0
7611,68152,0
7612,100000,30
7613,100000,600
7614,68152,0
7615,68152,0
7616,68152,0
7617,68152,0
7618,100000,500
7619,100000,30
7620,100000,50
7621,68152,0
7622,100000,200
7623,100000,160
7624,68152,0
7625,68152,0
7626,68152,0
7627,68152,0
7628,68152,0
7629,68152,0
7630,68152,0
7631,68152,0
7632,68152,0
7633,68152,0
7634,68152,0
7635,68152,0
7636,68152,0
7637,68152,0
7638,100000,400
7639,68152,0
7640,68152,0
7641,68152,0
7642,100000,200
7643,68152,0
7644,68152,0
7645,68152,0
7646,68152,0
7647,68152,0
7648,100000,80
7649,100000,200
7650,68152,0
7651,68152,0
7652,68152,0
7653,68152,0
7654,68152,0
7655,68152,0
7656,68152,0
7657,100000,60
7658,68152,0
7659,68152,0
7660,68152,0
7661,100000,400
7662,68152,0
7663,68152,0
7664,100000,80
7665,100000,500
7666,68152,0
7667,100000,500
7668,100000,30
7669,100000,300
7670,100000,200
7671,68152,0
7672,68152,0
7673,68152,0
7674,68152,0
7675,68152,0
7676,68152,0
7677,68152,0
7678,68152,0
7679,100000,260
7680,68152,0
7681,100000,30
7682,68152,0
7683,68152,0
7684,68152,0
7685,100000,100
7686,68152,0
7687,68152,0
7688,68152,0
7689,68152,0
7690,68152,0
7691,68152,0
7692,68152,0
7693,100000,30
7694,68152,0
7695,68152,0
7696,68152,0
7697,68152,0
7698,68152,0
7699,68152,0
7700,100000,50
7701,68152,0
7702,68152,0
7703,68152,0
7704,68152,0
7705,68152,0
7706,68152,0
7707,100000,240
7708,100000,200
7709,68152,0
7710,68152,0
7711,68152,0
7712,68152,0
7713,68152,0
7714,100000,40
7715,68152,0
7716,68152,0
7717,68152,0
7718,68152,0
7719,68152,0
7720,68152,0
7721,68152,0
7722,100000,500
7723,68152,0
7724,68152,0
7725,68152,0
7726,68152,0
7727,100000,50
7728,68152,0
7729,68152,0
7730,68152,0
7731,68152,0
7732,100000,200
7733,68152,0
7734,100000,80
7735,68152,0
7736,68152,0
7737,68152,0
7738,68152,0
7739,68152,0
7740,68152,0
7741,68152,0
7742,68152,0
7743,68152,0
7744,68152,0
7745,68152,0
7746,68152,0
7747,68152,0
7748,100000,240
7749,100000,50
7750,68152,0
7751,68152,0
7752,68152,0
7753,68152,0
7754,68152,0
7755,100000,50
7756,100000,200
7757,68152,0
7758,100000,580
7759,100000,200
7760,68152,0
7761,68152,0
7762,68152,0
7763,68152,0
7764,100000,200
7765,68152,0
7766,68152,0
7767,68152,0
7768,68152,0
7769,68152,0
7770,68152,0
7771,100000,50
7772,100000,50
7773,100000,80
7774,100000,420
7775,68152,0
7776,68152,0
7777,68152,0
7778,68152,0
7779,68152,0
7780,68152,0
7781,68152,0
7782,68152,0
7783,100000,80
7784,68152,0
7785,68152,0
7786,68152,0
7787,68152,0
7788,68152,0
7789,68152,0
7790,68152,0
7791,68152,0
7792,68152,0
7793,68152,0
7794,68152,0
7795,100000,200
7796,68152,0
7797,68152,0
7798,68152,0
7799,100000,200
7800,68152,0
7801,68152,0
7802,68152,0
7803,68152,0
7804,68152,0
7805,68152,0
7806,68152,0
7807,100000,200
7808,68152,0
7809,100000,120
7810,100000,200
7811,68152,0
7812,100000,170
7813,68152,0
7814,68152,0
7815,100000,50
7816,68152,0
7817,68152,0
7818,68152,0
7819,68152,0
7820,100000,50
7821,68152,0
7822,100000,50
7823,68152,0
7824,68152,0
7825,68152,0
7826,68152,0
7827,68152,0
7828,68152,0
7829,68152,0
7830,68152,0
7831,68152,0
7832,68152,0
7833,68152,0
7834,68152,0
7835,68152,0
7836,100000,200
7837,100000,250
7838,100000,200
7839,68152,0
7840,68152,0
7841,100000,200
7842,68152,0
7843,68152,0
7844,68152,0
7845,68152,0
7846,68152,0
7847,68152,0
7848,68152,0
7849,68152,0
7850,68152,0
7851,68152,0
7852,100000,200
7853,68152,0
7854,68152,0
7855,68152,0
7856,68152,0
7857,68152,0
7858,100000,60
7859,68152,0
7860,68152,0
7861,68152,0
7862,68152,0
7863,68152,0
7864,68152,0
7865,100000,280
7866,68152,0
7867,68152,0
7868,68152,0
7869,68152,0
7870,68152,0
7871,68152,0
7872,68152,0
7873,68152,0
7874,100000,200
7875,68152,0
7876,68152,0
7877,68152,0
7878,68152,0
7879,68152,0
7880,68152,0
7881,68152,0
7882,68152,0
7883,68152,0
7884,68152,0
7885,68152,0
7886,68152,0
7887,68152,0
7888,68152,0
7889,100000,120
7890,68152,0
7891,100000,60
7892,68152,0
7893,68152,0
7894,68152,0
7895,68152,0
7896,100000,200
7897,68152,0
7898,68152,0
7899,68152,0
7900,68152,0
7901,68152,0
7902,68152,0
7903,68152,0
7904,68152,0
7905,68152,0
7906,100000,200
7907,68152,0
7908,68152,0
7909,68152,0
7910,68152,0
7911,100000,200
7912,68152,0
7913,68152,0
7914,68152,0
7915,68152,0
7916,68152,0
7917,68152,0
7918,68152,0
7919,68152,0
7920,68152,0
7921,68152,0
7922,68152,0
7923,68152,0
7924,68152,0
7925,100000,50
7926,68152,0
7927,68152,0
7928,100000,60
7929,68152,0
7930,68152,0
7931,100000,240
7932,100000,500
7933,100000,200
7934,68152,0
7935,68152,0
7936,68152,0
7937,68152,0
7938,68152,0
7939,100000,200
7940,68152,0
7941,68152,0
7942,68152,0
7943,68152,0
7944,68152,0
7945,68152,0
7946,68152,0
7947,68152,0
7948,68152,0
7949,100000,200
7950,68152,0
7951,68152,0
7952,68152,0
7953,68152,0
7954,68152,0
7955,100000,200
7956,68152,0
7957,100000,200
7958,68152,0
7959,68152,0
7960,100000,200
7961,68152,0
7962,68152,0
7963,100000,200
7964,68152,0
7965,68152,0
7966,68152,0
7967,68152,0
7968,68152,0
7969,68152,0
7970,68152,0
7971,68152,0
7972,68152,0
7973,100000,30
7974,68152,0
7975,68152,0
7976,100000,200
7977,68152,0
7978,68152,0
7979,68152,0
7980,68152,0
7981,68152,0
7982,68152,0
7983,68152,0
7984,68152,0
7985,68152,0
7986,68152,0
7987,68152,0
7988,100000,200
7989,68152,0
7990,68152,0
7991,68152,0
7992,68152,0
7993,68152,0
7994,68152,0
7995,100000,60
7996,68152,0
7997,68152,0
7998,68152,0
7999,68152,0
8000,68152,0
8001,68152,0
8002,68152,0
8003,68152,0
8004,100000,260
8005,100000,250
8006,68152,0
8007,68152,0
8008,68152,0
8009,68152,0
8010,68152,0
8011,100000,240
8012,68152,0
8013,100000,200
8014,68152,0
8015,68152,0
8016,100000,160
8017,68152,0
8018,68152,0
8019,68152,0
8020,68152,0
8021,100000,50
8022,68152,0
8023,68152,0
8024,68152,0
8025,100000,200
8026,68152,0
8027,68152,0
8028,100000,40
8029,68152,0
8030,100000,240
8031,100000,200
8032,68152,0
8033,68152,0
8034,68152,0
8035,68152,0
8036,68152,0
8037,68152,0
8038,68152,0
8039,68152,0
8040,68152,0
8041,68152,0
8042,68152,0
8043,68152,0
8044,68152,0
8045,68152,0
8046,100000,80
8047,68152,0
8048,68152,0
8049,68152,0
8050,68152,0
8051,68152,0
8052,68152,0
8053,68152,0
8054,68152,0
8055,68152,0
8056,68152,0
8057,68152,0
8058,100000,80
8059,100000,110
8060,68152,0
8061,68152,0
8062,68152,0
8063,100000,30
8064,68152,0
8065,68152,0
8066,68152,0
8067,68152,0
8068,100000,200
8069,68152,0
8070,68152,0
8071,68152,0
8072,68152,0
8073,68152,0
8074,100000,180
8075,68152,0
8076,68152,0
8077,68152,0
8078,68152,0
8079,68152,0
8080,68152,0
8081,68152,0
8082,68152,0
8083,68152,0
8084,68152,0
8085,68152,0
8086,68152,0
8087,68152,0
8088,68152,0
8089,68152,0
8090,100000,400
8091,68152,0
8092,68152,0
8093,68152,0
8094,68152,0
8095,68152,0
8096,68152,0
8097,68152,0
8098,68152,0
8099,68152,0
8100,68152,0
8101,68152,0
8102,68152,0
8103,68152,0
8104,100000,200
8105,68152,0
8106,68152,0
8107,68152,0
8108,68152,0
8109,68152,0
8110,100000,200
8111,68152,0
8112,68152,0
8113,68152,0
8114,68152,0
8115,100000,120
8116,68152,0
8117,68152,0
8118,68152,0
8119,68152,0
8120,100000,40
8121,68152,0
8122,68152,0
8123,100000,200
8124,100000,200
8125,68152,0
8126,68152,0
8127,68152,0
8128,68152,0
8129,68152,0
8130,68152,0
8131,68152,0
8132,68152,0
8133,68152,0
8134,100000,200
8135,68152,0
8136,68152,0
8137,68152,0
8138,68152,0
8139,68152,0
8140,100000,80
8141,68152,0
8142,68152,0
8143,100000,200
8144,100000,200
8145,100000,200
8146,100000,200
8147,68152,0
8148,100000,30
8149,68152,0
8150,68152,0
8151,68152,0
8152,68152,0
8153,68152,0
8154,100000,200
8155,68152,0
8156,100000,160
8157,100000,140
8158,68152,0
8159,100000,200
8160,68152,0
8161,68152,0
8162,68152,0
8163,68152,0
8164,68152,0
8165,100000,250
8166,100000,200
8167,68152,0
8168,68152,0
8169,68152,0
8170,68152,0
8171,68152,0
8172,68152,0
8173,68152,0
8174,100000,200
8175,68152,0
8176,100000,30
8177,68152,0
8178,68152,0
8179,68152,0
8180,68152,0
8181,68152,0
8182,100000,200
8183,68152,0
8184,68152,0
8185,100000,200
8186,68152,0
8187,100000,200
8188,68152,0
8189,68152,0
8190,68152,0
8191,68152,0
8192,68152,0
8193,68152,0
8194,68152,0
8195,68152,0
8196,68152,0
8197,68152,0
8198,100000,200
8199,68152,0
8200,68152,0
8201,68152,0
8202,68152,0
8203,68152,0
8204,100000,160
8205,68152,0
8206,100000,200
8207,68152,0
8208,68152,0
8209,68152,0
8210,68152,0
8211,68152,0
8212,100000,200
8213,100000,40
8214,68152,0
8215,100000,200
8216,68152,0
8217,68152,0
8218,100000,210
8219,68152,0
8220,68152,0
8221,68152,0
8222,68152,0
8223,68152,0
8224,68152,0
8225,68152,0
8226,100000,200
8227,100000,200
8228,100000,30
8229,68152,0
8230,68152,0
8231,68152,0
8232,68152,0
8233,68152,0
8234,68152,0
8235,68152,0
8236,68152,0
8237,68152,0
8238,68152,0
8239,68152,0
8240,100000,120
8241,100000,40
8242,68152,0
8243,68152,0
8244,68152,0
8245,68152,0
8246,100000,200
8247,68152,0
8248,100000,200
8249,68152,0
8250,68152,0
8251,68152,0
8252,68152,0
8253,68152,0
8254,68152,0
8255,68152,0
8256,100000,180
8257,100000,40
8258,100000,170
8259,68152,0
8260,68152,0
8261,100000,200
8262,68152,0
8263,68152,0
8264,68152,0
8265,68152,0
8266,100000,50
8267,68152,0
8268,68152,0
8269,100000,50
8270,68152,0
8271,68152,0
8272,68152,0
8273,100000,200
8274,100000,320
8275,68152,0
8276,68152,0
8277,68152,0
8278,68152,0
8279,68152,0
8280,68152,0
8281,68152,0
8282,68152,0
8283,68152,0
8284,68152,0
8285,68152,0
8286,68152,0
8287,68152,0
8288,68152,0
8289,68152,0
8290,68152,0
8291,68152,0
8292,68152,0
8293,68152,0
8294,100000,240
8295,68152,0
8296,100000,170
8297,68152,0
8298,68152,0
8299,68152,0
8300,68152,0
8301,68152,0
8302,68152,0
8303,68152,0
8304,68152,0
8305,68152,0
8306,68152,0
8307,68152,0
8308,68152,0
8309,100000,280
8310,68152,0
8311,100000,120
8312,68152,0
8313,68152,0
8314,68152,0
8315,68152,0
8316,68152,0
8317,68152,0
8318,68152,0
8319,100000,200
8320,68152,0
8321,68152,0
8322,68152,0
8323,68152,0
8324,68152,0
8325,100000,200
8326,68152,0
8327,68152,0
8328,100000,350
8329,68152,0
8330,68152,0
8331,100000,600
8332,68152,0
8333,68152,0
8334,100000,200
8335,68152,0
8336,68152,0
8337,68152,0
8338,100000,200
8339,68152,0
8340,68152,0
8341,68152,0
8342,100000,200
8343,100000,30
8344,68152,0
8345,100000,260
8346,68152,0
8347,68152,0
8348,68152,0
8349,100000,200
8350,68152,0
8351,100000,200
8352,68152,0
8353,68152,0
8354,68152,0
8355,68152,0
8356,68152,0
8357,68152,0
8358,100000,120
8359,68152,0
8360,68152,0
8361,100000,200
8362,68152,0
8363,68152,0
8364,100000,80
8365,100000,60
8366,100000,40
8367,68152,0
8368,68152,0
8369,100000,150
8370,100000,60
8371,100000,200
8372,100000,320
8373,68152,0
8374,68152,0
8375,68152,0
8376,68152,0
8377,100000,200
8378,68152,0
8379,100000,120
8380,100000,160
8381,68152,0
8382,68152,0
8383,68152,0
8384,68152,0
8385,68152,0
8386,100000,40
8387,68152,0
8388,68152,0
8389,68152,0
8390,68152,0
8391,68152,0
8392,68152,0
8393,68152,0
8394,68152,0
8395,68152,0
8396,68152,0
8397,68152,0
8398,68152,0
8399,68152,0
8400,68152,0
8401,68152,0
8402,68152,0
8403,68152,0
8404,68152,0
8405,68152,0
8406,100000,200
8407,68152,0
8408,68152,0
8409,100000,200
8410,68152,0
8411,100000,200
8412,68152,0
8413,100000,200
8414,68152,0
8415,68152,0
8416,100000,200
8417,68152,0
8418,68152,0
8419,68152,0
8420,68152,0
8421,68152,0
8422,68152,0
8423,68152,0
8424,68152,0
8425,68152,0
8426,68152,0
8427,68152,0
8428,68152,0
8429,100000,200
8430,68152,0
8431,68152,0
8432,100000,80
8433,68152,0
8434,68152,0
8435,68152,0
8436,68152,0
8437,68152,0
8438,68152,0
8439,68152,0
8440,68152,0
8441,68152,0
8442,68152,0
8443,68152,0
8444,68152,0
8445,100000,30
8446,68152,0
8447,68152,0
8448,68152,0
8449,68152,0
8450,68152,0
8451,68152,0
8452,68152,0
8453,68152,0
8454,68152,0
8455,68152,0
8456,68152,0
8457,100000,550
8458,68152,0
8459,100000,200
8460,100000,250
8461,68152,0
8462,68152,0
8463,100000,200
8464,100000,160
8465,100000,50
8466,68152,0
8467,100000,80
8468,68152,0
8469,68152,0
8470,100000,200
8471,68152,0
8472,100000,200
8473,68152,0
8474,100000,200
8475,100000,50
8476,100000,80
8477,68152,0
8478,68152,0
8479,68152,0
8480,68152,0
8481,68152,0
8482,68152,0
8483,100000,40
8484,68152,0
8485,68152,0
8486,68152,0
8487,68152,0
8488,68152,0
8489,68152,0
8490,100000,200
8491,68152,0
8492,68152,0
8493,68152,0
8494,68152,0
8495,68152,0
8496,68152,0
8497,68152,0
8498,68152,0
8499,68152,0
8500,100000,160
8501,68152,0
8502,68152,0
8503,100000,170
8504,68152,0
8505,68152,0
8506,68152,0
8507,100000,30
8508,68152,0
8509,68152,0
8510,68152,0
8511,68152,0
8512,68152,0
8513,68152,0
8514,68152,0
8515,68152,0
8516,68152,0
8517,68152,0
8518,68152,0
8519,100000,200
8520,100000,120
8521,68152,0
8522,68152,0
8523,68152,0
8524,68152,0
8525,100000,30
8526,100000,100
8527,68152,0
8528,68152,0
8529,68152,0
8530,68152,0
8531,68152,0
8532,68152,0
8533,68152,0
8534,68152,0
8535,100000,200
8536,68152,0
8537,68152,0
8538,68152,0
8539,68152,0
8540,68152,0
8541,100000,200
8542,68152,0
8543,68152,0
8544,100000,200
8545,68152,0
8546,68152,0
8547,68152,0
8548,68152,0
8549,68152,0
8550,68152,0
8551,100000,50
8552,100000,80
8553,68152,0
8554,68152,0
8555,100000,200
8556,68152,0
8557,68152,0
8558,68152,0
8559,68152,0
8560,100000,160
8561,68152,0
8562,68152,0
8563,68152,0
8564,68152,0
8565,68152,0
8566,68152,0
8567,100000,100
8568,68152,0
8569,68152,0
8570,100000,200
8571,100000,60
8572,68152,0
8573,68152,0
8574,68152,0
8575,68152,0
8576,68152,0
8577,68152,0
8578,68152,0
8579,68152,0
8580,100000,280
8581,100000,200
8582,68152,0
8583,100000,200
8584,68152,0
8585,68152,0
8586,68152,0
8587,68152,0
8588,68152,0
8589,68152,0
8590,100000,200
8591,68152,0
8592,68152,0
8593,68152,0
8594,68152,0
8595,68152,0
8596,68152,0
8597,68152,0
8598,68152,0
8599,68152,0
8600,68152,0
8601,68152,0
8602,68152,0
8603,100000,200
8604,68152,0
8605,68152,0
8606,68152,0
8607,68152,0
8608,68152,0
8609,68152,0
8610,100000,60
8611,68152,0
8612,68152,0
8613,68152,0
8614,100000,200
8615,100000,300
8616,68152,0
8617,68152,0
8618,68152,0
8619,100000,200
8620,68152,0
8621,68152,0
8622,68152,0
8623,68152,0
8624,68152,0
8625,68152,0
8626,68152,0
8627,68152,0
8628,68152,0
8629,68152,0
8630,68152,0
8631,68152,0
8632,68152,0
8633,68152,0
8634,68152,0
8635,100000,60
8636,68152,0
8637,100000,200
8638,68152,0
8639,68152,0
8640,68152,0
8641,100000,40
8642,68152,0
8643,68152,0
8644,68152,0
8645,68152,0
8646,68152,0
8647,68152,0
8648,68152,0
8649,68152,0
8650,68152,0
8651,68152,0
8652,68152,0
8653,68152,0
8654,68152,0
8655,68152,0
8656,68152,0
8657,68152,0
8658,68152,0
8659,100000,260
8660,68152,0
8661,68152,0
8662,100000,200
8663,68152,0
8664,68152,0
8665,68152,0
8666,68152,0
8667,100000,200
8668,68152,0
8669,100000,50
8670,68152,0
8671,100000,200
8672,68152,0
8673,68152,0
8674,68152,0
8675,68152,0
8676,68152,0
8677,68152,0
8678,68152,0
8679,68152,0
8680,68152,0
8681,68152,0
8682,68152,0
8683,100000,40
8684,100000,100
8685,68152,0
8686,100000,200
8687,68152,0
8688,100000,120
8689,68152,0
8690,100000,40
8691,100000,40
8692,68152,0
8693,68152,0
8694,68152,0
8695,68152,0
8696,68152,0
8697,68152,0
8698,68152,0
8699,68152,0
8700,68152,0
8701,68152,0
8702,68152,0
8703,68152,0
8704,68152,0
8705,68152,0
8706,68152,0
8707,68152,0
8708,100000,50
8709,100000,200
8710,100000,200
8711,68152,0
8712,100000,80
8713,68152,0
8714,68152,0
8715,68152,0
8716,100000,200
8717,100000,200
8718,68152,0
8719,68152,0
8720,100000,60
8721,68152,0
8722,68152,0
8723,100000,200
8724,68152,0
8725,68152,0
8726,68152,0
8727,68152,0
8728,68152,0
8729,68152,0
8730,68152,0
8731,68152,0
8732,68152,0
8733,100000,30
8734,68152,0
8735,100000,350
8736,68152,0
8737,68152,0
8738,100000,170
8739,100000,200
8740,68152,0
8741,68152,0
8742,68152,0
8743,68152,0
8744,100000,220
8745,68152,0
8746,68152,0
8747,68152,0
8748,68152,0
8749,68152,0
8750,68152,0
8751,68152,0
8752,68152,0
8753,68152,0
8754,68152,0
8755,68152,0
8756,100000,130
8757,100000,160
8758,68152,0
8759,68152,0
8760,68152,0
8761,68152,0
8762,68152,0
8763,68152,0
8764,68152,0
8765,68152,0
8766,100000,50
8767,68152,0
8768,68152,0
8769,68152,0
8770,68152,0
8771,68152,0
8772,68152,0
8773,68152,0
8774,68152,0
8775,68152,0
8776,68152,0
8777,100000,200
8778,68152,0
8779,68152,0
8780,68152,0
8781,68152,0
8782,100000,600
8783,68152,0
8784,68152,0
8785,68152,0
8786,68152,0
8787,68152,0
8788,68152,0
8789,68152,0
8790,68152,0
8791,100000,50
8792,68152,0
8793,100000,200
8794,68152,0
8795,68152,0
8796,68152,0
8797,68152,0
8798,68152,0
8799,68152,0
8800,68152,0
8801,68152,0
8802,68152,0
8803,68152,0
8804,100000,120
8805,100000,30
8806,68152,0
8807,100000,200
8808,100000,50
8809,68152,0
8810,100000,110
8811,68152,0
8812,68152,0
8813,68152,0
8814,68152,0
8815,68152,0
8816,68152,0
8817,68152,0
8818,100000,200
8819,68152,0
8820,68152,0
8821,68152,0
8822,68152,0
8823,100000,50
8824,68152,0
8825,68152,0
8826,68152,0
8827,68152,0
8828,68152,0
8829,68152,0
8830,68152,0
8831,100000,30
8832,100000,120
8833,100000,200
8834,68152,0
8835,68152,0
8836,68152,0
8837,68152,0
8838,68152,0
8839,68152,0
8840,68152,0
8841,68152,0
8842,68152,0
8843,68152,0
8844,100000,200
8845,68152,0
8846,68152,0
8847,68152,0
8848,100000,170
8849,68152,0
8850,68152,0
8851,68152,0
8852,68152,0
8853,68152,0
8854,68152,0
8855,68152,0
8856,68152,0
8857,68152,0
8858,68152,0
8859,68152,0
8860,68152,0
8861,100000,40
8862,68152,0
8863,68152,0
8864,100000,50
8865,68152,0
8866,100000,40
8867,68152,0
8868,68152,0
8869,68152,0
8870,68152,0
8871,68152,0
8872,68152,0
8873,68152,0
8874,68152,0
8875,68152,0
8876,68152,0
8877,68152,0
8878,68152,0
8879,68152,0
8880,68152,0
8881,100000,200
8882,68152,0
8883,68152,0
8884,68152,0
8885,68152,0
8886,68152,0
8887,68152,0
8888,68152,0
8889,68152,0
8890,100000,200
8891,68152,0
8892,68152,0
8893,100000,100
8894,100000,200
8895,68152,0
8896,68152,0
8897,68152,0
8898,100000,60
8899,100000,200
8900,68152,0
8901,68152,0
8902,100000,200
8903,100000,500
8904,68152,0
8905,68152,0
8906,68152,0
8907,68152,0
8908,68152,0
8909,100000,200
8910,68152,0
8911,100000,200
8912,68152,0
8913,68152,0
8914,100000,60
8915,68152,0
8916,100000,250
8917,68152,0
8918,68152,0
8919,68152,0
8920,68152,0
8921,68152,0
8922,68152,0
8923,68152,0
8924,68152,0
8925,68152,0
8926,68152,0
8927,68152,0
8928,68152,0
8929,68152,0
8930,68152,0
8931,100000,200
8932,100000,200
8933,100000,200
8934,68152,0
8935,68152,0
8936,68152,0
8937,68152,0
8938,68152,0
8939,68152,0
8940,68152,0
8941,100000,80
8942,68152,0
8943,68152,0
8944,68152,0
8945,68152,0
8946,100000,40
8947,100000,200
8948,100000,80
8949,68152,0
8950,100000,30
8951,68152,0
8952,68152,0
8953,68152,0
8954,68152,0
8955,68152,0
8956,100000,60
8957,68152,0
8958,68152,0
8959,68152,0
8960,68152,0
8961,68152,0
8962,68152,0
8963,100000,30
8964,100000,200
8965,68152,0
8966,100000,200
8967,68152,0
8968,68152,0
8969,68152,0
8970,68152,0
8971,100000,100
8972,100000,160
8973,68152,0
8974,68152,0
8975,68152,0
8976,68152,0
8977,68152,0
8978,68152,0
8979,68152,0
8980,100000,150
8981,68152,0
8982,100000,200
8983,100000,40
8984,68152,0
8985,68152,0
8986,68152,0
8987,68152,0
8988,68152,0
8989,100000,200
8990,100000,200
8991,100000,50
8992,68152,0
8993,100000,600
8994,68152,0
8995,100000,200
8996,68152,0
8997,68152,0
8998,68152,0
8999,68152,0
9000,68152,0
9001,68152,0
9002,100000,60
9003,68152,0
9004,68152,0
9005,68152,0
9006,68152,0
9007,68152,0
9008,68152,0
9009,68152,0
9010,100000,100
9011,68152,0
9012,68152,0
9013,100000,200
9014,68152,0
9015,68152,0
9016,68152,0
9017,68152,0
9018,68152,0
9019,68152,0
9020,100000,160
9021,68152,0
9022,100000,110
9023,68152,0
9024,68152,0
9025,68152,0
9026,68152,0
9027,68152,0
9028,100000,200
9029,100000,250
9030,68152,0
9031,68152,0
9032,100000,30
9033,68152,0
9034,100000,200
9035,100000,80
9036,68152,0
9037,68152,0
9038,68152,0
9039,68152,0
9040,68152,0
9041,68152,0
9042,68152,0
9043,68152,0
9044,100000,200
9045,68152,0
9046,68152,0
9047,68152,0
9048,68152,0
9049,68152,0
9050,68152,0
9051,68152,0
9052,68152,0
9053,68152,0
9054,68152,0
9055,100000,60
9056,68152,0
9057,68152,0
9058,68152,0
9059,68152,0
9060,68152,0
9061,68152,0
9062,100000,50
9063,68152,0
9064,68152,0
9065,100000,200
9066,100000,80
9067,68152,0
9068,68152,0
9069,68152,0
9070,100000,200
9071,68152,0
9072,68152,0
9073,68152,0
9074,68152,0
9075,68152,0
9076,68152,0
9077,68152,0
9078,68152,0
9079,68152,0
9080,68152,0
9081,68152,0
9082,68152,0
9083,68152,0
9084,100000,40
9085,68152,0
9086,68152,0
9087,68152,0
9088,100000,60
9089,68152,0
9090,68152,0
9091,68152,0
9092,68152,0
9093,100000,40
9094,100000,100
9095,68152,0
9096,68152,0
9097,68152,0
9098,68152,0
9099,68152,0
9100,68152,0
9101,100000,200
9102,68152,0
9103,68152,0
9104,68152,0
9105,68152,0
9106,68152,0
9107,68152,0
9108,100000,120
9109,68152,0
9110,68152,0
9111,68152,0
9112,100000,250
9113,100000,60
9114,68152,0
9115,68152,0
9116,68152,0
9117,68152,0
9118,100000,200
9119,68152,0
9120,68152,0
9121,100000,280
9122,68152,0
9123,100000,240
9124,68152,0
9125,68152,0
9126,68152,0
9127,68152,0
9128,68152,0
9129,100000,200
9130,68152,0
9131,68152,0
9132,68152,0
9133,68152,0
9134,68152,0
9135,100000,60
9136,68152,0
9137,100000,200
9138,68152,0
9139,68152,0
9140,68152,0
9141,68152,0
9142,100000,60
9143,68152,0
9144,68152,0
9145,68152,0
9146,68152,0
9147,68152,0
9148,68152,0
9149,68152,0
9150,68152,0
9151,68152,0
9152,68152,0
9153,100000,160
9154,68152,0
9155,68152,0
9156,68152,0
9157,68152,0
9158,68152,0
9159,68152,0
9160,100000,60
9161,68152,0
9162,100000,80
9163,68152,0
9164,68152,0
9165,68152,0
9166,68152,0
9167,68152,0
9168,68152,0
9169,68152,0
9170,100000,40
9171,68152,0
9172,68152,0
9173,68152,0
9174,68152,0
9175,68152,0
9176,100000,200
9177,68152,0
9178,68152,0
9179,68152,0
9180,68152,0
9181,68152,0
9182,68152,0
9183,68152,0
9184,68152,0
9185,68152,0
9186,68152,0
9187,68152,0
9188,68152,0
9189,68152,0
9190,100000,150
9191,68152,0
9192,68152,0
9193,100000,550
9194,68152,0
9195,68152,0
9196,68152,0
9197,68152,0
9198,68152,0
9199,68152,0
9200,68152,0
9201,68152,0
9202,68152,0
9203,68152,0
9204,68152,0
9205,68152,0
9206,68152,0
9207,68152,0
9208,68152,0
9209,68152,0
9210,68152,0
9211,68152,0
9212,68152,0
9213,68152,0
9214,68152,0
9215,100000,200
9216,68152,0
9217,100000,260
9218,68152,0
9219,68152,0
9220,68152,0
9221,100000,100
9222,100000,300
9223,68152,0
9224,100000,250
9225,68152,0
9226,68152,0
9227,68152,0
9228,68152,0
9229,100000,200
9230,68152,0
9231,100000,160
9232,68152,0
9233,68152,0
9234,68152,0
9235,68152,0
9236,68152,0
9237,68152,0
9238,68152,0
9239,68152,0
9240,68152,0
9241,68152,0
9242,68152,0
9243,68152,0
9244,68152,0
9245,68152,0
9246,68152,0
9247,68152,0
9248,100000,200
9249,100000,200
9250,68152,0
9251,100000,30
9252,68152,0
9253,100000,200
9254,68152,0
9255,68152,0
9256,68152,0
9257,68152,0
9258,68152,0
9259,68152,0
9260,100000,60
9261,100000,200
9262,68152,0
9263,68152,0
9264,68152,0
9265,100000,200
9266,100000,450
9267,68152,0
9268,68152,0
9269,68152,0
9270,68152,0
9271,100000,200
9272,68152,0
9273,68152,0
9274,68152,0
9275,68152,0
9276,100000,150
9277,68152,0
9278,100000,150
9279,68152,0
9280,100000,200
9281,68152,0
9282,68152,0
9283,68152,0
9284,68152,0
9285,68152,0
9286,68152,0
9287,68152,0
9288,68152,0
9289,68152,0
9290,68152,0
9291,100000,150
9292,68152,0
9293,68152,0
9294,100000,200
9295,68152,0
9296,68152,0
9297,68152,0
9298,68152,0
9299,68152,0
9300,68152,0
9301,68152,0
9302,68152,0
9303,68152,0
9304,68152,0
9305,100000,200
9306,68152,0
9307,100000,200
9308,68152,0
9309,68152,0
9310,68152,0
9311,68152,0
9312,68152,0
9313,68152,0
9314,68152,0
9315,68152,0
9316,68152,0
9317,68152,0
9318,68152,0
9319,68152,0
9320,68152,0
9321,68152,0
9322,68152,0
9323,68152,0
9324,68152,0
9325,68152,0
9326,68152,0
9327,68152,0
9328,68152,0
9329,68152,0
9330,68152,0
9331,68152,0
9332,100000,60
9333,68152,0
9334,68152,0
9335,68152,0
9336,100000,250
9337,68152,0
9338,68152,0
9339,68152,0
9340,68152,0
9341,100000,200
9342,100000,30
9343,68152,0
9344,68152,0
9345,68152,0
9346,100000,200
9347,68152,0
9348,100000,200
9349,68152,0
9350,68152,0
9351,68152,0
9352,68152,0
9353,68152,0
9354,68152,0
9355,68152,0
9356,68152,0
9357,68152,0
9358,68152,0
9359,68152,0
9360,68152,0
9361,68152,0
9362,68152,0
9363,68152,0
9364,68152,0
9365,68152,0
9366,68152,0
9367,68152,0
9368,68152,0
9369,68152,0
9370,100000,200
9371,100000,200
9372,68152,0
9373,68152,0
9374,68152,0
9375,68152,0
9376,100000,200
9377,68152,0
9378,68152,0
9379,68152,0
9380,100000,40
9381,100000,200
9382,100000,200
9383,100000,50
9384,68152,0
9385,68152,0
9386,68152,0
9387,68152,0
9388,68152,0
9389,100000,200
9390,68152,0
9391,68152,0
9392,68152,0
9393,100000,80
9394,68152,0
9395,68152,0
9396,100000,200
9397,68152,0
9398,68152,0
9399,100000,200
9400,68152,0
9401,68152,0
9402,68152,0
9403,100000,200
9404,68152,0
9405,68152,0
9406,68152,0
9407,68152,0
9408,68152,0
9409,68152,0
9410,68152,0
9411,68152,0
9412,68152,0
9413,68152,0
9414,100000,50
9415,68152,0
9416,68152,0
9417,68152,0
9418,68152,0
9419,68152,0
9420,68152,0
9421,68152,0
9422,68152,0
9423,68152,0
9424,68152,0
9425,68152,0
9426,68152,0
9427,68152,0
9428,68152,0
9429,68152,0
9430,68152,0
9431,68152,0
9432,68152,0
9433,100000,50
9434,68152,0
9435,100000,30
9436,68152,0
9437,100000,200
9438,68152,0
9439,100000,200
9440,68152,0
9441,68152,0
9442,68152,0
9443,68152,0
9444,68152,0
9445,68152,0
9446,68152,0
9447,68152,0
9448,68152,0
9449,68152,0
9450,68152,0
9451,100000,100
9452,100000,170
9453,68152,0
9454,68152,0
9455,68152,0
9456,68152,0
9457,68152,0
9458,68152,0
9459,100000,200
9460,68152,0
9461,68152,0
9462,68152,0
9463,100000,200
9464,68152,0
9465,68152,0
9466,68152,0
9467,68152,0
9468,68152,0
9469,68152,0
9470,68152,0
9471,68152,0
9472,68152,0
9473,68152,0
9474,100000,30
9475,68152,0
9476,68152,0
9477,68152,0
9478,68152,0
9479,100000,40
9480,68152,0
9481,100000,200
9482,68152,0
9483,68152,0
9484,68152,0
9485,100000,60
9486,100000,200
9487,68152,0
9488,100000,200
9489,68152,0
9490,68152,0
9491,68152,0
9492,68152,0
9493,68152,0
9494,68152,0
9495,100000,200
9496,68152,0
9497,68152,0
9498,68152,0
9499,68152,0
9500,68152,0
9501,68152,0
9502,68152,0
9503,68152,0
9504,68152,0
9505,68152,0
9506,68152,0
9507,68152,0
9508,100000,40
9509,68152,0
9510,68152,0
9511,68152,0
9512,68152,0
9513,68152,0
9514,68152,0
9515,68152,0
9516,100000,30
9517,68152,0
9518,68152,0
9519,68152,0
9520,100000,50
9521,68152,0
9522,68152,0
9523,68152,0
9524,68152,0
9525,68152,0
9526,68152,0
9527,68152,0
9528,68152,0
9529,68152,0
9530,68152,0
9531,68152,0
9532,68152,0
9533,68152,0
9534,68152,0
9535,68152,0
9536,68152,0
9537,100000,200
9538,68152,0
9539,68152,0
9540,68152,0
9541,68152,0
9542,68152,0
9543,68152,0
9544,68152,0
9545,68152,0
9546,68152,0
9547,68152,0
9548,68152,0
9549,68152,0
9550,68152,0
9551,68152,0
9552,68152,0
9553,68152,0
9554,68152,0
9555,68152,0
9556,68152,0
9557,68152,0
9558,100000,200
9559,68152,0
9560,100000,200
9561,68152,0
9562,68152,0
9563,100000,200
9564,100000,100
9565,68152,0
9566,68152,0
9567,68152,0
9568,68152,0
9569,68152,0
9570,68152,0
9571,68152,0
9572,68152,0
9573,100000,40
9574,68152,0
9575,68152,0
9576,68152,0
9577,68152,0
9578,100000,150
9579,68152,0
9580,68152,0
9581,68152,0
9582,100000,200
9583,68152,0
9584,68152,0
9585,68152,0
9586,68152,0
9587,100000,60
9588,68152,0
9589,68152,0
9590,100000,120
9591,68152,0
9592,68152,0
9593,68152,0
9594,68152,0
9595,68152,0
9596,68152,0
9597,68152,0
9598,100000,500
9599,100000,400
9600,100000,160
9601,68152,0
9602,100000,200
9603,68152,0
9604,68152,0
9605,68152,0
9606,100000,240
9607,68152,0
9608,68152,0
9609,68152,0
9610,100000,60
9611,68152,0
9612,68152,0
9613,68152,0
9614,100000,60
9615,68152,0
9616,68152,0
9617,68152,0
9618,68152,0
9619,68152,0
9620,68152,0
9621,68152,0
9622,100000,200
9623,68152,0
9624,68152,0
9625,68152,0
9626,68152,0
9627,68152,0
9628,68152,0
9629,68152,0
9630,100000,200
9631,68152,0
9632,68152,0
9633,68152,0
9634,68152,0
9635,100000,200
9636,100000,500
9637,100000,200
9638,68152,0
9639,100000,40
9640,68152,0
9641,68152,0
9642,68152,0
9643,100000,130
9644,68152,0
9645,100000,100
9646,68152,0
9647,68152,0
9648,100000,60
9649,68152,0
9650,68152,0
9651,100000,260
9652,68152,0
9653,100000,200
9654,68152,0
9655,100000,200
9656,68152,0
9657,68152,0
9658,68152,0
9659,68152,0
9660,68152,0
9661,68152,0
9662,68152,0
9663,68152,0
9664,68152,0
9665,68152,0
9666,68152,0
9667,68152,0
9668,68152,0
9669,68152,0
9670,68152,0
9671,68152,0
9672,68152,0
9673,68152,0
9674,68152,0
9675,68152,0
9676,68152,0
9677,100000,30
9678,68152,0
9679,68152,0
9680,100000,200
9681,68152,0
9682,68152,0
9683,68152,0
9684,68152,0
9685,68152,0
9686,68152,0
9687,100000,200
9688,68152,0
9689,68152,0
9690,100000,80
9691,68152,0
9692,100000,80
9693,68152,0
9694,68152,0
9695,68152,0
9696,68152,0
9697,68152,0
9698,100000,30
9699,68152,0
9700,100000,30
9701,68152,0
9702,68152,0
9703,68152,0
9704,68152,0
9705,68152,0
9706,68152,0
9707,100000,300
9708,68152,0
9709,100000,40
9710,68152,0
9711,68152,0
9712,68152,0
9713,68152,0
9714,68152,0
9715,100000,40
9716,100000,200
9717,100000,40
9718,100000,60
9719,100000,200
9720,68152,0
9721,68152,0
9722,100000,200
9723,68152,0
9724,68152,0
9725,68152,0
9726,68152,0
9727,68152,0
9728,100000,200
9729,100000,240
9730,68152,0
9731,68152,0
9732,100000,70
9733,68152,0
9734,68152,0
9735,100000,200
9736,100000,200
9737,68152,0
9738,68152,0
9739,68152,0
9740,68152,0
9741,68152,0
9742,100000,200
9743,68152,0
9744,68152,0
9745,68152,0
9746,68152,0
9747,68152,0
9748,100000,200
9749,68152,0
9750,68152,0
9751,68152,0
9752,68152,0
9753,100000,120
9754,68152,0
9755,100000,60
9756,100000,200
9757,68152,0
9758,68152,0
9759,68152,0
9760,68152,0
9761,68152,0
9762,68152,0
9763,100000,800
9764,68152,0
9765,100000,200
9766,68152,0
9767,68152,0
9768,68152,0
9769,68152,0
9770,68152,0
9771,68152,0
9772,68152,0
9773,68152,0
9774,100000,120
9775,68152,0
9776,68152,0
9777,68152,0
9778,100000,160
9779,68152,0
9780,68152,0
9781,68152,0
9782,68152,0
9783,100000,200
9784,68152,0
9785,68152,0
9786,68152,0
9787,68152,0
9788,68152,0
9789,68152,0
9790,68152,0
9791,100000,200
9792,68152,0
9793,100000,200
9794,68152,0
9795,68152,0
9796,68152,0
9797,68152,0
9798,100000,100
9799,68152,0
9800,68152,0
9801,100000,160
9802,68152,0
9803,68152,0
9804,68152,0
9805,68152,0
9806,68152,0
9807,100000,40
9808,100000,240
9809,68152,0
9810,100000,200
9811,100000,200
9812,68152,0
9813,68152,0
9814,68152,0
9815,68152,0
9816,68152,0
9817,68152,0
9818,68152,0
9819,68152,0
9820,68152,0
9821,68152,0
9822,68152,0
9823,68152,0
9824,68152,0
9825,68152,0
9826,100000,200
9827,68152,0
9828,68152,0
9829,100000,80
9830,68152,0
9831,68152,0
9832,100000,150
9833,100000,150
9834,68152,0
9835,68152,0
9836,68152,0
9837,68152,0
9838,68152,0
9839,68152,0
9840,68152,0
9841,68152,0
9842,100000,120
9843,100000,200
9844,68152,0
9845,68152,0
9846,68152,0
9847,68152,0
9848,68152,0
9849,100000,200
9850,68152,0
9851,68152,0
9852,100000,150
9853,68152,0
9854,100000,200
9855,68152,0
9856,68152,0
9857,68152,0
9858,68152,0
9859,68152,0
9860,68152,0
9861,68152,0
9862,68152,0
9863,68152,0
9864,68152,0
9865,68152,0
9866,68152,0
9867,68152,0
9868,68152,0
9869,68152,0
9870,68152,0
9871,68152,0
9872,68152,0
9873,68152,0
9874,100000,200
9875,68152,0
9876,68152,0
9877,68152,0
9878,68152,0
9879,68152,0
9880,68152,0
9881,100000,60
9882,100000,150
9883,68152,0
9884,68152,0
9885,100000,200
9886,100000,200
9887,68152,0
9888,68152,0
9889,68152,0
9890,100000,200
9891,68152,0
9892,68152,0
9893,68152,0
9894,100000,150
9895,68152,0
9896,68152,0
9897,68152,0
9898,68152,0
9899,68152,0
9900,68152,0
9901,68152,0
9902,100000,200
9903,68152,0
9904,68152,0
9905,100000,120
9906,68152,0
9907,68152,0
9908,68152,0
9909,68152,0
9910,100000,200
9911,68152,0
9912,100000,40
9913,68152,0
9914,68152,0
9915,100000,200
9916,100000,150
9917,68152,0
9918,68152,0
9919,68152,0
9920,68152,0
9921,68152,0
9922,68152,0
9923,68152,0
9924,68152,0
9925,68152,0
9926,68152,0
9927,68152,0
9928,68152,0
9929,68152,0
9930,68152,0
9931,68152,0
9932,68152,0
9933,68152,0
9934,68152,0
9935,68152,0
9936,68152,0
9937,68152,0
9938,68152,0
9939,68152,0
9940,68152,0
9941,68152,0
9942,68152,0
9943,100000,200
9944,68152,0
9945,100000,80
9946,100000,200
9947,68152,0
9948,68152,0
9949,68152,0
9950,68152,0
9951,68152,0
9952,100000,200
9953,68152,0
9954,68152,0
9955,100000,200
9956,100000,200
9957,68152,0
9958,68152,0
9959,68152,0
9960,68152,0
9961,68152,0
9962,100000,60
9963,68152,0
9964,68152,0
9965,68152,0
9966,68152,0
9967,68152,0
9968,100000,120
9969,68152,0
9970,68152,0
9971,68152,0
9972,68152,0
9973,68152,0
9974,68152,0
9975,68152,0
9976,68152,0
9977,68152,0
9978,68152,0
9979,68152,0
9980,68152,0
9981,68152,0
9982,68152,0
9983,68152,0
9984,68152,0
9985,68152,0
9986,68152,0
9987,68152,0
9988,68152,0
9989,68152,0
9990,68152,0
9991,68152,0
9992,68152,0
9993,68152,0
9994,68152,0
9995,68152,0
9996,68152,0
9997,68152,0
9998,100000,250
9999,68152,0
10000,100000,120
10001,68152,0
10002,68152,0
10003,100000,200
10004,68152,0
10005,100000,50
10006,100000,50
10007,68152,0
10008,100000,200
10009,100000,120
10010,68152,0
10011,68152,0
10012,68152,0
10013,68152,0
10014,68152,0
10015,68152,0
10016,68152,0
10017,68152,0
10018,100000,30
10019,68152,0
10020,100000,200
10021,68152,0
10022,100000,240
10023,68152,0
10024,68152,0
10025,68152,0
10026,199453,1100
10027,68152,0
10028,68152,0
10029,68152,0
10030,100000,260
10031,68152,0
10032,68152,0
10033,68152,0
10034,68152,0
10035,68152,0
10036,68152,0
10037,100000,200
10038,68152,0
10039,68152,0
10040,100000,200
10041,100000,30
10042,68152,0
10043,100000,200
10044,68152,0
10045,68152,0
10046,68152,0
10047,68152,0
10048,68152,0
10049,68152,0
10050,68152,0
10051,100000,60
10052,68152,0
10053,100000,200
10054,68152,0
10055,68152,0
10056,68152,0
10057,68152,0
10058,68152,0
10059,68152,0
10060,68152,0
10061,100000,40
10062,68152,0
10063,68152,0
10064,68152,0
10065,68152,0
10066,68152,0
10067,68152,0
10068,68152,0
10069,68152,0
10070,68152,0
10071,100000,200
10072,100000,200
10073,68152,0
10074,68152,0
10075,68152,0
10076,68152,0
10077,100000,120
10078,68152,0
10079,68152,0
10080,68152,0
10081,100000,200
10082,68152,0
10083,68152,0
10084,68152,0
10085,68152,0
10086,68152,0
10087,68152,0
10088,68152,0
10089,68152,0
10090,68152,0
10091,100000,200
10092,68152,0
10093,68152,0
10094,68152,0
10095,68152,0
10096,68152,0
10097,68152,0
10098,68152,0
10099,100000,200
10100,68152,0
10101,68152,0
10102,68152,0
10103,68152,0
10104,68152,0
10105,100000,40
10106,68152,0
10107,100000,200
10108,68152,0
10109,100000,30
10110,68152,0
10111,100000,80
10112,68152,0
10113,68152,0
10114,68152,0
10115,68152,0
10116,68152,0
10117,68152,0
10118,68152,0
10119,68152,0
10120,68152,0
10121,68152,0
10122,68152,0
10123,68152,0
10124,68152,0
10125,68152,0
10126,68152,0
10127,68152,0
10128,68152,0
10129,100000,200
10130,100000,200
10131,68152,0
10132,68152,0
10133,68152,0
10134,68152,0
10135,68152,0
10136,68152,0
10137,68152,0
10138,68152,0
10139,68152,0
10140,68152,0
10141,68152,0
10142,68152,0
10143,68152,0
10144,68152,0
10145,68152,0
10146,68152,0
10147,68152,0
10148,100000,40
10149,68152,0
10150,68152,0
10151,68152,0
10152,100000,350
10153,100000,200
10154,68152,0
10155,68152,0
10156,68152,0
10157,68152,0
10158,68152,0
10159,68152,0
10160,68152,0
10161,68152,0
10162,68152,0
10163,68152,0
10164,68152,0
10165,68152,0
10166,68152,0
10167,100000,150
10168,68152,0
10169,68152,0
10170,68152,0
10171,68152,0
10172,100000,250
10173,68152,0
10174,68152,0
10175,68152,0
10176,68152,0
10177,68152,0
10178,68152,0
10179,68152,0
10180,68152,0
10181,68152,0
10182,68152,0
10183,100000,60
10184,68152,0
10185,68152,0
10186,68152,0
10187,100000,220
10188,68152,0
10189,68152,0
10190,68152,0
10191,68152,0
10192,68152,0
10193,100000,240
10194,68152,0
10195,68152,0
10196,68152,0
10197,68152,0
10198,68152,0
10199,100000,30
10200,100000,200
10201,68152,0
10202,68152,0
10203,68152,0
10204,68152,0
10205,68152,0
10206,68152,0
10207,100000,200
10208,68152,0
10209,68152,0
10210,68152,0
10211,100000,60
10212,68152,0
10213,68152,0
10214,68152,0
10215,68152,0
10216,68152,0
10217,68152,0
10218,68152,0
10219,68152,0
10220,68152,0
10221,68152,0
10222,68152,0
10223,68152,0
10224,68152,0
10225,68152,0
10226,68152,0
10227,100000,110
10228,68152,0
10229,100000,50
10230,68152,0
10231,100000,60
10232,68152,0
10233,68152,0
10234,68152,0
10235,68152,0
10236,68152,0
10237,68152,0
10238,68152,0
10239,100000,120
10240,68152,0
10241,100000,80
10242,68152,0
10243,68152,0
10244,68152,0
10245,68152,0
10246,100000,200
10247,68152,0
10248,68152,0
10249,68152,0
10250,100000,200
10251,68152,0
10252,68152,0
10253,100000,30
10254,68152,0
10255,68152,0
10256,100000,200
10257,68152,0
10258,68152,0
10259,68152,0
10260,68152,0
10261,68152,0
10262,68152,0
10263,68152,0
10264,68152,0
10265,68152,0
10266,68152,0
10267,100000,200
10268,68152,0
10269,68152,0
10270,68152,0
10271,68152,0
10272,68152,0
10273,68152,0
10274,100000,280
10275,68152,0
10276,68152,0
10277,68152,0
10278,68152,0
10279,68152,0
10280,68152,0
10281,68152,0
10282,68152,0
10283,68152,0
10284,68152,0
10285,68152,0
10286,68152,0
10287,68152,0
10288,68152,0
10289,68152,0
10290,68152,0
10291,68152,0
10292,68152,0
10293,68152,0
10294,68152,0
10295,68152,0
10296,100000,200
10297,68152,0
10298,68152,0
10299,68152,0
10300,100000,550
10301,68152,0
10302,68152,0
10303,100000,240
10304,68152,0
10305,68152,0
10306,68152,0
10307,68152,0
10308,68152,0
10309,68152,0
10310,68152,0
10311,100000,200
10312,68152,0
10313,100000,50
10314,68152,0
10315,100000,60
10316,68152,0
10317,100000,80
10318,68152,0
10319,68152,0
10320,68152,0
10321,68152,0
10322,68152,0
10323,68152,0
10324,68152,0
10325,68152,0
10326,68152,0
10327,100000,200
10328,68152,0
10329,100000,60
10330,68152,0
10331,68152,0
10332,68152,0
10333,68152,0
10334,100000,60
10335,68152,0
10336,68152,0
10337,68152,0
10338,68152,0
10339,68152,0
10340,68152,0
10341,68152,0
10342,68152,0
10343,68152,0
10344,68152,0
10345,68152,0
10346,100000,200
10347,68152,0
10348,68152,0
10349,100000,200
10350,68152,0
10351,100000,30
10352,68152,0
10353,100000,200
10354,68152,0
10355,68152,0
10356,100000,400
10357,68152,0
10358,68152,0
10359,68152,0
10360,68152,0
10361,100000,30
10362,68152,0
10363,68152,0
10364,68152,0
10365,68152,0
10366,100000,50
10367,68152,0
10368,100000,160
10369,68152,0
10370,68152,0
10371,68152,0
10372,68152,0
10373,68152,0
10374,100000,200
10375,68152,0
10376,68152,0
10377,68152,0
10378,100000,200
10379,68152,0
10380,68152,0
10381,68152,0
10382,68152,0
10383,68152,0
10384,68152,0
10385,100000,60
10386,68152,0
10387,68152,0
10388,68152,0
10389,68152,0
10390,68152,0
10391,68152,0
10392,68152,0
10393,68152,0
10394,68152,0
10395,68152,0
10396,68152,0
10397,68152,0
10398,68152,0
10399,68152,0
10400,68152,0
10401,100000,200
10402,100000,80
10403,68152,0
10404,68152,0
10405,68152,0
10406,68152,0
10407,68152,0
10408,68152,0
10409,68152,0
10410,68152,0
10411,68152,0
10412,68152,0
10413,68152,0
10414,68152,0
10415,68152,0
10416,68152,0
10417,68152,0
10418,68152,0
10419,100000,200
10420,100000,80
10421,68152,0
10422,68152,0
10423,68152,0
10424,68152,0
10425,100000,200
10426,68152,0
10427,68152,0
10428,68152,0
10429,68152,0
10430,68152,0
10431,68152,0
10432,100000,200
10433,100000,80
10434,68152,0
10435,68152,0
10436,68152,0
10437,68152,0
10438,68152,0
10439,68152,0
10440,68152,0
10441,68152,0
10442,100000,200
10443,100000,60
10444,68152,0
10445,68152,0
10446,100000,80
10447,68152,0
10448,68152,0
10449,68152,0
10450,68152,0
10451,68152,0
10452,100000,120
10453,68152,0
10454,68152,0
10455,68152,0
10456,68152,0
10457,68152,0
10458,68152,0
10459,100000,210
10460,68152,0
10461,68152,0
10462,68152,0
10463,100000,80
10464,68152,0
10465,68152,0
10466,68152,0
10467,68152,0
10468,68152,0
10469,68152,0
10470,68152,0
10471,100000,50
10472,68152,0
10473,68152,0
10474,68152,0
10475,68152,0
10476,68152,0
10477,68152,0
10478,68152,0
10479,68152,0
10480,68152,0
10481,68152,0
10482,68152,0
10483,68152,0
10484,100000,200
10485,68152,0
10486,68152,0
10487,100000,60
10488,68152,0
10489,68152,0
10490,100000,200
10491,100000,40
10492,100000,80
10493,100000,350
10494,68152,0
10495,68152,0
10496,100000,50
10497,68152,0
10498,68152,0
10499,68152,0
10500,68152,0
10501,68152,0
10502,68152,0
10503,100000,200
10504,68152,0
10505,100000,110
10506,68152,0
10507,68152,0
10508,68152,0
10509,68152,0
10510,100000,50
10511,68152,0
10512,68152,0
10513,68152,0
10514,100000,200
10515,68152,0
10516,68152,0
10517,68152,0
10518,68152,0
10519,68152,0
10520,100000,280
10521,68152,0
10522,68152,0
10523,68152,0
10524,68152,0
10525,100000,30
10526,68152,0
10527,100000,60
10528,68152,0
10529,68152,0
10530,68152,0
10531,100000,200
10532,68152,0
10533,68152,0
10534,68152,0
10535,68152,0
10536,68152,0
10537,68152,0
10538,68152,0
10539,68152,0
10540,100000,200
10541,68152,0
10542,68152,0
10543,100000,120
10544,68152,0
10545,68152,0
10546,68152,0
10547,68152,0
10548,100000,80
10549,68152,0
10550,68152,0
10551,68152,0
10552,68152,0
10553,68152,0
10554,68152,0
10555,68152,0
10556,100000,60
10557,68152,0
10558,68152,0
10559,68152,0
10560,100000,320
10561,68152,0
10562,100000,100
10563,68152,0
10564,68152,0
10565,100000,60
10566,68152,0
10567,100000,200
10568,68152,0
10569,68152,0
10570,100000,200
10571,68152,0
10572,68152,0
10573,68152,0
10574,68152,0
10575,68152,0
10576,68152,0
10577,68152,0
10578,68152,0
10579,100000,200
10580,68152,0
10581,68152,0
10582,68152,0
10583,68152,0
10584,68152,0
10585,68152,0
10586,68152,0
10587,68152,0
10588,68152,0
10589,68152,0
10590,100000,40
10591,100000,80
10592,100000,160
10593,68152,0
10594,68152,0
10595,68152,0
10596,68152,0
10597,68152,0
10598,68152,0
10599,68152,0
10600,68152,0
10601,100000,250
10602,68152,0
10603,68152,0
10604,100000,50
10605,100000,200
10606,68152,0
10607,100000,120
10608,68152,0
10609,68152,0
10610,68152,0
10611,68152,0
10612,68152,0
10613,100000,200
10614,68152,0
10615,68152,0
10616,68152,0
10617,100000,40
10618,68152,0
10619,68152,0
10620,100000,200
10621,68152,0
10622,68152,0
10623,68152,0
10624,68152,0
10625,68152,0
10626,68152,0
10627,68152,0
10628,68152,0
10629,68152,0
10630,100000,30
10631,68152,0
10632,100000,200
10633,68152,0
10634,100000,200
10635,68152,0
10636,68152,0
10637,68152,0
10638,100000,200
10639,68152,0
10640,68152,0
10641,68152,0
10642,68152,0
10643,100000,250
10644,68152,0
10645,100000,50
10646,68152,0
10647,68152,0
10648,68152,0
10649,68152,0
10650,68152,0
10651,68152,0
10652,68152,0
10653,68152,0
10654,68152,0
10655,68152,0
10656,68152,0
10657,100000,200
10658,68152,0
10659,68152,0
10660,68152,0
10661,68152,0
10662,68152,0
10663,68152,0
10664,68152,0
10665,100000,200
10666,68152,0
10667,68152,0
10668,68152,0
10669,68152,0
10670,68152,0
10671,68152,0
10672,68152,0
10673,100000,200
10674,68152,0
10675,68152,0
10676,100000,50
10677,68152,0
10678,68152,0
10679,68152,0
10680,100000,200
10681,68152,0
10682,68152,0
10683,68152,0
10684,68152,0
10685,68152,0
10686,68152,0
10687,68152,0
10688,100000,200
10689,100000,170
10690,68152,0
10691,68152,0
10692,68152,0
10693,100000,30
10694,68152,0
10695,68152,0
10696,68152,0
10697,68152,0
10698,68152,0
10699,100000,200
10700,68152,0
10701,68152,0
10702,68152,0
10703,100000,200
10704,68152,0
10705,68152,0
10706,100000,40
10707,68152,0
10708,100000,100
10709,68152,0
10710,100000,200
10711,68152,0
10712,68152,0
10713,100000,200
10714,100000,60
10715,68152,0
10716,100000,100
10717,68152,0
10718,68152,0
10719,68152,0
10720,68152,0
10721,68152,0
10722,68152,0
10723,68152,0
10724,100000,200
10725,68152,0
10726,68152,0
10727,68152,0
10728,68152,0
10729,68152,0
10730,68152,0
10731,68152,0
10732,68152,0
10733,68152,0
10734,68152,0
10735,68152,0
10736,68152,0
10737,68152,0
10738,68152,0
10739,68152,0
10740,68152,0
10741,68152,0
10742,68152,0
10743,100000,200
10744,68152,0
10745,100000,200
10746,68152,0
10747,100000,50
10748,68152,0
10749,68152,0
10750,100000,200
10751,68152,0
10752,100000,40
10753,68152,0
10754,68152,0
10755,68152,0
10756,68152,0
10757,100000,200
10758,68152,0
10759,68152,0
10760,100000,80
10761,68152,0
10762,68152,0
10763,68152,0
10764,68152,0
10765,68152,0
10766,68152,0
10767,100000,200
10768,68152,0
10769,68152,0
10770,68152,0
10771,68152,0
10772,68152,0
10773,68152,0
10774,68152,0
10775,100000,200
10776,68152,0
10777,68152,0
10778,68152,0
10779,100000,200
10780,68152,0
10781,68152,0
10782,68152,0
10783,68152,0
10784,68152,0
10785,68152,0
10786,68152,0
10787,100000,250
10788,68152,0
10789,100000,100
10790,68152,0
10791,68152,0
10792,68152,0
10793,68152,0
10794,68152,0
10795,68152,0
10796,68152,0
10797,100000,250
10798,68152,0
10799,100000,200
10800,100000,200
10801,68152,0
10802,100000,400
10803,68152,0
10804,68152,0
10805,100000,60
10806,100000,160
10807,100000,200
10808,68152,0
10809,100000,200
10810,68152,0
10811,68152,0
10812,100000,120
10813,68152,0
10814,68152,0
10815,68152,0
10816,68152,0
10817,68152,0
10818,68152,0
10819,68152,0
10820,68152,0
10821,68152,0
10822,68152,0
10823,68152,0
10824,68152,0
10825,68152,0
10826,68152,0
10827,68152,0
10828,68152,0
10829,68152,0
10830,68152,0
10831,68152,0
10832,68152,0
10833,100000,40
10834,68152,0
10835,68152,0
10836,68152,0
10837,68152,0
10838,68152,0
10839,68152,0
10840,68152,0
10841,68152,0
10842,68152,0
10843,68152,0
10844,68152,0
10845,68152,0
10846,68152,0
10847,100000,80
10848,68152,0
10849,68152,0
10850,68152,0
10851,68152,0
10852,100000,40
10853,68152,0
10854,68152,0
10855,100000,200
10856,68152,0
10857,68152,0
10858,68152,0
10859,68152,0
10860,68152,0
10861,68152,0
10862,68152,0
10863,68152,0
10864,68152,0
10865,68152,0
10866,68152,0
10867,100000,280
10868,68152,0
10869,68152,0
10870,68152,0
10871,68152,0
10872,68152,0
10873,100000,250
10874,100000,200
10875,68152,0
10876,68152,0
10877,68152,0
10878,68152,0
10879,68152,0
10880,68152,0
10881,100000,60
10882,68152,0
10883,68152,0
10884,100000,160
10885,68152,0
10886,68152,0
10887,68152,0
10888,68152,0
10889,68152,0
10890,68152,0
10891,68152,0
10892,100000,80
10893,100000,200
10894,68152,0
10895,68152,0
10896,68152,0
10897,100000,40
10898,100000,200
10899,68152,0
10900,68152,0
10901,68152,0
10902,100000,200
10903,68152,0
10904,68152,0
10905,100000,200
10906,100000,60
10907,68152,0
10908,68152,0
10909,68152,0
10910,100000,30
10911,68152,0
10912,68152,0
10913,68152,0
10914,68152,0
10915,68152,0
10916,68152,0
10917,68152,0
10918,68152,0
10919,68152,0
10920,68152,0
10921,68152,0
10922,68152,0
10923,68152,0
10924,68152,0
10925,68152,0
10926,100000,120
10927,68152,0
10928,100000,30
10929,68152,0
10930,100000,120
10931,68152,0
10932,68152,0
10933,68152,0
10934,100000,60
10935,100000,200
10936,68152,0
10937,100000,50
10938,68152,0
10939,68152,0
10940,68152,0
10941,100000,200
10942,68152,0
10943,100000,100
10944,68152,0
10945,68152,0
10946,100000,200
10947,68152,0
10948,68152,0
10949,68152,0
10950,68152,0
10951,68152,0
10952,68152,0
10953,68152,0
10954,68152,0
10955,68152,0
10956,68152,0
10957,100000,200
10958,68152,0
10959,68152,0
10960,100000,50
10961,68152,0
10962,68152,0
10963,100000,200
10964,68152,0
10965,68152,0
10966,100000,240
10967,68152,0
10968,68152,0
10969,68152,0
10970,68152,0
10971,68152,0
10972,68152,0
10973,68152,0
10974,68152,0
10975,68152,0
10976,68152,0
10977,68152,0
10978,68152,0
10979,68152,0
10980,68152,0
10981,68152,0
10982,68152,0
10983,68152,0
10984,68152,0
10985,68152,0
10986,68152,0
10987,68152,0
10988,68152,0
10989,68152,0
10990,100000,50
10991,68152,0
10992,100000,90
10993,68152,0
10994,68152,0
10995,100000,200
10996,68152,0
10997,100000,200
10998,100000,200
10999,68152,0
11000,68152,0
11001,68152,0
11002,100000,80
11003,68152,0
11004,100000,40
11005,68152,0
11006,68152,0
11007,68152,0
11008,68152,0
11009,68152,0
11010,68152,0
11011,68152,0
11012,68152,0
11013,68152,0
11014,68152,0
11015,68152,0
11016,68152,0
11017,100000,200
11018,68152,0
11019,68152,0
11020,100000,200
11021,68152,0
11022,68152,0
11023,68152,0
11024,100000,200
11025,100000,200
11026,100000,100
11027,68152,0
11028,68152,0
11029,68152,0
11030,68152,0
11031,100000,200
11032,68152,0
11033,68152,0
11034,68152,0
11035,68152,0
11036,68152,0
11037,68152,0
11038,68152,0
11039,68152,0
11040,68152,0
11041,68152,0
11042,68152,0
11043,68152,0
11044,68152,0
11045,68152,0
11046,68152,0
11047,68152,0
11048,68152,0
11049,68152,0
11050,68152,0
11051,100000,80
11052,68152,0
11053,68152,0
11054,68152,0
11055,68152,0
11056,68152,0
11057,68152,0
11058,68152,0
11059,68152,0
11060,68152,0
11061,68152,0
11062,100000,200
11063,68152,0
11064,68152,0
11065,68152,0
11066,100000,240
11067,68152,0
11068,100000,260
11069,68152,0
11070,100000,120
11071,68152,0
11072,68152,0
11073,68152,0
11074,68152,0
11075,100000,50
11076,68152,0
11077,68152,0
11078,68152,0
11079,100000,60
11080,100000,80
11081,68152,0
11082,100000,30
11083,100000,200
11084,68152,0
11085,68152,0
11086,68152,0
11087,68152,0
11088,68152,0
11089,68152,0
11090,68152,0
11091,68152,0
11092,68152,0
11093,68152,0
11094,68152,0
11095,68152,0
11096,100000,200
11097,68152,0
11098,68152,0
11099,68152,0
11100,68152,0
11101,68152,0
11102,100000,60
11103,100000,200
11104,68152,0
11105,68152,0
11106,68152,0
11107,100000,60
11108,68152,0
11109,100000,200
11110,100000,140
11111,68152,0
11112,68152,0
11113,68152,0
11114,68152,0
11115,68152,0
11116,68152,0
11117,100000,250
11118,100000,200
11119,100000,80
11120,68152,0
11121,68152,0
11122,68152,0
11123,68152,0
11124,68152,0
11125,100000,30
11126,100000,200
11127,100000,100
11128,68152,0
11129,68152,0
11130,68152,0
11131,68152,0
11132,100000,30
11133,68152,0
11134,68152,0
11135,100000,200
11136,68152,0
11137,68152,0
11138,68152,0
11139,68152,0
11140,68152,0
11141,68152,0
11142,68152,0
11143,68152,0
11144,68152,0
11145,68152,0
11146,100000,200
11147,68152,0
11148,68152,0
11149,68152,0
11150,68152,0
11151,68152,0
11152,68152,0
11153,68152,0
11154,68152,0
11155,68152,0
11156,100000,200
11157,68152,0
11158,68152,0
11159,68152,0
11160,100000,60
11161,68152,0
11162,68152,0
11163,68152,0
11164,68152,0
11165,68152,0
11166,68152,0
11167,68152,0
11168,68152,0
11169,68152,0
11170,68152,0
11171,68152,0
11172,68152,0
11173,68152,0
11174,100000,200
11175,68152,0
11176,68152,0
11177,100000,450
11178,68152,0
11179,68152,0
11180,68152,0
11181,100000,200
11182,100000,200
11183,100000,200
11184,100000,200
11185,68152,0
11186,68152,0
11187,68152,0
11188,68152,0
11189,68152,0
11190,68152,0
11191,100000,80
11192,68152,0
11193,100000,150
11194,68152,0
11195,68152,0
11196,100000,200
11197,68152,0
11198,68152,0
11199,68152,0
11200,100000,50
11201,68152,0
11202,68152,0
11203,68152,0
11204,68152,0
11205,68152,0
11206,68152,0
11207,68152,0
11208,68152,0
11209,68152,0
11210,68152,0
11211,100000,40
11212,68152,0
11213,68152,0
11214,68152,0
11215,68152,0
11216,100000,40
11217,68152,0
11218,100000,80
11219,100000,200
11220,68152,0
11221,68152,0
11222,100000,200
11223,68152,0
11224,100000,200
11225,68152,0
11226,68152,0
11227,100000,60
11228,68152,0
11229,100000,60
11230,68152,0
11231,100000,200
11232,68152,0
11233,68152,0
11234,68152,0
11235,68152,0
11236,68152,0
11237,68152,0
11238,100000,80
11239,68152,0
11240,68152,0
11241,68152,0
11242,100000,120
11243,68152,0
11244,100000,40
11245,68152,0
11246,100000,200
11247,100000,280
11248,68152,0
11249,100000,200
11250,68152,0
11251,68152,0
11252,68152,0
11253,100000,200
11254,68152,0
11255,100000,200
11256,68152,0
11257,68152,0
11258,68152,0
11259,68152,0
11260,68152,0
11261,68152,0
11262,68152,0
11263,100000,200
11264,68152,0
11265,68152,0
11266,68152,0
11267,68152,0
11268,100000,200
11269,68152,0
11270,68152,0
11271,68152,0
11272,68152,0
11273,68152,0
11274,68152,0
11275,68152,0
11276,68152,0
11277,100000,200
11278,68152,0
11279,68152,0
11280,68152,0
11281,68152,0
11282,68152,0
11283,68152,0
11284,68152,0
11285,68152,0
11286,68152,0
11287,68152,0
11288,68152,0
11289,68152,0
11290,68152,0
11291,100000,200
11292,68152,0
11293,68152,0
11294,68152,0
11295,68152,0
11296,68152,0
11297,100000,200
11298,68152,0
11299,68152,0
11300,68152,0
11301,100000,80
11302,100000,30
11303,68152,0
11304,68152,0
11305,100000,160
11306,68152,0
11307,68152,0
11308,68152,0
11309,68152,0
11310,68152,0
11311,68152,0
11312,68152,0
11313,68152,0
11314,68152,0
11315,68152,0
11316,68152,0
11317,68152,0
11318,68152,0
11319,100000,30
11320,68152,0
11321,68152,0
11322,68152,0
11323,68152,0
11324,68152,0
11325,68152,0
11326,100000,80
11327,68152,0
11328,100000,80
11329,68152,0
11330,68152,0
11331,100000,200
11332,68152,0
11333,68152,0
11334,68152,0
11335,68152,0
11336,68152,0
11337,68152,0
11338,68152,0
11339,68152,0
11340,68152,0
11341,100000,200
11342,68152,0
11343,68152,0
11344,100000,200
11345,68152,0
11346,68152,0
11347,68152,0
11348,68152,0
11349,68152,0
11350,68152,0
11351,68152,0
11352,68152,0
11353,68152,0
11354,68152,0
11355,100000,80
11356,100000,240
11357,68152,0
11358,68152,0
11359,68152,0
11360,68152,0
11361,68152,0
11362,68152,0
11363,68152,0
11364,68152,0
11365,68152,0
11366,68152,0
11367,68152,0
11368,68152,0
11369,68152,0
11370,68152,0
11371,100000,800
11372,68152,0
11373,68152,0
11374,68152,0
11375,68152,0
11376,68152,0
11377,68152,0
11378,68152,0
11379,68152,0
11380,68152,0
11381,68152,0
11382,68152,0
11383,100000,200
11384,68152,0
11385,68152,0
11386,68152,0
11387,68152,0
11388,68152,0
11389,68152,0
11390,68152,0
11391,100000,60
11392,68152,0
11393,100000,60
11394,100000,200
11395,68152,0
11396,68152,0
11397,68152,0
11398,68152,0
11399,68152,0
11400,100000,80
11401,68152,0
11402,68152,0
11403,68152,0
11404,68152,0
11405,68152,0
11406,68152,0
11407,68152,0
11408,68152,0
11409,68152,0
11410,100000,260
11411,68152,0
11412,68152,0
11413,100000,200
11414,68152,0
11415,68152,0
11416,100000,50
11417,68152,0
11418,68152,0
11419,100000,60
11420,100000,140
11421,68152,0
11422,68152,0
11423,100000,200
11424,68152,0
11425,100000,200
11426,68152,0
11427,68152,0
11428,68152,0
11429,68152,0
11430,68152,0
11431,68152,0
11432,68152,0
11433,68152,0
11434,100000,200
11435,100000,40
11436,68152,0
11437,68152,0
11438,68152,0
11439,68152,0
11440,68152,0
11441,68152,0
11442,100000,100
11443,100000,120
11444,68152,0
11445,68152,0
11446,68152,0
11447,68152,0
11448,68152,0
11449,100000,200
11450,68152,0
11451,68152,0
11452,68152,0
11453,68152,0
11454,68152,0
11455,68152,0
11456,68152,0
11457,68152,0
11458,68152,0
11459,68152,0
11460,100000,200
11461,68152,0
11462,68152,0
11463,68152,0
11464,68152,0
11465,68152,0
11466,68152,0
11467,68152,0
11468,68152,0
11469,68152,0
11470,68152,0
11471,100000,200
11472,68152,0
11473,68152,0
11474,68152,0
11475,68152,0
11476,68152,0
11477,68152,0
11478,68152,0
11479,68152,0
11480,68152,0
11481,68152,0
11482,68152,0
11483,68152,0
11484,68152,0
11485,68152,0
11486,100000,200
11487,68152,0
11488,68152,0
11489,68152,0
11490,68152,0
11491,68152,0
11492,68152,0
11493,68152,0
11494,68152,0
11495,68152,0
11496,68152,0
11497,68152,0
11498,68152,0
11499,68152,0
11500,68152,0
11501,68152,0
11502,68152,0
11503,68152,0
11504,68152,0
11505,68152,0
11506,68152,0
11507,68152,0
11508,68152,0
11509,68152,0
11510,68152,0
11511,68152,0
11512,100000,250
11513,68152,0
11514,68152,0
11515,68152,0
11516,100000,450
11517,68152,0
11518,100000,100
11519,68152,0
11520,68152,0
11521,68152,0
11522,68152,0
11523,68152,0
11524,68152,0
11525,68152,0
11526,100000,60
11527,100000,200
11528,68152,0
11529,68152,0
11530,68152,0
11531,68152,0
11532,68152,0
11533,100000,200
11534,100000,200
11535,68152,0
11536,100000,80
11537,100000,100
11538,68152,0
11539,100000,200
11540,68152,0
11541,68152,0
11542,68152,0
11543,100000,160
11544,68152,0
11545,68152,0
11546,68152,0
11547,68152,0
11548,68152,0
11549,68152,0
11550,68152,0
11551,100000,200
11552,68152,0
11553,68152,0
11554,68152,0
11555,100000,200
11556,68152,0
11557,68152,0
11558,68152,0
11559,68152,0
11560,68152,0
11561,68152,0
11562,68152,0
11563,68152,0
11564,68152,0
11565,100000,200
11566,68152,0
11567,100000,50
11568,68152,0
11569,100000,120
11570,68152,0
11571,68152,0
11572,68152,0
11573,68152,0
11574,68152,0
11575,68152,0
11576,68152,0
11577,68152,0
11578,68152,0
11579,68152,0
11580,68152,0
11581,68152,0
11582,68152,0
11583,68152,0
11584,68152,0
11585,68152,0
11586,68152,0
11587,100000,200
11588,100000,200
11589,68152,0
11590,68152,0
11591,100000,200
11592,100000,40
11593,68152,0
11594,100000,40
11595,68152,0
11596,68152,0
11597,68152,0
11598,68152,0
11599,100000,140
11600,68152,0
11601,68152,0
11602,68152,0
11603,68152,0
11604,68152,0
11605,68152,0
11606,68152,0
11607,68152,0
11608,68152,0
11609,68152,0
11610,68152,0
11611,68152,0
11612,68152,0
11613,68152,0
11614,68152,0
11615,68152,0
11616,68152,0
11617,100000,50
11618,68152,0
11619,100000,240
11620,68152,0
11621,68152,0
11622,68152,0
11623,68152,0
11624,68152,0
11625,68152,0
11626,68152,0
11627,68152,0
11628,68152,0
11629,68152,0
11630,68152,0
11631,68152,0
11632,68152,0
11633,68152,0
11634,68152,0
11635,68152,0
11636,68152,0
11637,68152,0
11638,100000,200
11639,68152,0
11640,100000,200
11641,68152,0
11642,68152,0
11643,68152,0
11644,100000,30
11645,68152,0
11646,68152,0
11647,100000,200
11648,100000,50
11649,68152,0
11650,100000,60
11651,68152,0
11652,68152,0
11653,100000,60
11654,100000,30
11655,100000,60
11656,68152,0
11657,68152,0
11658,68152,0
11659,100000,120
11660,68152,0
11661,100000,60
11662,68152,0
11663,100000,30
11664,68152,0
11665,68152,0
11666,68152,0
11667,68152,0
11668,68152,0
11669,68152,0
11670,68152,0
11671,100000,200
11672,68152,0
11673,68152,0
11674,100000,200
11675,68152,0
11676,68152,0
11677,100000,40
11678,68152,0
11679,68152,0
11680,68152,0
11681,68152,0
11682,68152,0
11683,68152,0
11684,68152,0
11685,68152,0
11686,68152,0
11687,100000,60
11688,68152,0
11689,68152,0
11690,68152,0
11691,100000,200
11692,68152,0
11693,68152,0
11694,68152,0
11695,68152,0
11696,68152,0
11697,100000,40
11698,100000,200
11699,68152,0
11700,68152,0
11701,68152,0
11702,68152,0
11703,68152,0
11704,68152,0
11705,68152,0
11706,68152,0
11707,68152,0
11708,68152,0
11709,100000,200
11710,68152,0
11711,100000,60
11712,68152,0
11713,68152,0
11714,68152,0
11715,68152,0
11716,68152,0
11717,68152,0
11718,100000,200
11719,68152,0
11720,100000,200
11721,68152,0
11722,68152,0
11723,68152,0
11724,68152,0
11725,68152,0
11726,68152,0
11727,68152,0
11728,68152,0
11729,100000,200
11730,68152,0
11731,100000,200
11732,100000,200
11733,68152,0
11734,100000,40
11735,68152,0
11736,100000,200
11737,100000,200
11738,68152,0
11739,100000,80
11740,68152,0
11741,68152,0
11742,68152,0
11743,100000,280
11744,68152,0
11745,68152,0
11746,68152,0
11747,100000,40
11748,68152,0
11749,68152,0
11750,100000,200
11751,68152,0
11752,68152,0
11753,68152,0
11754,68152,0
11755,68152,0
11756,68152,0
11757,68152,0
11758,100000,200
11759,68152,0
11760,100000,120
11761,68152,0
11762,68152,0
11763,68152,0
11764,68152,0
11765,68152,0
11766,68152,0
11767,100000,30
11768,68152,0
11769,100000,50
11770,68152,0
11771,100000,170
11772,100000,50
11773,68152,0
11774,68152,0
11775,68152,0
11776,100000,60
11777,68152,0
11778,68152,0
11779,68152,0
11780,68152,0
11781,100000,80
11782,68152,0
11783,68152,0
11784,100000,200
11785,68152,0
11786,68152,0
11787,68152,0
11788,100000,200
11789,68152,0
11790,68152,0
11791,68152,0
11792,68152,0
11793,68152,0
11794,68152,0
11795,100000,100
11796,68152,0
11797,68152,0
11798,68152,0
11799,68152,0
11800,68152,0
11801,68152,0
11802,68152,0
11803,100000,80
11804,68152,0
11805,68152,0
11806,68152,0
11807,68152,0
11808,68152,0
11809,68152,0
11810,68152,0
11811,68152,0
11812,68152,0
11813,68152,0
11814,68152,0
11815,68152,0
11816,68152,0
11817,68152,0
11818,68152,0
11819,100000,160
11820,68152,0
11821,100000,160
11822,68152,0
11823,68152,0
11824,68152,0
11825,68152,0
11826,68152,0
11827,68152,0
11828,68152,0
11829,68152,0
11830,68152,0
11831,68152,0
11832,68152,0
11833,100000,100
11834,68152,0
11835,100000,50
11836,68152,0
11837,68152,0
11838,68152,0
11839,68152,0
11840,68152,0
11841,68152,0
11842,68152,0
11843,68152,0
11844,68152,0
11845,100000,60
11846,100000,40
11847,68152,0
11848,68152,0
11849,100000,200
11850,100000,200
11851,68152,0
11852,68152,0
11853,100000,300
11854,68152,0
11855,100000,310
11856,68152,0
11857,68152,0
11858,68152,0
11859,68152,0
11860,100000,40
11861,68152,0
11862,68152,0
11863,68152,0
11864,68152,0
11865,68152,0
11866,68152,0
11867,68152,0
11868,68152,0
11869,68152,0
11870,68152,0
11871,68152,0
11872,68152,0
11873,68152,0
11874,68152,0
11875,199453,1200
11876,68152,0
11877,68152,0
11878,68152,0
11879,68152,0
11880,68152,0
11881,68152,0
11882,68152,0
11883,68152,0
11884,68152,0
11885,68152,0
11886,68152,0
11887,68152,0
11888,68152,0
11889,68152,0
11890,68152,0
11891,68152,0
11892,68152,0
11893,68152,0
11894,68152,0
11895,68152,0
11896,68152,0
11897,68152,0
11898,68152,0
11899,100000,200
11900,68152,0
11901,68152,0
11902,68152,0
11903,68152,0
11904,68152,0
11905,68152,0
11906,68152,0
11907,68152,0
11908,68152,0
11909,68152,0
11910,68152,0
11911,68152,0
11912,68152,0
11913,68152,0
11914,68152,0
11915,100000,100
11916,100000,50
11917,68152,0
11918,68152,0
11919,68152,0
11920,68152,0
11921,68152,0
11922,100000,560
11923,68152,0
11924,68152,0
11925,68152,0
11926,68152,0
11927,68152,0
11928,68152,0
11929,68152,0
11930,68152,0
11931,100000,200
11932,100000,200
11933,68152,0
11934,68152,0
11935,68152,0
11936,68152,0
11937,68152,0
11938,68152,0
11939,68152,0
11940,68152,0
11941,68152,0
11942,68152,0
11943,68152,0
11944,100000,200
11945,100000,200
11946,68152,0
11947,68152,0
11948,68152,0
11949,68152,0
11950,100000,200
11951,68152,0
11952,68152,0
11953,68152,0
11954,68152,0
11955,68152,0
11956,68152,0
11957,68152,0
11958,100000,200
11959,68152,0
11960,68152,0
11961,100000,60
11962,68152,0
11963,68152,0
11964,100000,200
11965,68152,0
11966,68152,0
11967,68152,0
11968,68152,0
11969,68152,0
11970,68152,0
11971,68152,0
11972,68152,0
11973,68152,0
11974,68152,0
11975,68152,0
11976,68152,0
11977,68152,0
11978,100000,200
11979,68152,0
11980,68152,0
11981,68152,0
11982,100000,200
11983,68152,0
11984,68152,0
11985,68152,0
11986,68152,0
11987,68152,0
11988,68152,0
11989,68152,0
11990,68152,0
11991,68152,0
11992,68152,0
11993,68152,0
11994,68152,0
11995,68152,0
11996,68152,0
11997,68152,0
11998,100000,500
11999,100000,200
12000,68152,0
12001,68152,0
12002,68152,0
12003,68152,0
12004,68152,0
12005,68152,0
12006,68152,0
12007,100000,120
12008,68152,0
12009,68152,0
12010,100000,200
12011,68152,0
12012,68152,0
12013,68152,0
12014,100000,80
12015,68152,0
12016,68152,0
12017,68152,0
12018,68152,0
12019,68152,0
12020,68152,0
12021,100000,430
12022,68152,0
12023,68152,0
12024,100000,200
12025,68152,0
12026,68152,0
12027,68152,0
12028,68152,0
12029,68152,0
12030,68152,0
12031,68152,0
12032,68152,0
12033,68152,0
12034,100000,150
12035,100000,60
12036,100000,230
12037,68152,0
12038,68152,0
12039,68152,0
12040,100000,200
12041,68152,0
12042,68152,0
12043,68152,0
12044,68152,0
12045,68152,0
12046,68152,0
12047,68152,0
12048,68152,0
12049,68152,0
12050,68152,0
12051,68152,0
12052,68152,0
12053,68152,0
12054,68152,0
12055,100000,200
12056,100000,200
12057,68152,0
12058,68152,0
12059,68152,0
12060,68152,0
12061,68152,0
12062,68152,0
12063,68152,0
12064,68152,0
12065,68152,0
12066,68152,0
12067,68152,0
12068,68152,0
12069,68152,0
12070,100000,100
12071,68152,0
12072,68152,0
12073,68152,0
12074,68152,0
12075,68152,0
12076,68152,0
12077,68152,0
12078,100000,100
12079,68152,0
12080,68152,0
12081,68152,0
12082,68152,0
12083,68152,0
12084,68152,0
12085,68152,0
12086,68152,0
12087,68152,0
12088,68152,0
12089,68152,0
12090,100000,80
12091,68152,0
12092,68152,0
12093,68152,0
12094,100000,40
12095,68152,0
12096,68152,0
12097,68152,0
12098,68152,0
12099,68152,0
12100,68152,0
12101,68152,0
12102,68152,0
12103,68152,0
12104,68152,0
12105,68152,0
12106,68152,0
12107,68152,0
12108,100000,200
12109,68152,0
12110,100000,40
12111,68152,0
12112,68152,0
12113,100000,200
12114,68152,0
12115,100000,50
12116,100000,40
12117,100000,200
12118,68152,0
12119,68152,0
12120,68152,0
12121,68152,0
12122,68152,0
12123,68152,0
12124,68152,0
12125,68152,0
12126,68152,0
12127,100000,30
12128,68152,0
12129,68152,0
12130,68152,0
12131,68152,0
12132,68152,0
12133,100000,400
12134,68152,0
12135,100000,200
12136,100000,30
12137,68152,0
12138,100000,40
12139,68152,0
12140,100000,250
12141,100000,60
12142,68152,0
12143,68152,0
12144,68152,0
12145,68152,0
12146,68152,0
12147,68152,0
12148,68152,0
12149,68152,0
12150,68152,0
12151,68152,0
12152,100000,200
12153,68152,0
12154,68152,0
12155,68152,0
12156,68152,0
12157,68152,0
12158,68152,0
12159,68152,0
12160,68152,0
12161,68152,0
12162,68152,0
12163,68152,0
12164,68152,0
12165,68152,0
12166,100000,40
12167,68152,0
12168,68152,0
12169,68152,0
12170,68152,0
12171,100000,120
12172,68152,0
12173,68152,0
12174,100000,80
12175,68152,0
12176,68152,0
12177,68152,0
12178,68152,0
12179,68152,0
12180,68152,0
12181,68152,0
12182,100000,40
12183,68152,0
12184,68152,0
12185,68152,0
12186,68152,0
12187,68152,0
12188,68152,0
12189,68152,0
12190,68152,0
12191,100000,200
12192,68152,0
12193,68152,0
12194,68152,0
12195,100000,200
12196,68152,0
12197,68152,0
12198,100000,120
12199,68152,0
12200,68152,0
12201,68152,0
12202,68152,0
12203,68152,0
12204,68152,0
12205,68152,0
12206,68152,0
12207,68152,0
12208,68152,0
12209,100000,200
12210,68152,0
12211,68152,0
12212,68152,0
12213,100000,100
12214,68152,0
12215,68152,0
12216,68152,0
12217,68152,0
12218,68152,0
12219,68152,0
12220,100000,300
12221,68152,0
12222,68152,0
12223,68152,0
12224,100000,30
12225,68152,0
12226,100000,100
12227,68152,0
12228,68152,0
12229,100000,660
12230,68152,0
12231,68152,0
12232,68152,0
12233,68152,0
12234,68152,0
12235,68152,0
12236,68152,0
12237,100000,200
12238,68152,0
12239,68152,0
12240,100000,60
12241,100000,200
12242,68152,0
12243,68152,0
12244,68152,0
12245,68152,0
12246,68152,0
12247,68152,0
12248,68152,0
12249,68152,0
12250,100000,200
12251,100000,200
12252,68152,0
12253,100000,110
12254,68152,0
12255,100000,60
12256,68152,0
12257,68152,0
12258,100000,200
12259,68152,0
12260,100000,160
12261,68152,0
12262,68152,0
12263,100000,80
12264,68152,0
12265,68152,0
12266,68152,0
12267,68152,0
12268,100000,160
12269,68152,0
12270,68152,0
12271,100000,60
12272,100000,200
12273,68152,0
12274,68152,0
12275,68152,0
12276,68152,0
12277,68152,0
12278,100000,30
12279,68152,0
12280,68152,0
12281,100000,200
12282,68152,0
12283,68152,0
12284,68152,0
12285,100000,200
12286,68152,0
12287,68152,0
12288,68152,0
12289,68152,0
12290,100000,200
12291,68152,0
12292,68152,0
12293,68152,0
12294,68152,0
12295,68152,0
12296,68152,0
12297,68152,0
12298,68152,0
12299,68152,0
12300,68152,0
12301,68152,0
12302,68152,0
12303,68152,0
12304,68152,0
12305,68152,0
12306,68152,0
12307,68152,0
12308,68152,0
12309,100000,120
12310,68152,0
12311,68152,0
12312,100000,80
12313,68152,0
12314,68152,0
12315,68152,0
12316,68152,0
12317,100000,60
12318,100000,200
12319,100000,80
12320,68152,0
12321,68152,0
12322,68152,0
12323,68152,0
12324,68152,0
12325,68152,0
12326,100000,200
12327,68152,0
12328,100000,200
12329,68152,0
12330,68152,0
12331,68152,0
12332,68152,0
12333,68152,0
12334,100000,30
12335,68152,0
12336,68152,0
12337,68152,0
12338,68152,0
12339,68152,0
12340,68152,0
12341,100000,280
12342,100000,200
12343,100000,200
12344,68152,0
12345,100000,200
12346,68152,0
12347,68152,0
12348,68152,0
12349,100000,200
12350,68152,0
12351,100000,40
12352,68152,0
12353,68152,0
12354,68152,0
12355,100000,200
12356,68152,0
12357,68152,0
12358,100000,120
12359,68152,0
12360,68152,0
12361,100000,160
12362,68152,0
12363,68152,0
12364,100000,80
12365,100000,420
12366,68152,0
12367,68152,0
12368,68152,0
12369,68152,0
12370,68152,0
12371,68152,0
12372,68152,0
12373,68152,0
12374,68152,0
12375,68152,0
12376,68152,0
12377,68152,0
12378,68152,0
12379,68152,0
12380,100000,250
12381,68152,0
12382,68152,0
12383,68152,0
12384,68152,0
12385,68152,0
12386,68152,0
12387,68152,0
12388,68152,0
12389,68152,0
12390,68152,0
12391,68152,0
12392,68152,0
12393,68152,0
12394,68152,0
12395,68152,0
12396,68152,0
12397,68152,0
12398,68152,0
12399,100000,40
12400,68152,0
12401,68152,0
12402,68152,0
12403,100000,300
12404,68152,0
12405,68152,0
12406,68152,0
12407,68152,0
12408,68152,0
12409,68152,0
12410,68152,0
12411,68152,0
12412,68152,0
12413,68152,0
12414,68152,0
12415,68152,0
12416,68152,0
12417,68152,0
12418,68152,0
12419,68152,0
12420,68152,0
12421,68152,0
12422,100000,500
12423,68152,0
12424,68152,0
12425,68152,0
12426,100000,200
12427,68152,0
12428,68152,0
12429,68152,0
12430,68152,0
12431,100000,80
12432,68152,0
12433,100000,200
12434,68152,0
12435,68152,0
12436,68152,0
12437,100000,60
12438,68152,0
12439,68152,0
12440,68152,0
12441,68152,0
12442,68152,0
12443,68152,0
12444,68152,0
12445,68152,0
12446,100000,200
12447,68152,0
12448,68152,0
12449,68152,0
12450,68152,0
12451,68152,0
12452,68152,0
12453,100000,30
12454,68152,0
12455,68152,0
12456,68152,0
12457,68152,0
12458,68152,0
12459,68152,0
12460,68152,0
12461,68152,0
12462,68152,0
12463,68152,0
12464,68152,0
12465,68152,0
12466,100000,200
12467,68152,0
12468,100000,190
12469,68152,0
12470,68152,0
12471,68152,0
12472,68152,0
12473,68152,0
12474,68152,0
12475,68152,0
12476,100000,200
12477,68152,0
12478,68152,0
12479,100000,170
12480,68152,0
12481,68152,0
12482,68152,0
12483,68152,0
12484,100000,200
12485,68152,0
12486,100000,240
12487,100000,280
12488,68152,0
12489,68152,0
12490,68152,0
12491,100000,150
12492,68152,0
12493,68152,0
12494,68152,0
12495,68152,0
12496,68152,0
12497,68152,0
12498,68152,0
12499,68152,0
12500,100000,200
12501,100000,200
12502,68152,0
12503,100000,200
12504,68152,0
12505,68152,0
12506,68152,0
12507,68152,0
12508,68152,0
12509,68152,0
12510,68152,0
12511,68152,0
12512,68152,0
12513,68152,0
12514,100000,30
12515,68152,0
12516,100000,50
12517,68152,0
12518,68152,0
12519,68152,0
12520,68152,0
12521,68152,0
12522,68152,0
12523,68152,0
12524,68152,0
12525,68152,0
12526,68152,0
12527,68152,0
12528,68152,0
12529,68152,0
12530,68152,0
12531,68152,0
12532,68152,0
12533,68152,0
12534,100000,500
12535,68152,0
12536,100000,200
12537,68152,0
12538,68152,0
12539,68152,0
12540,100000,50
12541,68152,0
12542,68152,0
12543,100000,200
12544,68152,0
12545,68152,0
12546,68152,0
12547,68152,0
12548,68152,0
12549,68152,0
12550,100000,30
12551,68152,0
12552,68152,0
12553,68152,0
12554,68152,0
12555,68152,0
12556,68152,0
12557,68152,0
12558,68152,0
12559,68152,0
12560,68152,0
12561,68152,0
12562,68152,0
12563,100000,120
12564,68152,0
12565,68152,0
12566,100000,150
12567,100000,200
12568,68152,0
12569,68152,0
12570,100000,200
12571,68152,0
12572,68152,0
12573,100000,60
12574,68152,0
12575,68152,0
12576,68152,0
12577,68152,0
12578,68152,0
12579,100000,40
12580,68152,0
12581,68152,0
12582,68152,0
12583,100000,800
12584,100000,200
12585,68152,0
12586,68152,0
12587,68152,0
12588,68152,0
12589,100000,580
12590,68152,0
12591,68152,0
12592,68152,0
12593,68152,0
12594,100000,200
12595,68152,0
12596,100000,200
12597,68152,0
12598,68152,0
12599,100000,170
12600,68152,0
12601,68152,0
12602,68152,0
12603,68152,0
12604,68152,0
12605,100000,200
12606,100000,200
12607,100000,200
12608,68152,0
12609,68152,0
12610,68152,0
12611,100000,200
12612,68152,0
12613,100000,200
12614,68152,0
12615,68152,0
12616,100000,200
12617,68152,0
12618,68152,0
12619,68152,0
12620,68152,0
12621,100000,200
12622,68152,0
12623,68152,0
12624,68152,0
12625,68152,0
12626,100000,200
12627,68152,0
12628,68152,0
12629,68152,0
12630,68152,0
12631,100000,420
12632,68152,0
12633,100000,300
12634,68152,0
12635,68152,0
12636,68152,0
12637,68152,0
12638,68152,0
12639,68152,0
12640,68152,0
12641,68152,0
12642,68152,0
12643,68152,0
12644,100000,200
12645,68152,0
12646,68152,0
12647,68152,0
12648,68152,0
12649,68152,0
12650,100000,200
12651,68152,0
12652,68152,0
12653,68152,0
12654,68152,0
12655,68152,0
12656,68152,0
12657,100000,100
12658,68152,0
12659,68152,0
12660,68152,0
12661,68152,0
12662,68152,0
12663,68152,0
12664,68152,0
12665,100000,60
12666,68152,0
12667,68152,0
12668,68152,0
12669,68152,0
12670,68152,0
12671,68152,0
12672,68152,0
12673,68152,0
12674,68152,0
12675,68152,0
12676,68152,0
12677,100000,200
12678,68152,0
12679,68152,0
12680,68152,0
12681,68152,0
12682,68152,0
12683,68152,0
12684,100000,200
12685,68152,0
12686,100000,60
12687,68152,0
12688,68152,0
12689,68152,0
12690,68152,0
12691,68152,0
12692,68152,0
12693,100000,250
12694,68152,0
12695,68152,0
12696,68152,0
12697,68152,0
12698,68152,0
12699,68152,0
12700,68152,0
12701,68152,0
12702,100000,200
12703,100000,260
12704,68152,0
12705,68152,0
12706,68152,0
12707,100000,200
12708,68152,0
12709,68152,0
12710,68152,0
12711,68152,0
12712,68152,0
12713,100000,120
12714,100000,200
12715,68152,0
12716,68152,0
12717,68152,0
12718,68152,0
12719,68152,0
12720,100000,200
12721,68152,0
12722,68152,0
12723,68152,0
12724,68152,0
12725,68152,0
12726,68152,0
12727,68152,0
12728,68152,0
12729,100000,330
12730,68152,0
12731,68152,0
12732,68152,0
12733,100000,120
12734,100000,120
12735,68152,0
12736,68152,0
12737,68152,0
12738,68152,0
12739,68152,0
12740,100000,40
12741,68152,0
12742,68152,0
12743,68152,0
12744,68152,0
12745,68152,0
12746,68152,0
12747,68152,0
12748,100000,120
12749,100000,280
12750,68152,0
12751,68152,0
12752,68152,0
12753,68152,0
12754,68152,0
12755,68152,0
12756,68152,0
12757,68152,0
12758,68152,0
12759,100000,200
12760,68152,0
12761,68152,0
12762,68152,0
12763,100000,80
12764,68152,0
12765,68152,0
12766,68152,0
12767,100000,100
12768,68152,0
12769,68152,0
12770,68152,0
12771,68152,0
12772,68152,0
12773,68152,0
12774,68152,0
12775,100000,200
12776,100000,30
12777,100000,200
12778,100000,200
12779,68152,0
12780,100000,40
12781,68152,0
12782,68152,0
12783,100000,200
12784,68152,0
12785,100000,200
12786,68152,0
12787,68152,0
12788,100000,60
12789,68152,0
12790,68152,0
12791,100000,200
12792,68152,0
12793,68152,0
12794,68152,0
12795,68152,0
12796,68152,0
12797,68152,0
12798,68152,0
12799,100000,500
12800,68152,0
12801,100000,50
12802,68152,0
12803,68152,0
12804,100000,200
12805,68152,0
12806,68152,0
12807,68152,0
12808,68152,0
12809,68152,0
12810,68152,0
12811,68152,0
12812,68152,0
12813,68152,0
12814,68152,0
12815,68152,0
12816,68152,0
12817,68152,0
12818,68152,0
12819,100000,30
12820,68152,0
12821,68152,0
12822,68152,0
12823,100000,200
12824,68152,0
12825,68152,0
12826,68152,0
12827,68152,0
12828,68152,0
12829,68152,0
12830,100000,200
12831,68152,0
12832,68152,0
12833,68152,0
12834,100000,200
12835,100000,160
12836,100000,200
12837,68152,0
12838,68152,0
12839,68152,0
12840,100000,200
12841,68152,0
12842,68152,0
12843,68152,0
12844,68152,0
12845,68152,0
12846,68152,0
12847,68152,0
12848,68152,0
12849,68152,0
12850,68152,0
12851,100000,200
12852,68152,0
12853,68152,0
12854,68152,0
12855,68152,0
12856,100000,50
12857,68152,0
12858,100000,200
12859,68152,0
12860,68152,0
12861,100000,120
12862,100000,280
12863,68152,0
12864,68152,0
12865,68152,0
12866,68152,0
12867,68152,0
12868,68152,0
12869,100000,200
12870,68152,0
12871,68152,0
12872,68152,0
12873,68152,0
12874,68152,0
12875,68152,0
12876,68152,0
12877,68152,0
12878,68152,0
12879,68152,0
12880,68152,0
12881,68152,0
12882,68152,0
12883,68152,0
12884,68152,0
12885,100000,50
12886,100000,200
12887,100000,40
12888,68152,0
12889,68152,0
12890,68152,0
12891,68152,0
12892,68152,0
12893,68152,0
12894,68152,0
12895,68152,0
12896,68152,0
12897,100000,200
12898,68152,0
12899,68152,0
12900,68152,0
12901,68152,0
12902,68152,0
12903,68152,0
12904,68152,0
12905,68152,0
12906,68152,0
12907,68152,0
12908,68152,0
12909,68152,0
12910,68152,0
12911,68152,0
12912,100000,240
12913,68152,0
12914,68152,0
12915,68152,0
12916,68152,0
12917,100000,40
12918,68152,0
12919,68152,0
12920,68152,0
12921,68152,0
12922,100000,100
12923,68152,0
12924,100000,80
12925,100000,100
12926,68152,0
12927,68152,0
12928,100000,200
12929,100000,200
12930,68152,0
12931,68152,0
12932,68152,0
12933,68152,0
12934,68152,0
12935,68152,0
12936,68152,0
12937,68152,0
12938,68152,0
12939,100000,120
12940,100000,200
12941,68152,0
12942,100000,400
12943,68152,0
12944,68152,0
12945,68152,0
12946,68152,0
12947,68152,0
12948,68152,0
12949,68152,0
12950,68152,0
12951,68152,0
12952,68152,0
12953,68152,0
12954,68152,0
12955,68152,0
12956,68152,0
12957,68152,0
12958,100000,80
12959,68152,0
12960,68152,0
12961,68152,0
12962,68152,0
12963,68152,0
12964,68152,0
12965,68152,0
12966,68152,0
12967,68152,0
12968,68152,0
12969,100000,100
12970,100000,40
12971,68152,0
12972,68152,0
12973,68152,0
12974,68152,0
12975,100000,200
12976,68152,0
12977,68152,0
12978,68152,0
12979,68152,0
12980,68152,0
12981,68152,0
12982,68152,0
12983,68152,0
12984,68152,0
12985,100000,200
12986,68152,0
12987,68152,0
12988,68152,0
12989,68152,0
12990,68152,0
12991,68152,0
12992,68152,0
12993,68152,0
12994,68152,0
12995,100000,500
12996,68152,0
12997,68152,0
12998,68152,0
12999,68152,0
13000,68152,0
13001,68152,0
13002,68152,0
13003,100000,30
13004,100000,60
13005,68152,0
13006,68152,0
13007,100000,80
13008,68152,0
13009,100000,160
13010,68152,0
13011,68152,0
13012,100000,300
13013,68152,0
13014,68152,0
13015,68152,0
13016,68152,0
13017,100000,140
13018,100000,160
13019,68152,0
13020,68152,0
13021,68152,0
13022,68152,0
13023,100000,200
13024,68152,0
13025,68152,0
13026,68152,0
13027,68152,0
13028,68152,0
13029,68152,0
13030,68152,0
13031,100000,200
13032,100000,120
13033,68152,0
13034,68152,0
13035,68152,0
13036,68152,0
13037,68152,0
13038,68152,0
13039,68152,0
13040,68152,0
13041,68152,0
13042,68152,0
13043,68152,0
13044,68152,0
13045,68152,0
13046,68152,0
13047,68152,0
13048,68152,0
13049,68152,0
13050,68152,0
13051,68152,0
13052,68152,0
13053,68152,0
13054,68152,0
13055,68152,0
13056,68152,0
13057,100000,160
13058,100000,200
13059,68152,0
13060,68152,0
13061,68152,0
13062,68152,0
13063,68152,0
13064,68152,0
13065,68152,0
13066,68152,0
13067,68152,0
13068,68152,0
13069,68152,0
13070,100000,200
13071,100000,80
13072,68152,0
13073,68152,0
13074,68152,0
13075,68152,0
13076,68152,0
13077,68152,0
13078,68152,0
13079,68152,0
13080,68152,0
13081,68152,0
13082,68152,0
13083,100000,200
13084,68152,0
13085,68152,0
13086,68152,0
13087,68152,0
13088,100000,200
13089,68152,0
13090,68152,0
13091,100000,100
13092,68152,0
13093,68152,0
13094,68152,0
13095,100000,30
13096,68152,0
13097,68152,0
13098,68152,0
13099,100000,140
13100,68152,0
13101,100000,200
13102,68152,0
13103,68152,0
13104,68152,0
13105,100000,160
13106,68152,0
13107,68152,0
13108,68152,0
13109,68152,0
13110,100000,200
13111,68152,0
13112,100000,200
13113,68152,0
13114,68152,0
13115,68152,0
13116,100000,200
13117,68152,0
13118,100000,60
13119,68152,0
13120,68152,0
13121,68152,0
13122,68152,0
13123,68152,0
13124,68152,0
13125,68152,0
13126,100000,200
13127,68152,0
13128,68152,0
13129,100000,200
13130,68152,0
13131,68152,0
13132,68152,0
13133,100000,160
13134,68152,0
13135,68152,0
13136,68152,0
13137,68152,0
13138,68152,0
13139,68152,0
13140,100000,80
13141,68152,0
13142,68152,0
13143,100000,60
13144,68152,0
13145,68152,0
13146,68152,0
13147,68152,0
13148,100000,200
13149,68152,0
13150,68152,0
13151,68152,0
13152,68152,0
13153,68152,0
13154,68152,0
13155,68152,0
13156,68152,0
13157,68152,0
13158,68152,0
13159,68152,0
13160,68152,0
13161,68152,0
13162,68152,0
13163,68152,0
13164,100000,200
13165,68152,0
13166,68152,0
13167,68152,0
13168,100000,200
13169,100000,200
13170,100000,200
13171,68152,0
13172,68152,0
13173,68152,0
13174,68152,0
13175,68152,0
13176,68152,0
13177,68152,0
13178,68152,0
13179,68152,0
13180,68152,0
13181,68152,0
13182,68152,0
13183,68152,0
13184,68152,0
13185,100000,200
13186,100000,80
13187,68152,0
13188,68152,0
13189,68152,0
13190,68152,0
13191,100000,200
13192,68152,0
13193,100000,200
13194,100000,50
13195,68152,0
13196,68152,0
13197,68152,0
13198,68152,0
13199,68152,0
13200,100000,400
13201,68152,0
13202,100000,250
13203,100000,80
13204,68152,0
13205,68152,0
13206,68152,0
13207,68152,0
13208,68152,0
13209,68152,0
13210,68152,0
13211,68152,0
13212,68152,0
13213,68152,0
13214,100000,200
13215,68152,0
13216,68152,0
13217,100000,200
13218,68152,0
13219,68152,0
13220,68152,0
13221,68152,0
13222,68152,0
13223,100000,200
13224,100000,110
13225,68152,0
13226,68152,0
13227,68152,0
13228,68152,0
13229,68152,0
13230,68152,0
13231,68152,0
13232,68152,0
13233,68152,0
13234,100000,50
13235,68152,0
13236,68152,0
13237,68152,0
13238,68152,0
13239,68152,0
13240,68152,0
13241,68152,0
13242,68152,0
13243,68152,0
13244,68152,0
13245,68152,0
13246,68152,0
13247,100000,60
13248,68152,0
13249,68152,0
13250,68152,0
13251,68152,0
13252,68152,0
13253,68152,0
13254,68152,0
13255,68152,0
13256,68152,0
13257,68152,0
13258,68152,0
13259,68152,0
13260,68152,0
13261,68152,0
13262,68152,0
13263,100000,250
13264,68152,0
13265,68152,0
13266,68152,0
13267,68152,0
13268,68152,0
13269,68152,0
13270,100000,160
13271,68152,0
13272,100000,30
13273,68152,0
13274,68152,0
13275,68152,0
13276,68152,0
13277,68152,0
13278,68152,0
13279,68152,0
13280,68152,0
13281,68152,0
13282,68152,0
13283,68152,0
13284,68152,0
13285,68152,0
13286,68152,0
13287,68152,0
13288,68152,0
13289,68152,0
13290,68152,0
13291,68152,0
13292,100000,40
13293,68152,0
13294,100000,80
13295,68152,0
13296,100000,100
13297,68152,0
13298,68152,0
13299,68152,0
13300,68152,0
13301,68152,0
13302,68152,0
13303,68152,0
13304,68152,0
13305,68152,0
13306,68152,0
13307,68152,0
13308,68152,0
13309,68152,0
13310,68152,0
13311,68152,0
13312,100000,200
13313,68152,0
13314,68152,0
13315,68152,0
13316,68152,0
13317,100000,40
13318,68152,0
13319,68152,0
13320,68152,0
13321,68152,0
13322,68152,0
13323,68152,0
13324,68152,0
13325,68152,0
13326,68152,0
13327,68152,0
13328,100000,150
13329,68152,0
13330,100000,170
13331,68152,0
13332,100000,200
13333,68152,0
13334,68152,0
13335,68152,0
13336,68152,0
13337,68152,0
13338,68152,0
13339,68152,0
13340,68152,0
13341,68152,0
13342,68152,0
13343,68152,0
13344,100000,200
13345,68152,0
13346,68152,0
13347,68152,0
13348,100000,200
13349,68152,0
13350,68152,0
13351,100000,110
13352,68152,0
13353,68152,0
13354,68152,0
13355,68152,0
13356,68152,0
13357,68152,0
13358,68152,0
13359,100000,80
13360,68152,0
13361,100000,60
13362,68152,0
13363,100000,160
13364,68152,0
13365,68152,0
13366,68152,0
13367,100000,200
13368,100000,120
13369,68152,0
13370,100000,150
13371,68152,0
13372,100000,200
13373,68152,0
13374,100000,200
13375,68152,0
13376,68152,0
13377,68152,0
13378,68152,0
13379,68152,0
13380,68152,0
13381,68152,0
13382,68152,0
13383,68152,0
13384,68152,0
13385,100000,40
13386,68152,0
13387,68152,0
13388,68152,0
13389,100000,60
13390,68152,0
13391,68152,0
13392,68152,0
13393,68152,0
13394,68152,0
13395,68152,0
13396,68152,0
13397,68152,0
13398,68152,0
13399,100000,80
13400,100000,170
13401,68152,0
13402,68152,0
13403,68152,0
13404,68152,0
13405,68152,0
13406,68152,0
13407,68152,0
13408,68152,0
13409,100000,60
13410,68152,0
13411,68152,0
13412,100000,150
13413,68152,0
13414,68152,0
13415,68152,0
13416,68152,0
13417,68152,0
13418,68152,0
13419,68152,0
13420,68152,0
13421,68152,0
13422,68152,0
13423,68152,0
13424,68152,0
13425,68152,0
13426,100000,200
13427,68152,0
13428,68152,0
13429,68152,0
13430,68152,0
13431,68152,0
13432,68152,0
13433,68152,0
13434,68152,0
13435,68152,0
13436,68152,0
13437,68152,0
13438,68152,0
13439,68152,0
13440,68152,0
13441,100000,100
13442,100000,200
13443,68152,0
13444,68152,0
13445,68152,0
13446,68152,0
13447,68152,0
13448,68152,0
13449,68152,0
13450,68152,0
13451,100000,200
13452,68152,0
13453,68152,0
13454,68152,0
13455,68152,0
13456,100000,600
13457,68152,0
13458,68152,0
13459,68152,0
13460,68152,0
13461,68152,0
13462,68152,0
13463,68152,0
13464,68152,0
13465,100000,50
13466,68152,0
13467,68152,0
13468,68152,0
13469,68152,0
13470,100000,200
13471,68152,0
13472,68152,0
13473,68152,0
13474,100000,120
13475,68152,0
13476,68152,0
13477,68152,0
13478,68152,0
13479,100000,250
13480,68152,0
13481,68152,0
13482,100000,200
13483,68152,0
13484,68152,0
13485,68152,0
13486,68152,0
13487,68152,0
13488,68152,0
13489,100000,200
13490,68152,0
13491,68152,0
13492,68152,0
13493,68152,0
13494,68152,0
13495,100000,200
13496,68152,0
13497,68152,0
13498,68152,0
13499,68152,0
13500,100000,200
13501,100000,50
13502,68152,0
13503,68152,0
13504,68152,0
13505,68152,0
13506,68152,0
13507,68152,0
13508,68152,0
13509,68152,0
13510,68152,0
13511,68152,0
13512,100000,50
13513,68152,0
13514,100000,200
13515,68152,0
13516,100000,200
13517,68152,0
13518,100000,60
13519,68152,0
13520,68152,0
13521,100000,200
13522,68152,0
13523,68152,0
13524,68152,0
13525,100000,430
13526,100000,200
13527,68152,0
13528,68152,0
13529,68152,0
13530,68152,0
13531,68152,0
13532,68152,0
13533,68152,0
13534,68152,0
13535,68152,0
13536,100000,80
13537,100000,30
13538,68152,0
13539,68152,0
13540,68152,0
13541,68152,0
13542,100000,30
13543,100000,200
13544,68152,0
13545,68152,0
13546,68152,0
13547,68152,0
13548,68152,0
13549,68152,0
13550,68152,0
13551,68152,0
13552,100000,150
13553,68152,0
13554,68152,0
13555,68152,0
13556,100000,130
13557,68152,0
13558,68152,0
13559,100000,200
13560,68152,0
13561,68152,0
13562,68152,0
13563,100000,170
13564,100000,200
13565,68152,0
13566,68152,0
13567,68152,0
13568,68152,0
13569,68152,0
13570,100000,550
13571,68152,0
13572,68152,0
13573,68152,0
13574,68152,0
13575,68152,0
13576,100000,200
13577,68152,0
13578,68152,0
13579,68152,0
13580,100000,200
13581,68152,0
13582,68152,0
13583,68152,0
13584,68152,0
13585,68152,0
13586,68152,0
13587,68152,0
13588,100000,200
13589,68152,0
13590,68152,0
13591,68152,0
13592,68152,0
13593,68152,0
13594,68152,0
13595,68152,0
13596,68152,0
13597,68152,0
13598,68152,0
13599,68152,0
13600,68152,0
13601,68152,0
13602,68152,0
13603,68152,0
13604,100000,200
13605,100000,100
13606,68152,0
13607,68152,0
13608,68152,0
13609,68152,0
13610,68152,0
13611,100000,200
13612,68152,0
13613,68152,0
13614,68152,0
13615,68152,0
13616,68152,0
13617,100000,200
13618,100000,100
13619,68152,0
13620,100000,200
13621,68152,0
13622,68152,0
13623,68152,0
13624,68152,0
13625,100000,200
13626,68152,0
13627,68152,0
13628,68152,0
13629,68152,0
13630,68152,0
13631,68152,0
13632,100000,140
13633,68152,0
13634,68152,0
13635,68152,0
13636,68152,0
13637,100000,40
13638,68152,0
13639,100000,100
13640,68152,0
13641,68152,0
13642,100000,120
13643,100000,80
13644,68152,0
13645,68152,0
13646,68152,0
13647,68152,0
13648,68152,0
13649,100000,50
13650,68152,0
13651,68152,0
13652,68152,0
13653,100000,100
13654,100000,50
13655,100000,200
13656,68152,0
13657,68152,0
13658,68152,0
13659,68152,0
13660,68152,0
13661,68152,0
13662,68152,0
13663,68152,0
13664,68152,0
13665,100000,30
13666,68152,0
13667,68152,0
13668,100000,250
13669,68152,0
13670,68152,0
13671,68152,0
13672,68152,0
13673,100000,40
13674,68152,0
13675,68152,0
13676,68152,0
13677,68152,0
13678,68152,0
13679,68152,0
13680,68152,0
13681,100000,160
13682,68152,0
13683,100000,120
13684,100000,50
13685,68152,0
13686,100000,200
13687,68152,0
13688,68152,0
13689,68152,0
13690,100000,200
13691,68152,0
13692,100000,80
13693,100000,200
13694,68152,0
13695,68152,0
13696,68152,0
13697,68152,0
13698,68152,0
13699,68152,0
13700,68152,0
13701,100000,200
13702,68152,0
13703,100000,400
13704,68152,0
13705,100000,200
13706,100000,50
13707,100000,200
13708,68152,0
13709,100000,200
13710,68152,0
13711,68152,0
13712,68152,0
13713,68152,0
13714,100000,300
13715,68152,0
13716,68152,0
13717,68152,0
13718,100000,80
13719,68152,0
13720,68152,0
13721,68152,0
13722,100000,200
13723,68152,0
13724,68152,0
13725,68152,0
13726,100000,200
13727,100000,300
13728,68152,0
13729,68152,0
13730,68152,0
13731,100000,280
13732,68152,0
13733,68152,0
13734,68152,0
13735,68152,0
13736,68152,0
13737,68152,0
13738,68152,0
13739,68152,0
13740,68152,0
13741,68152,0
13742,68152,0
13743,68152,0
13744,100000,30
13745,68152,0
13746,68152,0
13747,68152,0
13748,68152,0
13749,68152,0
13750,100000,240
13751,68152,0
13752,68152,0
13753,68152,0
13754,68152,0
13755,68152,0
13756,68152,0
13757,68152,0
13758,68152,0
13759,100000,80
13760,100000,190
13761,68152,0
13762,68152,0
13763,68152,0
13764,68152,0
13765,68152,0
13766,68152,0
13767,68152,0
13768,68152,0
13769,68152,0
13770,100000,30
13771,68152,0
13772,68152,0
13773,68152,0
13774,68152,0
13775,68152,0
13776,68152,0
13777,68152,0
13778,68152,0
13779,68152,0
13780,100000,60
13781,68152,0
13782,68152,0
13783,68152,0
13784,100000,50
13785,100000,160
13786,68152,0
13787,68152,0
13788,68152,0
13789,68152,0
13790,68152,0
13791,68152,0
13792,68152,0
13793,68152,0
13794,68152,0
13795,68152,0
13796,68152,0
13797,68152,0
13798,68152,0
13799,68152,0
13800,68152,0
13801,68152,0
13802,100000,120
13803,100000,200
13804,68152,0
13805,68152,0
13806,68152,0
13807,68152,0
13808,68152,0
13809,68152,0
13810,100000,30
13811,100000,200
13812,68152,0
13813,68152,0
13814,68152,0
13815,100000,240
13816,68152,0
13817,68152,0
13818,68152,0
13819,68152,0
13820,68152,0
13821,100000,80
13822,68152,0
13823,68152,0
13824,68152,0
13825,68152,0
13826,68152,0
13827,100000,80
13828,68152,0
13829,68152,0
13830,68152,0
13831,68152,0
13832,100000,150
13833,68152,0
13834,68152,0
13835,68152,0
13836,68152,0
13837,68152,0
13838,68152,0
13839,68152,0
13840,68152,0
13841,68152,0
13842,68152,0
13843,68152,0
13844,68152,0
13845,68152,0
13846,68152,0
13847,68152,0
13848,68152,0
13849,68152,0
13850,100000,160
13851,68152,0
13852,68152,0
13853,68152,0
13854,68152,0
13855,68152,0
13856,100000,200
13857,68152,0
13858,68152,0
13859,68152,0
13860,68152,0
13861,68152,0
13862,100000,200
13863,68152,0
13864,68152,0
13865,68152,0
13866,68152,0
13867,68152,0
13868,68152,0
13869,68152,0
13870,68152,0
13871,68152,0
13872,100000,110
13873,100000,80
13874,68152,0
13875,68152,0
13876,100000,110
13877,68152,0
13878,68152,0
13879,100000,300
13880,68152,0
13881,68152,0
13882,68152,0
13883,68152,0
13884,68152,0
13885,68152,0
13886,68152,0
13887,68152,0
13888,68152,0
13889,68152,0
13890,68152,0
13891,68152,0
13892,68152,0
13893,68152,0
13894,68152,0
13895,68152,0
13896,68152,0
13897,68152,0
13898,100000,200
13899,68152,0
13900,68152,0
13901,68152,0
13902,68152,0
13903,68152,0
13904,68152,0
13905,68152,0
13906,68152,0
13907,68152,0
13908,100000,200
13909,68152,0
13910,68152,0
13911,68152,0
13912,68152,0
13913,68152,0
13914,68152,0
13915,68152,0
13916,68152,0
13917,68152,0
13918,68152,0
13919,68152,0
13920,100000,50
13921,68152,0
13922,100000,30
13923,100000,60
13924,68152,0
13925,68152,0
13926,68152,0
13927,68152,0
13928,100000,200
13929,68152,0
13930,68152,0
13931,68152,0
13932,68152,0
13933,68152,0
13934,68152,0
13935,68152,0
13936,68152,0
13937,100000,200
13938,68152,0
13939,68152,0
13940,68152,0
13941,100000,200
13942,68152,0
13943,100000,200
13944,100000,200
13945,100000,200
13946,68152,0
13947,100000,200
13948,68152,0
13949,68152,0
13950,68152,0
13951,100000,200
13952,68152,0
13953,68152,0
13954,68152,0
13955,68152,0
13956,68152,0
13957,68152,0
13958,68152,0
13959,68152,0
13960,68152,0
13961,100000,200
13962,68152,0
13963,68152,0
13964,100000,80
13965,68152,0
13966,68152,0
13967,68152,0
13968,100000,200
13969,68152,0
13970,68152,0
13971,100000,60
13972,68152,0
13973,68152,0
13974,68152,0
13975,68152,0
13976,68152,0
13977,68152,0
13978,68152,0
13979,68152,0
13980,68152,0
13981,68152,0
13982,68152,0
13983,68152,0
13984,68152,0
13985,68152,0
13986,100000,120
13987,68152,0
13988,68152,0
13989,68152,0
13990,68152,0
13991,68152,0
13992,68152,0
13993,68152,0
13994,68152,0
13995,68152,0
13996,68152,0
13997,68152,0
13998,68152,0
13999,68152,0
14000,68152,0
14001,68152,0
14002,100000,80
14003,68152,0
14004,68152,0
14005,100000,80
14006,100000,200
14007,68152,0
14008,68152,0
14009,68152,0
14010,68152,0
14011,68152,0
14012,68152,0
14013,100000,200
14014,100000,200
14015,68152,0
14016,100000,200
14017,100000,200
14018,100000,30
14019,68152,0
14020,68152,0
14021,68152,0
14022,68152,0
14023,100000,120
14024,100000,200
14025,68152,0
14026,100000,100
14027,68152,0
14028,68152,0
14029,68152,0
14030,68152,0
14031,68152,0
14032,68152,0
14033,68152,0
14034,68152,0
14035,68152,0
14036,68152,0
14037,68152,0
14038,68152,0
14039,68152,0
14040,68152,0
14041,68152,0
14042,100000,120
14043,68152,0
14044,100000,200
14045,68152,0
14046,100000,40
14047,68152,0
14048,68152,0
14049,100000,80
14050,68152,0
14051,100000,200
14052,68152,0
14053,68152,0
14054,100000,180
14055,100000,220
14056,68152,0
14057,68152,0
14058,68152,0
14059,100000,120
14060,68152,0
14061,68152,0
14062,68152,0
14063,68152,0
14064,100000,200
14065,68152,0
14066,68152,0
14067,68152,0
14068,68152,0
14069,100000,30
14070,68152,0
14071,68152,0
14072,68152,0
14073,68152,0
14074,68152,0
14075,68152,0
14076,68152,0
14077,68152,0
14078,68152,0
14079,68152,0
14080,68152,0
14081,68152,0
14082,100000,200
14083,68152,0
14084,68152,0
14085,100000,40
14086,68152,0
14087,68152,0
14088,68152,0
14089,68152,0
14090,68152,0
14091,68152,0
14092,68152,0
14093,68152,0
14094,68152,0
14095,100000,120
14096,68152,0
14097,68152,0
14098,68152,0
14099,68152,0
14100,100000,600
14101,68152,0
14102,68152,0
14103,68152,0
14104,68152,0
14105,68152,0
14106,68152,0
14107,68152,0
14108,68152,0
14109,68152,0
14110,68152,0
14111,68152,0
14112,100000,200
14113,68152,0
14114,68152,0
14115,68152,0
14116,68152,0
14117,100000,200
14118,68152,0
14119,68152,0
14120,100000,200
14121,68152,0
14122,100000,80
14123,68152,0
14124,68152,0
14125,68152,0
14126,68152,0
14127,68152,0
14128,68152,0
14129,68152,0
14130,68152,0
14131,68152,0
14132,68152,0
14133,100000,200
14134,68152,0
14135,68152,0
14136,100000,160
14137,68152,0
14138,68152,0
14139,68152,0
14140,68152,0
14141,100000,200
14142,68152,0
14143,68152,0
14144,68152,0
14145,100000,400
14146,68152,0
14147,68152,0
14148,68152,0
14149,68152,0
14150,68152,0
14151,68152,0
14152,68152,0
14153,100000,200
14154,100000,50
14155,100000,80
14156,68152,0
14157,68152,0
14158,68152,0
14159,68152,0
14160,68152,0
14161,100000,80
14162,68152,0
14163,68152,0
14164,100000,40
14165,68152,0
14166,68152,0
14167,68152,0
14168,68152,0
14169,100000,120
14170,68152,0
14171,68152,0
14172,68152,0
14173,68152,0
14174,68152,0
14175,68152,0
14176,68152,0
14177,68152,0
14178,68152,0
14179,68152,0
14180,68152,0
14181,68152,0
14182,68152,0
14183,68152,0
14184,68152,0
14185,68152,0
14186,68152,0
14187,68152,0
14188,68152,0
14189,100000,60
14190,68152,0
14191,100000,400
14192,100000,340
14193,68152,0
14194,68152,0
14195,68152,0
14196,68152,0
14197,68152,0
14198,100000,200
14199,68152,0
14200,68152,0
14201,100000,200
14202,68152,0
14203,68152,0
14204,100000,80
14205,68152,0
14206,68152,0
14207,68152,0
14208,68152,0
14209,68152,0
14210,68152,0
14211,68152,0
14212,68152,0
14213,68152,0
14214,68152,0
14215,68152,0
14216,68152,0
14217,68152,0
14218,100000,60
14219,68152,0
14220,68152,0
14221,68152,0
14222,68152,0
14223,100000,200
14224,68152,0
14225,68152,0
14226,68152,0
14227,100000,120
14228,68152,0
14229,68152,0
14230,68152,0
14231,100000,30
14232,68152,0
14233,100000,240
14234,68152,0
14235,68152,0
14236,68152,0
14237,100000,200
14238,100000,200
14239,100000,50
14240,100000,200
14241,68152,0
14242,68152,0
14243,68152,0
14244,100000,200
14245,68152,0
14246,100000,600
14247,100000,300
14248,68152,0
14249,100000,200
14250,68152,0
14251,68152,0
14252,100000,200
14253,68152,0
14254,100000,700
14255,68152,0
14256,68152,0
14257,100000,80
14258,100000,200
14259,100000,50
14260,68152,0
14261,68152,0
14262,100000,50
14263,68152,0
14264,100000,50
14265,68152,0
14266,68152,0
14267,68152,0
14268,100000,110
14269,100000,240
14270,68152,0
14271,68152,0
14272,68152,0
14273,68152,0
14274,68152,0
14275,68152,0
14276,68152,0
14277,68152,0
14278,68152,0
14279,68152,0
14280,68152,0
14281,68152,0
14282,68152,0
14283,68152,0
14284,68152,0
14285,68152,0
14286,68152,0
14287,68152,0
14288,68152,0
14289,68152,0
14290,68152,0
14291,68152,0
14292,68152,0
14293,68152,0
14294,68152,0
14295,68152,0
14296,68152,0
14297,68152,0
14298,68152,0
14299,68152,0
14300,68152,0
14301,68152,0
14302,68152,0
14303,68152,0
14304,68152,0
14305,68152,0
14306,68152,0
14307,68152,0
14308,68152,0
14309,68152,0
14310,68152,0
14311,68152,0
14312,68152,0
14313,100000,200
14314,68152,0
14315,68152,0
14316,68152,0
14317,68152,0
14318,68152,0
14319,68152,0
14320,100000,60
14321,68152,0
14322,68152,0
14323,68152,0
14324,68152,0
14325,68152,0
14326,68152,0
14327,68152,0
14328,68152,0
14329,68152,0
14330,100000,150
14331,68152,0
14332,68152,0
14333,68152,0
14334,68152,0
14335,68152,0
14336,68152,0
14337,68152,0
14338,68152,0
14339,68152,0
14340,68152,0
14341,68152,0
14342,100000,60
14343,100000,200
14344,68152,0
14345,68152,0
14346,100000,200
14347,68152,0
14348,68152,0
14349,68152,0
14350,68152,0
14351,68152,0
14352,68152,0
14353,68152,0
14354,100000,60
14355,68152,0
14356,68152,0
14357,68152,0
14358,68152,0
14359,68152,0
14360,68152,0
14361,100000,200
14362,100000,330
14363,100000,240
14364,68152,0
14365,100000,40
14366,100000,200
14367,68152,0
14368,68152,0
14369,68152,0
14370,68152,0
14371,68152,0
14372,68152,0
14373,68152,0
14374,100000,200
14375,68152,0
14376,100000,140
14377,100000,40
14378,68152,0
14379,68152,0
14380,68152,0
14381,68152,0
14382,68152,0
14383,100000,200
14384,68152,0
14385,68152,0
14386,68152,0
14387,68152,0
14388,68152,0
14389,68152,0
14390,100000,200
14391,68152,0
14392,68152,0
14393,68152,0
14394,68152,0
14395,68152,0
14396,68152,0
14397,68152,0
14398,68152,0
14399,68152,0
14400,68152,0
14401,100000,300
14402,100000,60
14403,68152,0
14404,100000,200
14405,68152,0
14406,68152,0
14407,100000,300
14408,68152,0
14409,100000,200
14410,68152,0
14411,100000,200
14412,68152,0
14413,68152,0
14414,68152,0
14415,68152,0
14416,68152,0
14417,100000,200
14418,68152,0
14419,68152,0
14420,68152,0
14421,68152,0
14422,68152,0
14423,100000,30
14424,68152,0
14425,100000,80
14426,68152,0
14427,68152,0
14428,68152,0
14429,68152,0
14430,68152,0
14431,68152,0
14432,68152,0
14433,68152,0
14434,100000,220
14435,68152,0
14436,100000,200
14437,68152,0
14438,68152,0
14439,68152,0
14440,68152,0
14441,68152,0
14442,68152,0
14443,100000,120
14444,68152,0
14445,68152,0
14446,68152,0
14447,68152,0
14448,100000,200
14449,68152,0
14450,68152,0
14451,68152,0
14452,68152,0
14453,68152,0
14454,68152,0
14455,100000,120
14456,68152,0
14457,68152,0
14458,68152,0
14459,100000,160
14460,68152,0
14461,68152,0
14462,68152,0
14463,68152,0
14464,100000,60
14465,68152,0
14466,100000,160
14467,68152,0
14468,68152,0
14469,68152,0
14470,68152,0
14471,100000,200
14472,100000,80
14473,68152,0
14474,68152,0
14475,68152,0
14476,68152,0
14477,68152,0
14478,68152,0
14479,68152,0
14480,100000,200
14481,68152,0
14482,68152,0
14483,68152,0
14484,68152,0
14485,100000,200
14486,68152,0
14487,68152,0
14488,68152,0
14489,68152,0
14490,68152,0
14491,68152,0
14492,68152,0
14493,68152,0
14494,68152,0
14495,68152,0
14496,68152,0
14497,68152,0
14498,68152,0
14499,68152,0
14500,68152,0
14501,68152,0
14502,68152,0
14503,100000,160
14504,68152,0
14505,68152,0
14506,68152,0
14507,68152,0
14508,68152,0
14509,68152,0
14510,68152,0
14511,68152,0
14512,68152,0
14513,68152,0
14514,68152,0
14515,68152,0
14516,68152,0
14517,68152,0
14518,68152,0
14519,100000,120
14520,68152,0
14521,68152,0
14522,68152,0
14523,68152,0
14524,68152,0
14525,68152,0
14526,68152,0
14527,68152,0
14528,68152,0
14529,68152,0
14530,68152,0
14531,68152,0
14532,68152,0
14533,68152,0
14534,68152,0
14535,68152,0
14536,100000,260
14537,68152,0
14538,68152,0
14539,68152,0
14540,68152,0
14541,68152,0
14542,100000,200
14543,68152,0
14544,100000,200
14545,68152,0
14546,68152,0
14547,100000,200
14548,68152,0
14549,68152,0
14550,68152,0
14551,68152,0
14552,68152,0
14553,68152,0
14554,68152,0
14555,68152,0
14556,68152,0
14557,100000,200
14558,68152,0
14559,68152,0
14560,100000,140
14561,68152,0
14562,68152,0
14563,100000,200
14564,100000,200
14565,68152,0
14566,68152,0
14567,68152,0
14568,100000,120
14569,100000,200
14570,68152,0
14571,68152,0
14572,68152,0
14573,68152,0
14574,68152,0
14575,68152,0
14576,100000,110
14577,68152,0
14578,68152,0
14579,68152,0
14580,68152,0
14581,68152,0
14582,68152,0
14583,100000,500
14584,68152,0
14585,68152,0
14586,68152,0
14587,100000,80
14588,68152,0
14589,68152,0
14590,68152,0
14591,100000,200
14592,100000,250
14593,100000,50
14594,68152,0
14595,68152,0
14596,68152,0
14597,68152,0
14598,100000,200
14599,68152,0
14600,68152,0
14601,68152,0
14602,68152,0
14603,68152,0
14604,68152,0
14605,68152,0
14606,68152,0
14607,68152,0
14608,68152,0
14609,68152,0
14610,68152,0
14611,68152,0
14612,68152,0
14613,68152,0
14614,68152,0
14615,68152,0
14616,68152,0
14617,68152,0
14618,100000,140
14619,68152,0
14620,68152,0
14621,100000,200
14622,68152,0
14623,100000,200
14624,68152,0
14625,68152,0
14626,68152,0
14627,68152,0
14628,68152,0
14629,100000,200
14630,100000,30
14631,68152,0
14632,68152,0
14633,68152,0
14634,68152,0
14635,68152,0
14636,68152,0
14637,68152,0
14638,68152,0
14639,100000,200
14640,68152,0
14641,100000,100
14642,100000,80
14643,100000,120
14644,100000,60
14645,68152,0
14646,68152,0
14647,68152,0
14648,68152,0
14649,100000,200
14650,100000,200
14651,68152,0
14652,68152,0
14653,68152,0
14654,68152,0
14655,68152,0
14656,68152,0
14657,68152,0
14658,68152,0
14659,100000,200
14660,68152,0
14661,100000,150
14662,68152,0
14663,100000,40
14664,68152,0
14665,68152,0
14666,68152,0
14667,68152,0
14668,68152,0
14669,68152,0
14670,100000,200
14671,68152,0
14672,68152,0
14673,68152,0
14674,68152,0
14675,100000,40
14676,68152,0
14677,100000,200
14678,68152,0
14679,100000,260
14680,68152,0
14681,100000,240
14682,68152,0
14683,68152,0
14684,68152,0
14685,100000,500
14686,68152,0
14687,68152,0
14688,100000,50
14689,68152,0
14690,68152,0
14691,68152,0
14692,100000,80
14693,100000,150
14694,68152,0
14695,68152,0
14696,68152,0
14697,68152,0
14698,100000,40
14699,68152,0
14700,68152,0
14701,68152,0
14702,100000,200
14703,68152,0
14704,100000,50
14705,68152,0
14706,68152,0
14707,68152,0
14708,68152,0
14709,68152,0
14710,68152,0
14711,68152,0
14712,68152,0
14713,68152,0
14714,68152,0
14715,68152,0
14716,68152,0
14717,68152,0
14718,68152,0
14719,100000,150
14720,68152,0
14721,68152,0
14722,68152,0
14723,68152,0
14724,68152,0
14725,68152,0
14726,68152,0
14727,68152,0
14728,68152,0
14729,68152,0
14730,68152,0
14731,68152,0
14732,68152,0
14733,68152,0
14734,68152,0
14735,68152,0
14736,68152,0
14737,68152,0
14738,100000,200
14739,68152,0
14740,68152,0
14741,100000,200
14742,68152,0
14743,68152,0
14744,68152,0
14745,68152,0
14746,100000,80
14747,68152,0
14748,68152,0
14749,68152,0
14750,68152,0
14751,68152,0
14752,100000,30
14753,68152,0
14754,68152,0
14755,68152,0
14756,68152,0
14757,100000,580
14758,68152,0
14759,68152,0
14760,100000,60
14761,68152,0
14762,68152,0
14763,68152,0
14764,100000,30
14765,68152,0
14766,68152,0
14767,68152,0
14768,68152,0
14769,68152,0
14770,68152,0
14771,68152,0
14772,68152,0
14773,68152,0
14774,100000,200
14775,100000,200
14776,68152,0
14777,68152,0
14778,68152,0
14779,68152,0
14780,100000,160
14781,68152,0
14782,68152,0
14783,100000,200
14784,68152,0
14785,100000,150
14786,68152,0
14787,68152,0
14788,68152,0
14789,68152,0
14790,68152,0
14791,68152,0
14792,68152,0
14793,68152,0
14794,68152,0
14795,68152,0
14796,100000,40
14797,68152,0
14798,100000,80
14799,100000,200
14800,100000,200
14801,100000,200
14802,68152,0
14803,68152,0
14804,68152,0
14805,68152,0
14806,100000,30
14807,68152,0
14808,68152,0
14809,68152,0
14810,68152,0
14811,68152,0
14812,68152,0
14813,100000,40
14814,68152,0
14815,68152,0
14816,100000,80
14817,68152,0
14818,68152,0
14819,68152,0
14820,68152,0
14821,68152,0
14822,68152,0
14823,68152,0
14824,68152,0
14825,68152,0
14826,68152,0
14827,100000,100
14828,68152,0
14829,68152,0
14830,68152,0
14831,100000,30
14832,68152,0
14833,68152,0
14834,68152,0
14835,68152,0
14836,68152,0
14837,68152,0
14838,68152,0
14839,68152,0
14840,68152,0
14841,68152,0
14842,68152,0
14843,68152,0
14844,68152,0
14845,68152,0
14846,100000,50
14847,68152,0
14848,68152,0
14849,100000,30
14850,100000,200
14851,68152,0
14852,68152,0
14853,68152,0
14854,68152,0
14855,68152,0
14856,68152,0
14857,68152,0
14858,68152,0
14859,68152,0
14860,100000,30
14861,100000,50
14862,68152,0
14863,100000,200
14864,68152,0
14865,68152,0
14866,68152,0
14867,100000,200
14868,68152,0
14869,68152,0
14870,68152,0
14871,100000,200
14872,68152,0
14873,68152,0
14874,100000,200
14875,68152,0
14876,68152,0
14877,68152,0
14878,68152,0
14879,68152,0
14880,68152,0
14881,68152,0
14882,100000,100
14883,68152,0
14884,68152,0
14885,100000,50
14886,68152,0
14887,68152,0
14888,68152,0
14889,68152,0
14890,68152,0
14891,68152,0
14892,100000,200
14893,68152,0
14894,68152,0
14895,68152,0
14896,68152,0
14897,100000,30
14898,68152,0
14899,68152,0
14900,68152,0
14901,68152,0
14902,68152,0
14903,68152,0
14904,68152,0
14905,68152,0
14906,68152,0
14907,68152,0
14908,68152,0
14909,68152,0
14910,100000,300
14911,68152,0
14912,68152,0
14913,100000,300
14914,68152,0
14915,68152,0
14916,68152,0
14917,100000,200
14918,68152,0
14919,68152,0
14920,100000,60
14921,68152,0
14922,100000,300
14923,68152,0
14924,100000,30
14925,68152,0
14926,68152,0
14927,68152,0
14928,100000,200
14929,68152,0
14930,100000,140
14931,68152,0
14932,68152,0
14933,100000,240
14934,68152,0
14935,68152,0
14936,68152,0
14937,68152,0
14938,68152,0
14939,68152,0
14940,68152,0
14941,68152,0
14942,68152,0
14943,100000,40
14944,68152,0
14945,68152,0
14946,68152,0
14947,68152,0
14948,68152,0
14949,68152,0
14950,68152,0
14951,68152,0
14952,68152,0
14953,68152,0
14954,68152,0
14955,68152,0
14956,100000,100
14957,68152,0
14958,100000,200
14959,68152,0
14960,68152,0
14961,68152,0
14962,68152,0
14963,68152,0
14964,68152,0
14965,68152,0
14966,68152,0
14967,100000,60
14968,68152,0
14969,68152,0
14970,68152,0
14971,68152,0
14972,68152,0
14973,68152,0
14974,100000,300
14975,68152,0
14976,68152,0
14977,68152,0
14978,68152,0
14979,68152,0
14980,68152,0
14981,68152,0
14982,68152,0
14983,100000,30
14984,100000,200
14985,68152,0
14986,100000,200
14987,68152,0
14988,68152,0
14989,68152,0
14990,68152,0
14991,100000,200
14992,68152,0
14993,100000,80
14994,68152,0
14995,100000,60
14996,68152,0
14997,68152,0
14998,68152,0
14999,68152,0
15000,68152,0
15001,68152,0
15002,68152,0
15003,68152,0
15004,68152,0
15005,100000,200
15006,100000,100
15007,100000,200
15008,68152,0
15009,68152,0
15010,68152,0
15011,68152,0
15012,100000,80
15013,68152,0
15014,68152,0
15015,68152,0
15016,68152,0
15017,68152,0
15018,100000,80
15019,68152,0
15020,68152,0
15021,68152,0
15022,68152,0
15023,100000,200
15024,100000,200
15025,68152,0
15026,100000,200
15027,68152,0
15028,68152,0
15029,68152,0
15030,68152,0
15031,68152,0
15032,100000,220
15033,100000,160
15034,68152,0
15035,100000,50
15036,100000,200
15037,68152,0
15038,100000,200
15039,68152,0
15040,68152,0
15041,68152,0
15042,100000,150
15043,68152,0
15044,68152,0
15045,100000,50
15046,68152,0
15047,68152,0
15048,68152,0
15049,68152,0
15050,100000,200
15051,68152,0
15052,100000,200
15053,68152,0
15054,68152,0
15055,100000,200
15056,100000,200
15057,100000,200
15058,68152,0
15059,68152,0
15060,68152,0
15061,68152,0
15062,68152,0
15063,100000,200
15064,68152,0
15065,68152,0
15066,68152,0
15067,100000,200
15068,100000,50
15069,68152,0
15070,100000,80
15071,68152,0
15072,68152,0
15073,68152,0
15074,68152,0
15075,68152,0
15076,100000,30
15077,68152,0
15078,68152,0
15079,68152,0
15080,68152,0
15081,68152,0
15082,68152,0
15083,68152,0
15084,68152,0
15085,100000,50
15086,100000,160
15087,68152,0
15088,68152,0
15089,100000,50
15090,100000,50
15091,68152,0
15092,68152,0
15093,68152,0
15094,68152,0
15095,68152,0
15096,68152,0
15097,100000,80
15098,68152,0
15099,68152,0
15100,68152,0
15101,100000,150
15102,100000,80
15103,68152,0
15104,100000,60
15105,100000,80
15106,68152,0
15107,68152,0
15108,68152,0
15109,68152,0
15110,68152,0
15111,100000,50
15112,68152,0
15113,68152,0
15114,68152,0
15115,68152,0
15116,68152,0
15117,68152,0
15118,68152,0
15119,68152,0
15120,68152,0
15121,68152,0
15122,68152,0
15123,68152,0
15124,68152,0
15125,68152,0
15126,68152,0
15127,68152,0
15128,100000,390
15129,68152,0
15130,68152,0
15131,100000,200
15132,68152,0
15133,68152,0
15134,100000,40
15135,68152,0
15136,68152,0
15137,68152,0
15138,100000,50
15139,68152,0
15140,68152,0
15141,68152,0
15142,68152,0
15143,68152,0
15144,68152,0
15145,68152,0
15146,100000,200
15147,68152,0
15148,68152,0
15149,68152,0
15150,68152,0
15151,68152,0
15152,100000,40
15153,100000,30
15154,68152,0
15155,100000,120
15156,100000,80
15157,68152,0
15158,68152,0
15159,68152,0
15160,68152,0
15161,68152,0
15162,68152,0
15163,68152,0
15164,100000,200
15165,68152,0
15166,100000,160
15167,68152,0
15168,100000,50
15169,68152,0
15170,68152,0
15171,100000,300
15172,68152,0
15173,68152,0
15174,68152,0
15175,68152,0
15176,68152,0
15177,68152,0
15178,68152,0
15179,68152,0
15180,100000,300
15181,68152,0
15182,68152,0
15183,68152,0
15184,68152,0
15185,68152,0
15186,68152,0
15187,68152,0
15188,68152,0
15189,68152,0
15190,68152,0
15191,100000,200
15192,68152,0
15193,68152,0
15194,68152,0
15195,68152,0
15196,68152,0
15197,68152,0
15198,68152,0
15199,68152,0
15200,100000,200
15201,68152,0
15202,68152,0
15203,68152,0
15204,68152,0
15205,68152,0
15206,68152,0
15207,68152,0
15208,68152,0
15209,100000,200
15210,100000,200
15211,68152,0
15212,68152,0
15213,68152,0
15214,68152,0
15215,68152,0
15216,100000,80
15217,68152,0
15218,68152,0
15219,68152,0
15220,68152,0
15221,68152,0
15222,68152,0
15223,100000,200
15224,68152,0
15225,68152,0
15226,68152,0
15227,68152,0
15228,68152,0
15229,100000,80
15230,68152,0
15231,68152,0
15232,68152,0
15233,68152,0
15234,100000,40
15235,68152,0
15236,68152,0
15237,100000,420
15238,68152,0
15239,68152,0
15240,68152,0
15241,68152,0
15242,68152,0
15243,68152,0
15244,68152,0
15245,68152,0
15246,68152,0
15247,68152,0
15248,68152,0
15249,100000,30
15250,68152,0
15251,68152,0
15252,68152,0
15253,68152,0
15254,68152,0
15255,68152,0
15256,68152,0
15257,68152,0
15258,68152,0
15259,68152,0
15260,68152,0
15261,68152,0
15262,100000,200
15263,68152,0
15264,68152,0
15265,68152,0
15266,68152,0
15267,100000,280
15268,68152,0
15269,68152,0
15270,68152,0
15271,68152,0
15272,100000,200
15273,68152,0
15274,68152,0
15275,100000,200
15276,68152,0
15277,68152,0
15278,68152,0
15279,68152,0
15280,68152,0
15281,68152,0
15282,68152,0
15283,68152,0
15284,68152,0
15285,68152,0
15286,68152,0
15287,68152,0
15288,68152,0
15289,68152,0
15290,100000,40
15291,68152,0
15292,68152,0
15293,68152,0
15294,68152,0
15295,68152,0
15296,68152,0
15297,68152,0
15298,100000,120
15299,68152,0
15300,68152,0
15301,68152,0
15302,68152,0
15303,68152,0
15304,68152,0
15305,68152,0
15306,100000,60
15307,68152,0
15308,100000,200
15309,68152,0
15310,68152,0
15311,68152,0
15312,68152,0
15313,68152,0
15314,68152,0
15315,68152,0
15316,100000,200
15317,100000,50
15318,68152,0
15319,68152,0
15320,68152,0
15321,68152,0
15322,68152,0
15323,68152,0
15324,68152,0
15325,100000,50
15326,100000,60
15327,68152,0
15328,68152,0
15329,68152,0
15330,68152,0
15331,68152,0
15332,68152,0
15333,68152,0
15334,68152,0
15335,68152,0
15336,68152,0
15337,68152,0
15338,68152,0
15339,68152,0
15340,68152,0
15341,100000,200
15342,100000,70
15343,68152,0
15344,68152,0
15345,68152,0
15346,68152,0
15347,68152,0
15348,100000,200
15349,100000,200
15350,68152,0
15351,68152,0
15352,68152,0
15353,68152,0
15354,100000,200
15355,68152,0
15356,68152,0
15357,68152,0
15358,100000,70
15359,100000,240
15360,100000,110
15361,68152,0
15362,68152,0
15363,68152,0
15364,68152,0
15365,68152,0
15366,68152,0
15367,68152,0
15368,100000,120
15369,68152,0
15370,68152,0
15371,68152,0
15372,68152,0
15373,68152,0
15374,68152,0
15375,68152,0
15376,68152,0
15377,68152,0
15378,68152,0
15379,68152,0
15380,68152,0
15381,68152,0
15382,68152,0
15383,68152,0
15384,68152,0
15385,68152,0
15386,68152,0
15387,68152,0
15388,68152,0
15389,68152,0
15390,100000,200
15391,68152,0
15392,68152,0
15393,68152,0
15394,68152,0
15395,68152,0
15396,68152,0
15397,100000,240
15398,68152,0
15399,68152,0
15400,68152,0
15401,68152,0
15402,68152,0
15403,100000,100
15404,100000,100
15405,68152,0
15406,68152,0
15407,68152,0
15408,68152,0
15409,68152,0
15410,68152,0
15411,68152,0
15412,68152,0
15413,68152,0
15414,68152,0
15415,100000,160
15416,68152,0
15417,100000,50
15418,100000,200
15419,68152,0
15420,68152,0
15421,100000,200
15422,68152,0
15423,68152,0
15424,100000,30
15425,68152,0
15426,68152,0
15427,68152,0
15428,100000,200
15429,100000,30
15430,100000,80
15431,68152,0
15432,68152,0
15433,68152,0
15434,68152,0
15435,68152,0
15436,68152,0
15437,68152,0
15438,68152,0
15439,68152,0
15440,100000,200
15441,68152,0
15442,68152,0
15443,68152,0
15444,68152,0
15445,68152,0
15446,100000,200
15447,68152,0
15448,68152,0
15449,100000,50
15450,68152,0
15451,68152,0
15452,68152,0
15453,100000,200
15454,68152,0
15455,68152,0
15456,68152,0
15457,68152,0
15458,68152,0
15459,100000,120
15460,68152,0
15461,100000,200
15462,68152,0
15463,68152,0
15464,100000,170
15465,68152,0
15466,68152,0
15467,68152,0
15468,68152,0
15469,68152,0
15470,68152,0
15471,68152,0
15472,68152,0
15473,68152,0
15474,68152,0
15475,68152,0
15476,68152,0
15477,68152,0
15478,68152,0
15479,68152,0
15480,68152,0
15481,68152,0
15482,68152,0
15483,68152,0
15484,68152,0
15485,68152,0
15486,100000,170
15487,100000,200
15488,68152,0
15489,68152,0
15490,100000,60
15491,68152,0
15492,100000,200
15493,68152,0
15494,68152,0
15495,68152,0
15496,68152,0
15497,100000,60
15498,68152,0
15499,68152,0
15500,100000,30
15501,68152,0
15502,68152,0
15503,68152,0
15504,68152,0
15505,68152,0
15506,100000,170
15507,100000,200
15508,100000,200
15509,68152,0
15510,100000,200
15511,68152,0
15512,68152,0
15513,68152,0
15514,68152,0
15515,68152,0
15516,68152,0
15517,68152,0
15518,68152,0
15519,100000,200
15520,68152,0
15521,68152,0
15522,68152,0
15523,68152,0
15524,68152,0
15525,68152,0
15526,100000,200
15527,68152,0
15528,68152,0
15529,68152,0
15530,68152,0
15531,68152,0
15532,68152,0
15533,68152,0
15534,68152,0
15535,68152,0
15536,68152,0
15537,68152,0
15538,68152,0
15539,68152,0
15540,68152,0
15541,68152,0
15542,68152,0
15543,100000,200
15544,68152,0
15545,68152,0
15546,68152,0
15547,68152,0
15548,68152,0
15549,68152,0
15550,68152,0
15551,68152,0
15552,68152,0
15553,68152,0
15554,68152,0
15555,68152,0
15556,68152,0
15557,68152,0
15558,100000,50
15559,68152,0
15560,68152,0
15561,68152,0
15562,100000,170
15563,68152,0
15564,68152,0
15565,68152,0
15566,68152,0
15567,68152,0
15568,68152,0
15569,68152,0
15570,68152,0
15571,68152,0
15572,68152,0
15573,68152,0
15574,68152,0
15575,100000,260
15576,68152,0
15577,100000,260
15578,100000,310
15579,68152,0
15580,68152,0
15581,68152,0
15582,100000,300
15583,100000,200
15584,68152,0
15585,68152,0
15586,68152,0
15587,100000,200
15588,100000,120
15589,100000,320
15590,68152,0
15591,68152,0
15592,68152,0
15593,68152,0
15594,68152,0
15595,68152,0
15596,68152,0
15597,68152,0
15598,68152,0
15599,68152,0
15600,68152,0
15601,68152,0
15602,68152,0
15603,68152,0
15604,68152,0
15605,68152,0
15606,68152,0
15607,68152,0
15608,100000,260
15609,68152,0
15610,68152,0
15611,68152,0
15612,100000,200
15613,68152,0
15614,68152,0
15615,68152,0
15616,68152,0
15617,68152,0
15618,68152,0
15619,68152,0
15620,68152,0
15621,68152,0
15622,100000,80
15623,68152,0
15624,68152,0
15625,68152,0
15626,68152,0
15627,68152,0
15628,68152,0
15629,100000,200
15630,68152,0
15631,68152,0
15632,68152,0
15633,68152,0
15634,68152,0
15635,68152,0
15636,68152,0
15637,68152,0
15638,100000,80
15639,68152,0
15640,68152,0
15641,68152,0
15642,100000,30
15643,68152,0
15644,100000,200
15645,68152,0
15646,100000,30
15647,68152,0
15648,68152,0
15649,68152,0
15650,68152,0
15651,68152,0
15652,68152,0
15653,100000,50
15654,68152,0
15655,68152,0
15656,68152,0
15657,68152,0
15658,68152,0
15659,68152,0
15660,68152,0
15661,68152,0
15662,68152,0
15663,100000,40
15664,68152,0
15665,68152,0
15666,100000,120
15667,68152,0
15668,100000,200
15669,100000,200
15670,68152,0
15671,68152,0
15672,68152,0
15673,100000,200
15674,100000,200
15675,68152,0
15676,100000,80
15677,68152,0
15678,68152,0
15679,100000,200
15680,100000,50
15681,68152,0
15682,100000,200
15683,68152,0
15684,68152,0
15685,68152,0
15686,100000,30
15687,68152,0
15688,100000,200
15689,68152,0
15690,100000,200
15691,68152,0
15692,68152,0
15693,100000,450
15694,68152,0
15695,68152,0
15696,68152,0
15697,68152,0
15698,68152,0
15699,68152,0
15700,68152,0
15701,68152,0
15702,100000,30
15703,68152,0
15704,68152,0
15705,68152,0
15706,68152,0
15707,68152,0
15708,68152,0
15709,100000,80
15710,68152,0
15711,100000,100
15712,68152,0
15713,68152,0
15714,68152,0
15715,100000,200
15716,68152,0
15717,100000,200
15718,68152,0
15719,68152,0
15720,68152,0
15721,68152,0
15722,68152,0
15723,68152,0
15724,68152,0
15725,100000,80
15726,68152,0
15727,68152,0
15728,100000,100
15729,68152,0
15730,68152,0
15731,68152,0
15732,100000,150
15733,68152,0
15734,68152,0
15735,100000,200
15736,100000,30
15737,68152,0
15738,68152,0
15739,68152,0
15740,68152,0
15741,68152,0
15742,68152,0
15743,68152,0
15744,68152,0
15745,68152,0
15746,68152,0
15747,68152,0
15748,68152,0
15749,68152,0
15750,100000,250
15751,68152,0
15752,100000,30
15753,68152,0
15754,68152,0
15755,68152,0
15756,68152,0
15757,68152,0
15758,100000,200
15759,100000,120
15760,100000,50
15761,68152,0
15762,68152,0
15763,100000,200
15764,68152,0
15765,68152,0
15766,68152,0
15767,100000,80
15768,68152,0
15769,68152,0
15770,68152,0
15771,68152,0
15772,68152,0
15773,68152,0
15774,100000,200
15775,68152,0
15776,68152,0
15777,68152,0
15778,68152,0
15779,68152,0
15780,100000,80
15781,68152,0
15782,68152,0
15783,68152,0
15784,100000,200
15785,68152,0
15786,68152,0
15787,68152,0
15788,68152,0
15789,68152,0
15790,100000,200
15791,68152,0
15792,68152,0
15793,68152,0
15794,68152,0
15795,100000,200
15796,68152,0
15797,68152,0
15798,68152,0
15799,68152,0
15800,68152,0
15801,68152,0
15802,68152,0
15803,68152,0
15804,68152,0
15805,68152,0
15806,100000,250
15807,68152,0
15808,68152,0
15809,100000,200
15810,68152,0
15811,68152,0
15812,100000,60
15813,68152,0
15814,68152,0
15815,68152,0
15816,100000,200
15817,68152,0
15818,100000,50
15819,68152,0
15820,68152,0
15821,68152,0
15822,100000,200
15823,68152,0
15824,100000,40
15825,68152,0
15826,100000,40
15827,68152,0
15828,68152,0
15829,68152,0
15830,68152,0
15831,68152,0
15832,68152,0
15833,68152,0
15834,68152,0
15835,100000,80
15836,68152,0
15837,68152,0
15838,68152,0
15839,68152,0
15840,68152,0
15841,68152,0
15842,68152,0
15843,68152,0
15844,68152,0
15845,68152,0
15846,68152,0
15847,68152,0
15848,68152,0
15849,68152,0
15850,68152,0
15851,100000,120
15852,68152,0
15853,68152,0
15854,68152,0
15855,68152,0
15856,68152,0
15857,68152,0
15858,100000,200
15859,68152,0
15860,68152,0
15861,68152,0
15862,68152,0
15863,68152,0
15864,68152,0
15865,68152,0
15866,68152,0
15867,68152,0
15868,68152,0
15869,68152,0
15870,100000,500
15871,68152,0
15872,68152,0
15873,68152,0
15874,68152,0
15875,68152,0
15876,68152,0
15877,68152,0
15878,68152,0
15879,68152,0
15880,68152,0
15881,100000,30
15882,68152,0
15883,68152,0
15884,68152,0
15885,68152,0
15886,68152,0
15887,68152,0
15888,68152,0
15889,68152,0
15890,68152,0
15891,68152,0
15892,68152,0
15893,68152,0
15894,100000,150
15895,68152,0
15896,68152,0
15897,68152,0
15898,68152,0
15899,68152,0
15900,68152,0
15901,68152,0
15902,68152,0
15903,68152,0
15904,68152,0
15905,68152,0
15906,68152,0
15907,68152,0
15908,68152,0
15909,68152,0
15910,68152,0
15911,68152,0
15912,68152,0
15913,68152,0
15914,68152,0
15915,68152,0
15916,68152,0
15917,68152,0
15918,68152,0
15919,100000,200
15920,100000,200
15921,68152,0
15922,68152,0
15923,68152,0
15924,68152,0
15925,100000,170
15926,68152,0
15927,68152,0
15928,100000,200
15929,68152,0
15930,68152,0
15931,68152,0
15932,68152,0
15933,68152,0
15934,100000,80
15935,68152,0
15936,68152,0
15937,68152,0
15938,68152,0
15939,68152,0
15940,68152,0
15941,68152,0
15942,68152,0
15943,68152,0
15944,100000,200
15945,68152,0
15946,68152,0
15947,100000,430
15948,68152,0
15949,68152,0
15950,68152,0
15951,68152,0
15952,68152,0
15953,68152,0
15954,100000,50
15955,68152,0
15956,68152,0
15957,68152,0
15958,68152,0
15959,100000,320
15960,68152,0
15961,68152,0
15962,68152,0
15963,100000,260
15964,68152,0
15965,68152,0
15966,68152,0
15967,68152,0
15968,68152,0
15969,68152,0
15970,68152,0
15971,68152,0
15972,68152,0
15973,68152,0
15974,68152,0
15975,68152,0
15976,68152,0
15977,68152,0
15978,68152,0
15979,68152,0
15980,68152,0
15981,68152,0
15982,68152,0
15983,68152,0
15984,68152,0
15985,68152,0
15986,68152,0
15987,100000,200
15988,68152,0
15989,68152,0
15990,68152,0
15991,68152,0
15992,100000,200
15993,68152,0
15994,68152,0
15995,68152,0
15996,68152,0
15997,68152,0
15998,68152,0
15999,100000,40
16000,68152,0
16001,68152,0
16002,100000,200
16003,68152,0
16004,100000,250
16005,100000,60
16006,68152,0
16007,68152,0
16008,68152,0
16009,100000,40
16010,68152,0
16011,68152,0
16012,68152,0
16013,68152,0
16014,100000,60
16015,68152,0
16016,68152,0
16017,68152,0
16018,68152,0
16019,68152,0
16020,68152,0
16021,68152,0
16022,68152,0
16023,100000,50
16024,68152,0
16025,68152,0
16026,100000,50
16027,68152,0
16028,68152,0
16029,68152,0
16030,68152,0
16031,100000,100
16032,68152,0
16033,68152,0
16034,68152,0
16035,68152,0
16036,68152,0
16037,100000,40
16038,68152,0
16039,68152,0
16040,68152,0
16041,68152,0
16042,68152,0
16043,100000,50
16044,68152,0
16045,68152,0
16046,68152,0
16047,68152,0
16048,68152,0
16049,100000,50
16050,68152,0
16051,68152,0
16052,68152,0
16053,100000,200
16054,68152,0
16055,68152,0
16056,68152,0
16057,68152,0
16058,68152,0
16059,68152,0
16060,68152,0
16061,68152,0
16062,68152,0
16063,100000,250
16064,68152,0
16065,68152,0
16066,68152,0
16067,68152,0
16068,68152,0
16069,68152,0
16070,68152,0
16071,68152,0
16072,68152,0
16073,68152,0
16074,68152,0
16075,68152,0
16076,68152,0
16077,68152,0
16078,100000,50
16079,68152,0
16080,68152,0
16081,68152,0
16082,68152,0
16083,68152,0
16084,68152,0
16085,68152,0
16086,68152,0
16087,100000,80
16088,68152,0
16089,68152,0
16090,68152,0
16091,68152,0
16092,68152,0
16093,68152,0
16094,100000,240
16095,68152,0
16096,68152,0
16097,68152,0
16098,68152,0
16099,100000,200
16100,68152,0
16101,68152,0
16102,68152,0
16103,68152,0
16104,100000,200
16105,68152,0
16106,100000,200
16107,68152,0
16108,100000,110
16109,100000,200
16110,68152,0
16111,68152,0
16112,100000,80
16113,68152,0
16114,68152,0
16115,68152,0
16116,68152,0
16117,68152,0
16118,68152,0
16119,68152,0
16120,68152,0
16121,68152,0
16122,100000,100
16123,68152,0
16124,68152,0
16125,68152,0
16126,68152,0
16127,68152,0
16128,68152,0
16129,68152,0
16130,68152,0
16131,100000,200
16132,68152,0
16133,68152,0
16134,100000,170
16135,100000,50
16136,68152,0
16137,68152,0
16138,68152,0
16139,68152,0
16140,68152,0
16141,68152,0
16142,68152,0
16143,68152,0
16144,68152,0
16145,68152,0
16146,68152,0
16147,68152,0
16148,68152,0
16149,68152,0
16150,68152,0
16151,68152,0
16152,68152,0
16153,68152,0
16154,68152,0
16155,68152,0
16156,68152,0
16157,68152,0
16158,68152,0
16159,68152,0
16160,68152,0
16161,68152,0
16162,100000,30
16163,68152,0
16164,68152,0
16165,68152,0
16166,68152,0
16167,100000,60
16168,68152,0
16169,68152,0
16170,68152,0
16171,100000,200
16172,100000,80
16173,68152,0
16174,68152,0
16175,68152,0
16176,68152,0
16177,68152,0
16178,68152,0
16179,100000,150
16180,68152,0
16181,68152,0
16182,68152,0
16183,68152,0
16184,100000,200
16185,68152,0
16186,68152,0
16187,68152,0
16188,100000,200
16189,68152,0
16190,68152,0
16191,68152,0
16192,68152,0
16193,68152,0
16194,68152,0
16195,68152,0
16196,100000,200
16197,68152,0
16198,68152,0
16199,68152,0
16200,100000,50
16201,100000,50
16202,68152,0
16203,100000,200
16204,68152,0
16205,100000,120
16206,100000,40
16207,100000,200
16208,68152,0
16209,100000,50
16210,100000,50
16211,68152,0
16212,100000,150
16213,68152,0
16214,68152,0
16215,68152,0
16216,68152,0
16217,68152,0
16218,68152,0
16219,68152,0
16220,68152,0
16221,68152,0
16222,68152,0
16223,68152,0
16224,68152,0
16225,68152,0
16226,68152,0
16227,100000,60
16228,68152,0
16229,68152,0
16230,68152,0
16231,68152,0
16232,68152,0
16233,68152,0
16234,68152,0
16235,68152,0
16236,68152,0
16237,68152,0
16238,68152,0
16239,68152,0
16240,100000,200
16241,100000,200
16242,68152,0
16243,68152,0
16244,68152,0
16245,68152,0
16246,68152,0
16247,68152,0
16248,100000,200
16249,68152,0
16250,68152,0
16251,68152,0
16252,68152,0
16253,68152,0
16254,68152,0
16255,68152,0
16256,68152,0
16257,100000,200
16258,68152,0
16259,68152,0
16260,68152,0
16261,68152,0
16262,68152,0
16263,68152,0
16264,100000,60
16265,68152,0
16266,68152,0
16267,68152,0
16268,68152,0
16269,100000,420
16270,68152,0
16271,68152,0
16272,100000,300
16273,100000,40
16274,68152,0
16275,68152,0
16276,68152,0
16277,68152,0
16278,68152,0
16279,68152,0
16280,68152,0
16281,68152,0
16282,68152,0
16283,100000,200
16284,68152,0
16285,68152,0
16286,68152,0
16287,100000,200
16288,68152,0
16289,68152,0
16290,68152,0
16291,68152,0
16292,68152,0
16293,100000,30
16294,68152,0
16295,68152,0
16296,100000,140
16297,68152,0
16298,68152,0
16299,68152,0
16300,68152,0
16301,68152,0
16302,100000,50
16303,68152,0
16304,100000,80
16305,68152,0
16306,100000,150
16307,68152,0
16308,68152,0
16309,68152,0
16310,68152,0
16311,68152,0
16312,68152,0
16313,68152,0
16314,68152,0
16315,68152,0
16316,68152,0
16317,100000,120
16318,100000,200
16319,68152,0
16320,68152,0
16321,68152,0
16322,100000,80
16323,68152,0
16324,68152,0
16325,100000,160
16326,68152,0
16327,68152,0
16328,68152,0
16329,68152,0
16330,68152,0
16331,68152,0
16332,68152,0
16333,100000,40
16334,68152,0
16335,68152,0
16336,100000,60
16337,68152,0
16338,68152,0
16339,68152,0
16340,68152,0
16341,68152,0
16342,68152,0
16343,100000,200
16344,68152,0
16345,68152,0
16346,68152,0
16347,68152,0
16348,100000,40
16349,68152,0
16350,68152,0
16351,68152,0
16352,68152,0
16353,68152,0
16354,68152,0
16355,68152,0
16356,68152,0
16357,68152,0
16358,68152,0
16359,68152,0
16360,68152,0
16361,68152,0
16362,68152,0
16363,100000,200
16364,68152,0
16365,68152,0
16366,68152,0
16367,100000,200
16368,68152,0
16369,68152,0
16370,68152,0
16371,68152,0
16372,68152,0
16373,68152,0
16374,68152,0
16375,68152,0
16376,68152,0
16377,68152,0
16378,68152,0
16379,100000,200
16380,68152,0
16381,100000,40
16382,68152,0
16383,68152,0
16384,68152,0
16385,68152,0
16386,100000,200
16387,68152,0
16388,68152,0
16389,68152,0
16390,68152,0
16391,100000,30
16392,68152,0
16393,68152,0
16394,68152,0
16395,68152,0
16396,68152,0
16397,100000,250
16398,68152,0
16399,68152,0
16400,68152,0
16401,68152,0
16402,68152,0
16403,68152,0
16404,68152,0
16405,68152,0
16406,68152,0
16407,68152,0
16408,68152,0
16409,100000,200
16410,68152,0
16411,100000,200
16412,68152,0
16413,68152,0
16414,68152,0
16415,68152,0
16416,68152,0
16417,68152,0
16418,68152,0
16419,68152,0
16420,68152,0
16421,100000,250
16422,68152,0
16423,68152,0
16424,68152,0
16425,68152,0
16426,68152,0
16427,100000,200
16428,68152,0
16429,68152,0
16430,68152,0
16431,68152,0
16432,68152,0
16433,68152,0
16434,68152,0
16435,68152,0
16436,68152,0
16437,68152,0
16438,100000,80
16439,100000,200
16440,68152,0
16441,68152,0
16442,68152,0
16443,68152,0
16444,68152,0
16445,100000,60
16446,68152,0
16447,68152,0
16448,68152,0
16449,68152,0
16450,68152,0
16451,68152,0
16452,68152,0
16453,100000,200
16454,68152,0
16455,100000,80
16456,68152,0
16457,68152,0
16458,68152,0
16459,100000,500
16460,68152,0
16461,68152,0
16462,68152,0
16463,68152,0
16464,100000,200
16465,68152,0
16466,68152,0
16467,68152,0
16468,68152,0
16469,68152,0
16470,68152,0
16471,100000,50
16472,100000,200
16473,68152,0
16474,68152,0
16475,68152,0
16476,100000,80
16477,68152,0
16478,100000,80
16479,68152,0
16480,68152,0
16481,68152,0
16482,68152,0
16483,68152,0
16484,68152,0
16485,68152,0
16486,68152,0
16487,100000,200
16488,68152,0
16489,68152,0
16490,100000,200
16491,68152,0
16492,68152,0
16493,100000,170
16494,100000,140
16495,68152,0
16496,68152,0
16497,68152,0
16498,100000,200
16499,68152,0
16500,68152,0
16501,68152,0
16502,68152,0
16503,68152,0
16504,68152,0
16505,68152,0
16506,68152,0
16507,100000,50
16508,68152,0
16509,100000,160
16510,68152,0
16511,68152,0
16512,68152,0
16513,100000,200
16514,68152,0
16515,68152,0
16516,68152,0
16517,68152,0
16518,68152,0
16519,68152,0
16520,68152,0
16521,68152,0
16522,68152,0
16523,68152,0
16524,68152,0
16525,100000,50
16526,100000,200
16527,68152,0
16528,100000,200
16529,68152,0
16530,68152,0
16531,68152,0
16532,68152,0
16533,68152,0
16534,68152,0
16535,68152,0
16536,68152,0
16537,68152,0
16538,68152,0
16539,100000,240
16540,68152,0
16541,68152,0
16542,68152,0
16543,68152,0
16544,68152,0
16545,68152,0
16546,68152,0
16547,68152,0
16548,100000,200
16549,100000,80
16550,68152,0
16551,100000,80
16552,68152,0
16553,100000,200
16554,68152,0
16555,68152,0
16556,68152,0
16557,68152,0
16558,100000,200
16559,100000,400
16560,68152,0
16561,68152,0
16562,68152,0
16563,100000,200
16564,68152,0
16565,100000,80
16566,68152,0
16567,100000,200
16568,68152,0
16569,68152,0
16570,68152,0
16571,100000,420
16572,68152,0
16573,100000,200
16574,100000,30
16575,100000,200
16576,100000,200
16577,68152,0
16578,68152,0
16579,68152,0
16580,68152,0
16581,68152,0
16582,68152,0
16583,68152,0
16584,68152,0
16585,68152,0
16586,68152,0
16587,68152,0
16588,68152,0
16589,68152,0
16590,68152,0
16591,68152,0
16592,68152,0
16593,100000,100
16594,68152,0
16595,68152,0
16596,68152,0
16597,68152,0
16598,100000,200
16599,68152,0
16600,68152,0
16601,68152,0
16602,68152,0
16603,68152,0
16604,68152,0
16605,100000,40
16606,100000,280
16607,68152,0
16608,68152,0
16609,68152,0
16610,68152,0
16611,68152,0
16612,68152,0
16613,68152,0
16614,68152,0
16615,68152,0
16616,100000,240
16617,68152,0
16618,68152,0
16619,68152,0
16620,68152,0
16621,100000,30
16622,68152,0
16623,68152,0
16624,100000,200
16625,68152,0
16626,68152,0
16627,100000,200
16628,100000,200
16629,68152,0
16630,68152,0
16631,68152,0
16632,68152,0
16633,68152,0
16634,68152,0
16635,100000,60
16636,100000,200
16637,68152,0
16638,68152,0
16639,68152,0
16640,68152,0
16641,68152,0
16642,68152,0
16643,68152,0
16644,68152,0
16645,100000,30
16646,68152,0
16647,68152,0
16648,100000,50
16649,100000,30
16650,68152,0
16651,68152,0
16652,68152,0
16653,68152,0
16654,68152,0
16655,68152,0
16656,68152,0
16657,68152,0
16658,68152,0
16659,68152,0
16660,68152,0
16661,68152,0
16662,100000,200
16663,68152,0
16664,68152,0
16665,68152,0
16666,68152,0
16667,100000,200
16668,68152,0
16669,68152,0
16670,100000,40
16671,68152,0
16672,68152,0
16673,100000,200
16674,68152,0
16675,68152,0
16676,68152,0
16677,68152,0
16678,68152,0
16679,68152,0
16680,68152,0
16681,68152,0
16682,68152,0
16683,100000,50
16684,68152,0
16685,68152,0
16686,68152,0
16687,68152,0
16688,68152,0
16689,100000,50
16690,68152,0
16691,68152,0
16692,68152,0
16693,100000,50
16694,68152,0
16695,68152,0
16696,68152,0
16697,68152,0
16698,68152,0
16699,68152,0
16700,68152,0
16701,100000,200
16702,68152,0
16703,68152,0
16704,100000,30
16705,68152,0
16706,68152,0
16707,68152,0
16708,68152,0
16709,68152,0
16710,68152,0
16711,68152,0
16712,68152,0
16713,68152,0
16714,68152,0
16715,68152,0
16716,68152,0
16717,68152,0
16718,68152,0
16719,68152,0
16720,68152,0
16721,68152,0
16722,68152,0
16723,68152,0
16724,68152,0
16725,68152,0
16726,68152,0
16727,100000,200
16728,68152,0
16729,68152,0
16730,68152,0
16731,68152,0
16732,68152,0
16733,68152,0
16734,68152,0
16735,68152,0
16736,68152,0
16737,68152,0
16738,100000,30
16739,68152,0
16740,68152,0
16741,68152,0
16742,68152,0
16743,100000,200
16744,68152,0
16745,68152,0
16746,68152,0
16747,68152,0
16748,68152,0
16749,68152,0
16750,68152,0
16751,100000,120
16752,100000,120
16753,68152,0
16754,100000,60
16755,68152,0
16756,68152,0
16757,100000,500
16758,68152,0
16759,68152,0
16760,68152,0
16761,68152,0
16762,68152,0
16763,68152,0
16764,68152,0
16765,68152,0
16766,68152,0
16767,68152,0
16768,68152,0
16769,68152,0
16770,100000,80
16771,68152,0
16772,68152,0
16773,100000,200
16774,100000,200
16775,68152,0
16776,68152,0
16777,68152,0
16778,68152,0
16779,68152,0
16780,68152,0
16781,68152,0
16782,68152,0
16783,100000,200
16784,68152,0
16785,68152,0
16786,100000,200
16787,68152,0
16788,68152,0
16789,68152,0
16790,68152,0
16791,68152,0
16792,68152,0
16793,100000,200
16794,100000,200
16795,100000,50
16796,68152,0
16797,100000,80
16798,68152,0
16799,100000,40
16800,68152,0
16801,68152,0
16802,100000,250
16803,68152,0
16804,68152,0
16805,68152,0
16806,68152,0
16807,68152,0
16808,100000,200
16809,68152,0
16810,68152,0
16811,100000,30
16812,68152,0
16813,68152,0
16814,68152,0
16815,100000,60
16816,68152,0
16817,68152,0
16818,100000,200
16819,68152,0
16820,68152,0
16821,100000,60
16822,68152,0
16823,68152,0
16824,68152,0
16825,68152,0
16826,100000,200
16827,68152,0
16828,68152,0
16829,68152,0
16830,68152,0
16831,68152,0
16832,100000,80
16833,68152,0
16834,68152,0
16835,68152,0
16836,68152,0
16837,68152,0
16838,68152,0
16839,68152,0
16840,100000,200
16841,68152,0
16842,68152,0
16843,100000,200
16844,68152,0
16845,68152,0
16846,68152,0
16847,68152,0
16848,68152,0
16849,68152,0
16850,100000,200
16851,100000,120
16852,68152,0
16853,68152,0
16854,68152,0
16855,68152,0
16856,68152,0
16857,68152,0
16858,68152,0
16859,68152,0
16860,68152,0
16861,68152,0
16862,68152,0
16863,100000,200
16864,68152,0
16865,68152,0
16866,68152,0
16867,68152,0
16868,68152,0
16869,68152,0
16870,100000,60
16871,68152,0
16872,68152,0
16873,68152,0
16874,68152,0
16875,100000,40
16876,68152,0
16877,68152,0
16878,68152,0
16879,68152,0
16880,100000,160
16881,68152,0
16882,68152,0
16883,100000,80
16884,68152,0
16885,68152,0
16886,68152,0
16887,100000,200
16888,100000,100
16889,68152,0
16890,68152,0
16891,100000,160
16892,68152,0
16893,68152,0
16894,68152,0
16895,68152,0
16896,68152,0
16897,68152,0
16898,100000,80
16899,68152,0
16900,68152,0
16901,68152,0
16902,68152,0
16903,68152,0
16904,68152,0
16905,68152,0
16906,68152,0
16907,100000,120
16908,100000,350
16909,68152,0
16910,68152,0
16911,68152,0
16912,68152,0
16913,68152,0
16914,68152,0
16915,68152,0
16916,68152,0
16917,68152,0
16918,68152,0
16919,68152,0
16920,100000,100
16921,68152,0
16922,68152,0
16923,68152,0
16924,68152,0
16925,68152,0
16926,68152,0
16927,68152,0
16928,68152,0
16929,68152,0
16930,68152,0
16931,100000,50
16932,68152,0
16933,68152,0
16934,68152,0
16935,68152,0
16936,68152,0
16937,68152,0
16938,68152,0
16939,100000,200
16940,68152,0
16941,68152,0
16942,68152,0
16943,68152,0
16944,68152,0
16945,100000,50
16946,68152,0
16947,100000,320
16948,68152,0
16949,68152,0
16950,100000,700
16951,68152,0
16952,100000,120
16953,68152,0
16954,68152,0
16955,68152,0
16956,100000,100
16957,100000,80
16958,68152,0
16959,68152,0
16960,100000,450
16961,68152,0
16962,68152,0
16963,100000,200
16964,68152,0
16965,68152,0
16966,68152,0
16967,68152,0
16968,68152,0
16969,68152,0
16970,100000,80
16971,68152,0
16972,100000,80
16973,100000,250
16974,100000,80
16975,100000,200
16976,100000,200
16977,68152,0
16978,100000,200
16979,68152,0
16980,68152,0
16981,68152,0
16982,100000,200
16983,68152,0
16984,68152,0
16985,68152,0
16986,68152,0
16987,68152,0
16988,68152,0
16989,68152,0
16990,100000,200
16991,68152,0
16992,68152,0
16993,68152,0
16994,68152,0
16995,68152,0
16996,68152,0
16997,68152,0
16998,68152,0
16999,68152,0
17000,100000,100
17001,68152,0
17002,100000,80
17003,100000,200
17004,68152,0
17005,100000,100
17006,68152,0
17007,68152,0
17008,68152,0
17009,68152,0
17010,68152,0
17011,100000,60
17012,100000,100
17013,68152,0
17014,100000,40
17015,68152,0
17016,68152,0
17017,68152,0
17018,68152,0
17019,68152,0
17020,68152,0
17021,68152,0
17022,68152,0
17023,68152,0
17024,68152,0
17025,100000,160
17026,68152,0
17027,68152,0
17028,68152,0
17029,68152,0
17030,68152,0
17031,68152,0
17032,68152,0
17033,68152,0
17034,100000,50
17035,68152,0
17036,68152,0
17037,68152,0
17038,100000,200
17039,68152,0
17040,68152,0
17041,100000,160
17042,68152,0
17043,68152,0
17044,100000,120
17045,68152,0
17046,100000,60
17047,100000,200
17048,68152,0
17049,68152,0
17050,68152,0
17051,68152,0
17052,68152,0
17053,100000,200
17054,68152,0
17055,68152,0
17056,68152,0
17057,100000,30
17058,68152,0
17059,68152,0
17060,68152,0
17061,68152,0
17062,68152,0
17063,68152,0
17064,100000,200
17065,68152,0
17066,68152,0
17067,68152,0
17068,68152,0
17069,68152,0
17070,100000,200
17071,68152,0
17072,68152,0
17073,68152,0
17074,100000,200
17075,68152,0
17076,68152,0
17077,68152,0
17078,100000,240
17079,100000,200
17080,68152,0
17081,68152,0
17082,68152,0
17083,68152,0
17084,68152,0
17085,68152,0
17086,68152,0
17087,68152,0
17088,68152,0
17089,68152,0
17090,68152,0
17091,68152,0
17092,68152,0
17093,100000,80
17094,68152,0
17095,100000,200
17096,68152,0
17097,68152,0
17098,68152,0
17099,68152,0
17100,100000,80
17101,68152,0
17102,68152,0
17103,68152,0
17104,68152,0
17105,68152,0
17106,68152,0
17107,68152,0
17108,68152,0
17109,100000,40
17110,68152,0
17111,68152,0
17112,68152,0
17113,100000,120
17114,68152,0
17115,68152,0
17116,68152,0
17117,68152,0
17118,68152,0
17119,68152,0
17120,68152,0
17121,100000,200
17122,68152,0
17123,68152,0
17124,68152,0
17125,68152,0
17126,68152,0
17127,68152,0
17128,68152,0
17129,100000,160
17130,100000,30
17131,68152,0
17132,100000,40
17133,68152,0
17134,68152,0
17135,68152,0
17136,68152,0
17137,100000,160
17138,68152,0
17139,68152,0
17140,68152,0
17141,100000,200
17142,68152,0
17143,68152,0
17144,68152,0
17145,68152,0
17146,68152,0
17147,68152,0
17148,68152,0
17149,68152,0
17150,68152,0
17151,68152,0
17152,68152,0
17153,100000,200
17154,68152,0
17155,100000,660
17156,68152,0
17157,100000,50
17158,100000,200
17159,100000,200
17160,68152,0
17161,68152,0
17162,68152,0
17163,68152,0
17164,68152,0
17165,100000,250
17166,68152,0
17167,100000,120
17168,68152,0
17169,68152,0
17170,68152,0
17171,68152,0
17172,68152,0
17173,68152,0
17174,68152,0
17175,100000,200
17176,68152,0
17177,68152,0
17178,68152,0
17179,68152,0
17180,68152,0
17181,68152,0
17182,68152,0
17183,100000,150
17184,68152,0
17185,100000,50
17186,68152,0
17187,68152,0
17188,68152,0
17189,68152,0
17190,68152,0
17191,68152,0
17192,68152,0
17193,68152,0
17194,68152,0
17195,68152,0
17196,100000,200
17197,68152,0
17198,68152,0
17199,68152,0
17200,68152,0
17201,68152,0
17202,68152,0
17203,68152,0
17204,68152,0
17205,68152,0
17206,68152,0
17207,68152,0
17208,100000,120
17209,68152,0
17210,68152,0
17211,68152,0
17212,68152,0
17213,100000,200
17214,100000,300
17215,68152,0
17216,68152,0
17217,68152,0
17218,68152,0
17219,68152,0
17220,68152,0
17221,68152,0
17222,68152,0
17223,100000,200
17224,68152,0
17225,100000,100
17226,100000,300
17227,68152,0
17228,68152,0
17229,68152,0
17230,68152,0
17231,68152,0
17232,100000,30
17233,100000,200
17234,68152,0
17235,68152,0
17236,68152,0
17237,68152,0
17238,68152,0
17239,68152,0
17240,68152,0
17241,68152,0
17242,68152,0
17243,68152,0
17244,100000,400
17245,68152,0
17246,68152,0
17247,100000,130
17248,68152,0
17249,100000,80
17250,68152,0
17251,100000,200
17252,68152,0
17253,68152,0
17254,68152,0
17255,100000,200
17256,68152,0
17257,68152,0
17258,68152,0
17259,68152,0
17260,68152,0
17261,68152,0
17262,68152,0
17263,68152,0
17264,100000,70
17265,68152,0
17266,100000,200
17267,68152,0
17268,68152,0
17269,68152,0
17270,68152,0
17271,68152,0
17272,68152,0
17273,68152,0
17274,68152,0
17275,100000,200
17276,68152,0
17277,68152,0
17278,68152,0
17279,68152,0
17280,68152,0
17281,68152,0
17282,68152,0
17283,68152,0
17284,68152,0
17285,68152,0
17286,68152,0
17287,68152,0
17288,100000,200
17289,100000,200
17290,68152,0
17291,68152,0
17292,68152,0
17293,68152,0
17294,100000,120
17295,100000,260
17296,100000,60
17297,68152,0
17298,68152,0
17299,68152,0
17300,68152,0
17301,100000,80
17302,68152,0
17303,68152,0
17304,68152,0
17305,68152,0
17306,100000,30
17307,68152,0
17308,68152,0
17309,100000,150
17310,68152,0
17311,68152,0
17312,68152,0
17313,68152,0
17314,100000,120
17315,100000,200
17316,68152,0
17317,68152,0
17318,68152,0
17319,68152,0
17320,68152,0
17321,68152,0
17322,68152,0
17323,68152,0
17324,100000,60
17325,68152,0
17326,68152,0
17327,68152,0
17328,100000,240
17329,68152,0
17330,68152,0
17331,68152,0
17332,100000,50
17333,68152,0
17334,68152,0
17335,68152,0
17336,68152,0
17337,68152,0
17338,68152,0
17339,100000,30
17340,100000,200
17341,68152,0
17342,68152,0
17343,68152,0
17344,68152,0
17345,68152,0
17346,68152,0
17347,68152,0
17348,68152,0
17349,100000,200
17350,68152,0
17351,68152,0
17352,68152,0
17353,100000,60
17354,68152,0
17355,68152,0
17356,68152,0
17357,68152,0
17358,68152,0
17359,68152,0
17360,68152,0
17361,68152,0
17362,68152,0
17363,68152,0
17364,68152,0
17365,68152,0
17366,68152,0
17367,68152,0
17368,68152,0
17369,68152,0
17370,68152,0
17371,68152,0
17372,100000,160
17373,68152,0
17374,100000,200
17375,68152,0
17376,68152,0
17377,68152,0
17378,100000,50
17379,100000,700
17380,68152,0
17381,68152,0
17382,68152,0
17383,68152,0
17384,68152,0
17385,68152,0
17386,68152,0
17387,68152,0
17388,68152,0
17389,68152,0
17390,100000,200
17391,68152,0
17392,68152,0
17393,68152,0
17394,68152,0
17395,68152,0
17396,68152,0
17397,68152,0
17398,68152,0
17399,68152,0
17400,68152,0
17401,68152,0
17402,68152,0
17403,100000,200
17404,68152,0
17405,68152,0
17406,68152,0
17407,68152,0
17408,68152,0
17409,100000,200
17410,68152,0
17411,100000,140
17412,68152,0
17413,100000,50
17414,68152,0
17415,68152,0
17416,68152,0
17417,68152,0
17418,68152,0
17419,68152,0
17420,68152,0
17421,68152,0
17422,68152,0
17423,68152,0
17424,100000,160
17425,100000,200
17426,68152,0
17427,68152,0
17428,68152,0
17429,68152,0
17430,68152,0
17431,100000,30
17432,68152,0
17433,68152,0
17434,100000,50
17435,68152,0
17436,68152,0
17437,68152,0
17438,68152,0
17439,68152,0
17440,68152,0
17441,68152,0
17442,100000,170
17443,100000,200
17444,68152,0
17445,68152,0
17446,68152,0
17447,68152,0
17448,68152,0
17449,68152,0
17450,100000,100
17451,100000,200
17452,68152,0
17453,68152,0
17454,68152,0
17455,100000,30
17456,68152,0
17457,68152,0
17458,100000,200
17459,68152,0
17460,68152,0
17461,68152,0
17462,68152,0
17463,68152,0
17464,68152,0
17465,68152,0
17466,68152,0
17467,68152,0
17468,100000,120
17469,68152,0
17470,100000,200
17471,68152,0
17472,100000,80
17473,68152,0
17474,68152,0
17475,100000,450
17476,100000,200
17477,68152,0
17478,100000,200
17479,68152,0
17480,100000,400
17481,68152,0
17482,100000,160
17483,68152,0
17484,68152,0
17485,100000,500
17486,68152,0
17487,68152,0
17488,68152,0
17489,100000,240
17490,100000,200
17491,68152,0
17492,68152,0
17493,68152,0
17494,68152,0
17495,68152,0
17496,68152,0
17497,68152,0
17498,68152,0
17499,100000,50
17500,68152,0
17501,100000,60
17502,68152,0
17503,68152,0
17504,68152,0
17505,68152,0
17506,100000,80
17507,68152,0
17508,68152,0
17509,100000,30
17510,68152,0
17511,68152,0
17512,100000,300
17513,68152,0
17514,68152,0
17515,100000,200
17516,68152,0
17517,68152,0
17518,68152,0
17519,68152,0
17520,68152,0
17521,68152,0
17522,68152,0
17523,68152,0
17524,68152,0
17525,100000,240
17526,100000,200
17527,68152,0
17528,100000,200
17529,100000,100
17530,68152,0
17531,68152,0
17532,68152,0
17533,68152,0
17534,68152,0
17535,68152,0
17536,100000,550
17537,68152,0
17538,68152,0
17539,68152,0
17540,68152,0
17541,100000,450
17542,68152,0
17543,68152,0
17544,68152,0
17545,68152,0
17546,68152,0
17547,100000,200
17548,68152,0
17549,68152,0
17550,100000,200
17551,100000,200
17552,100000,280
17553,68152,0
17554,68152,0
17555,68152,0
17556,68152,0
17557,68152,0
17558,68152,0
17559,68152,0
17560,68152,0
17561,68152,0
17562,68152,0
17563,68152,0
17564,68152,0
17565,68152,0
17566,68152,0
17567,100000,200
17568,68152,0
17569,100000,30
17570,68152,0
17571,68152,0
17572,68152,0
17573,68152,0
17574,68152,0
17575,68152,0
17576,100000,200
17577,68152,0
17578,100000,60
17579,68152,0
17580,100000,40
17581,68152,0
17582,68152,0
17583,68152,0
17584,68152,0
17585,68152,0
17586,68152,0
17587,68152,0
17588,68152,0
17589,68152,0
17590,68152,0
17591,68152,0
17592,68152,0
17593,68152,0
17594,68152,0
17595,68152,0
17596,68152,0
17597,68152,0
17598,68152,0
17599,68152,0
17600,68152,0
17601,68152,0
17602,68152,0
17603,68152,0
17604,68152,0
17605,68152,0
17606,68152,0
17607,68152,0
17608,68152,0
17609,100000,40
17610,68152,0
17611,68152,0
17612,68152,0
17613,68152,0
17614,68152,0
17615,68152,0
17616,68152,0
17617,68152,0
17618,68152,0
17619,68152,0
17620,100000,200
17621,68152,0
17622,68152,0
17623,100000,750
17624,68152,0
17625,68152,0
17626,68152,0
17627,100000,200
17628,68152,0
17629,100000,500
17630,68152,0
17631,68152,0
17632,68152,0
17633,68152,0
17634,68152,0
17635,68152,0
17636,68152,0
17637,68152,0
17638,68152,0
17639,68152,0
17640,68152,0
17641,100000,60
17642,100000,200
17643,68152,0
17644,100000,40
17645,68152,0
17646,68152,0
17647,68152,0
17648,68152,0
17649,68152,0
17650,68152,0
17651,100000,200
17652,100000,30
17653,100000,110
17654,68152,0
17655,100000,160
17656,100000,170
17657,68152,0
17658,68152,0
17659,100000,40
17660,68152,0
17661,100000,200
17662,68152,0
17663,68152,0
17664,100000,80
17665,68152,0
17666,68152,0
17667,100000,50
17668,68152,0
17669,68152,0
17670,68152,0
17671,68152,0
17672,68152,0
17673,100000,200
17674,100000,30
17675,68152,0
17676,68152,0
17677,68152,0
17678,68152,0
17679,100000,60
17680,68152,0
17681,100000,300
17682,100000,200
17683,68152,0
17684,100000,80
17685,68152,0
17686,68152,0
17687,68152,0
17688,68152,0
17689,68152,0
17690,68152,0
17691,100000,60
17692,68152,0
17693,68152,0
17694,68152,0
17695,68152,0
17696,100000,60
17697,68152,0
17698,68152,0
17699,100000,30
17700,100000,200
17701,100000,150
17702,68152,0
17703,68152,0
17704,68152,0
17705,100000,200
17706,68152,0
17707,68152,0
17708,68152,0
17709,68152,0
17710,100000,50
17711,100000,200
17712,68152,0
17713,68152,0
17714,100000,200
17715,68152,0
17716,100000,250
17717,68152,0
17718,68152,0
17719,68152,0
17720,100000,200
17721,100000,100
17722,68152,0
17723,68152,0
17724,68152,0
17725,68152,0
17726,68152,0
17727,68152,0
17728,68152,0
17729,68152,0
17730,68152,0
17731,100000,50
17732,68152,0
17733,68152,0
17734,68152,0
17735,68152,0
17736,100000,450
17737,68152,0
17738,100000,120
17739,68152,0
17740,100000,200
17741,68152,0
17742,68152,0
17743,68152,0
17744,68152,0
17745,68152,0
17746,100000,200
17747,68152,0
17748,68152,0
17749,68152,0
17750,68152,0
17751,68152,0
17752,68152,0
17753,68152,0
17754,100000,200
17755,68152,0
17756,68152,0
17757,68152,0
17758,68152,0
17759,68152,0
17760,68152,0
17761,100000,240
17762,68152,0
17763,68152,0
17764,68152,0
17765,68152,0
17766,68152,0
17767,68152,0
17768,68152,0
17769,68152,0
17770,100000,200
17771,100000,200
17772,68152,0
17773,68152,0
17774,68152,0
17775,100000,150
17776,68152,0
17777,100000,40
17778,68152,0
17779,100000,60
17780,68152,0
17781,68152,0
17782,68152,0
17783,68152,0
17784,68152,0
17785,68152,0
17786,100000,280
17787,68152,0
17788,68152,0
17789,100000,240
17790,68152,0
17791,100000,200
17792,68152,0
17793,68152,0
17794,100000,80
17795,100000,200
17796,100000,200
17797,68152,0
17798,100000,200
17799,68152,0
17800,68152,0
17801,100000,80
17802,68152,0
17803,68152,0
17804,68152,0
17805,68152,0
17806,100000,200
17807,68152,0
17808,100000,30
17809,100000,80
17810,68152,0
17811,68152,0
17812,68152,0
17813,68152,0
17814,68152,0
17815,100000,200
17816,68152,0
17817,68152,0
17818,68152,0
17819,68152,0
17820,68152,0
17821,68152,0
17822,68152,0
17823,68152,0
17824,68152,0
17825,68152,0
17826,68152,0
17827,68152,0
17828,68152,0
17829,68152,0
17830,100000,30
17831,100000,280
17832,68152,0
17833,68152,0
17834,68152,0
17835,68152,0
17836,100000,40
17837,68152,0
17838,100000,120
17839,68152,0
17840,68152,0
17841,68152,0
17842,68152,0
17843,68152,0
17844,68152,0
17845,68152,0
17846,68152,0
17847,68152,0
17848,100000,200
17849,68152,0
17850,100000,200
17851,100000,80
17852,68152,0
17853,68152,0
17854,68152,0
17855,68152,0
17856,68152,0
17857,68152,0
17858,100000,250
17859,68152,0
17860,68152,0
17861,100000,60
17862,100000,200
17863,100000,250
17864,68152,0
17865,68152,0
17866,68152,0
17867,68152,0
17868,100000,200
17869,68152,0
17870,100000,300
17871,100000,200
17872,68152,0
17873,68152,0
17874,68152,0
17875,68152,0
17876,68152,0
17877,100000,200
17878,68152,0
17879,68152,0
17880,68152,0
17881,68152,0
17882,100000,200
17883,100000,80
17884,68152,0
17885,68152,0
17886,100000,350
17887,68152,0
17888,100000,60
17889,68152,0
17890,68152,0
17891,68152,0
17892,68152,0
17893,100000,200
17894,68152,0
17895,68152,0
17896,68152,0
17897,100000,200
17898,68152,0
17899,68152,0
17900,68152,0
17901,68152,0
17902,68152,0
17903,68152,0
17904,68152,0
17905,68152,0
17906,68152,0
17907,68152,0
17908,100000,30
17909,68152,0
17910,68152,0
17911,100000,200
17912,68152,0
17913,100000,200
17914,68152,0
17915,68152,0
17916,68152,0
17917,68152,0
17918,68152,0
17919,68152,0
17920,68152,0
17921,100000,200
17922,68152,0
17923,68152,0
17924,68152,0
17925,68152,0
17926,68152,0
17927,100000,200
17928,100000,200
17929,100000,200
17930,100000,200
17931,68152,0
17932,68152,0
17933,68152,0
17934,100000,40
17935,68152,0
17936,68152,0
17937,100000,170
17938,68152,0
17939,100000,200
17940,100000,80
17941,68152,0
17942,100000,200
17943,68152,0
17944,100000,30
17945,68152,0
17946,68152,0
17947,68152,0
17948,68152,0
17949,68152,0
17950,68152,0
17951,68152,0
17952,100000,200
17953,68152,0
17954,100000,200
17955,68152,0
17956,68152,0
17957,68152,0
17958,68152,0
17959,68152,0
17960,68152,0
17961,68152,0
17962,68152,0
17963,68152,0
17964,68152,0
17965,100000,40
17966,68152,0
17967,68152,0
17968,68152,0
17969,68152,0
17970,68152,0
17971,68152,0
17972,68152,0
17973,68152,0
17974,68152,0
17975,68152,0
17976,68152,0
17977,68152,0
17978,68152,0
17979,68152,0
17980,68152,0
17981,100000,200
17982,100000,200
17983,68152,0
17984,68152,0
17985,68152,0
17986,68152,0
17987,100000,200
17988,68152,0
17989,100000,60
17990,68152,0
17991,100000,320
17992,68152,0
17993,68152,0
17994,68152,0
17995,68152,0
17996,68152,0
17997,68152,0
17998,68152,0
17999,68152,0
18000,100000,60
18001,68152,0
18002,68152,0
18003,68152,0
18004,68152,0
18005,68152,0
18006,68152,0
18007,68152,0
18008,68152,0
18009,68152,0
18010,100000,200
18011,68152,0
18012,68152,0
18013,68152,0
18014,68152,0
18015,68152,0
18016,68152,0
18017,68152,0
18018,68152,0
18019,68152,0
18020,68152,0
18021,68152,0
18022,100000,30
18023,68152,0
18024,100000,200
18025,68152,0
18026,68152,0
18027,68152,0
18028,68152,0
18029,68152,0
18030,68152,0
18031,100000,120
18032,68152,0
18033,100000,40
18034,68152,0
18035,68152,0
18036,68152,0
18037,100000,200
18038,68152,0
18039,68152,0
18040,68152,0
18041,68152,0
18042,68152,0
18043,68152,0
18044,68152,0
18045,100000,120
18046,68152,0
18047,68152,0
18048,68152,0
18049,68152,0
18050,68152,0
18051,100000,200
18052,68152,0
18053,68152,0
18054,68152,0
18055,68152,0
18056,68152,0
18057,68152,0
18058,68152,0
18059,68152,0
18060,68152,0
18061,68152,0
18062,100000,200
18063,68152,0
18064,68152,0
18065,100000,200
18066,68152,0
18067,68152,0
18068,68152,0
18069,68152,0
18070,68152,0
18071,68152,0
18072,68152,0
18073,68152,0
18074,68152,0
18075,68152,0
18076,68152,0
18077,68152,0
18078,100000,40
18079,68152,0
18080,100000,200
18081,68152,0
18082,68152,0
18083,68152,0
18084,68152,0
18085,68152,0
18086,68152,0
18087,68152,0
18088,68152,0
18089,68152,0
18090,100000,200
18091,100000,200
18092,68152,0
18093,68152,0
18094,68152,0
18095,68152,0
18096,68152,0
18097,100000,200
18098,68152,0
18099,68152,0
18100,68152,0
18101,68152,0
18102,68152,0
18103,68152,0
18104,68152,0
18105,68152,0
18106,68152,0
18107,68152,0
18108,68152,0
18109,68152,0
18110,68152,0
18111,100000,200
18112,68152,0
18113,68152,0
18114,100000,200
18115,68152,0
18116,68152,0
18117,68152,0
18118,100000,200
18119,68152,0
18120,68152,0
18121,68152,0
18122,68152,0
18123,100000,200
18124,68152,0
18125,68152,0
18126,68152,0
18127,68152,0
18128,68152,0
18129,68152,0
18130,68152,0
18131,68152,0
18132,100000,240
18133,68152,0
18134,100000,200
18135,68152,0
18136,68152,0
18137,68152,0
18138,68152,0
18139,68152,0
18140,68152,0
18141,100000,40
18142,68152,0
18143,68152,0
18144,68152,0
18145,68152,0
18146,68152,0
18147,68152,0
18148,68152,0
18149,68152,0
18150,100000,200
18151,100000,200
18152,100000,50
18153,68152,0
18154,68152,0
18155,68152,0
18156,68152,0
18157,68152,0
18158,68152,0
18159,68152,0
18160,68152,0
18161,100000,120
18162,100000,200
18163,100000,30
18164,68152,0
18165,68152,0
18166,68152,0
18167,100000,50
18168,68152,0
18169,100000,200
18170,100000,200
18171,100000,40
18172,68152,0
18173,68152,0
18174,100000,110
18175,68152,0
18176,68152,0
18177,100000,200
18178,68152,0
18179,68152,0
18180,68152,0
18181,68152,0
18182,68152,0
18183,68152,0
18184,100000,250
18185,68152,0
18186,68152,0
18187,68152,0
18188,68152,0
18189,68152,0
18190,68152,0
18191,68152,0
18192,68152,0
18193,68152,0
18194,68152,0
18195,68152,0
18196,68152,0
18197,68152,0
18198,68152,0
18199,68152,0
18200,68152,0
18201,68152,0
18202,100000,60
18203,68152,0
18204,68152,0
18205,68152,0
18206,68152,0
18207,68152,0
18208,68152,0
18209,100000,60
18210,100000,200
18211,100000,120
18212,68152,0
18213,100000,80
18214,100000,100
18215,100000,250
18216,68152,0
18217,68152,0
18218,68152,0
18219,68152,0
18220,68152,0
18221,68152,0
18222,68152,0
18223,68152,0
18224,68152,0
18225,68152,0
18226,68152,0
18227,68152,0
18228,68152,0
18229,68152,0
18230,68152,0
18231,68152,0
18232,68152,0
18233,68152,0
18234,68152,0
18235,68152,0
18236,68152,0
18237,68152,0
18238,100000,50
18239,68152,0
18240,100000,160
18241,100000,200
18242,100000,200
18243,68152,0
18244,100000,680
18245,68152,0
18246,68152,0
18247,100000,120
18248,68152,0
18249,100000,200
18250,68152,0
18251,68152,0
18252,68152,0
18253,68152,0
18254,68152,0
18255,68152,0
18256,68152,0
18257,68152,0
18258,68152,0
18259,68152,0
18260,100000,60
18261,68152,0
18262,100000,200
18263,68152,0
18264,68152,0
18265,68152,0
18266,68152,0
18267,68152,0
18268,68152,0
18269,68152,0
18270,100000,120
18271,68152,0
18272,100000,50
18273,68152,0
18274,100000,250
18275,68152,0
18276,68152,0
18277,68152,0
18278,68152,0
18279,68152,0
18280,68152,0
18281,68152,0
18282,68152,0
18283,100000,200
18284,100000,200
18285,68152,0
18286,100000,200
18287,68152,0
18288,100000,40
18289,68152,0
18290,68152,0
18291,100000,200
18292,68152,0
18293,68152,0
18294,68152,0
18295,68152,0
18296,100000,500
18297,68152,0
18298,68152,0
18299,68152,0
18300,68152,0
18301,68152,0
18302,68152,0
18303,100000,80
18304,68152,0
18305,68152,0
18306,68152,0
18307,100000,250
18308,68152,0
18309,100000,300
18310,68152,0
18311,68152,0
18312,68152,0
18313,68152,0
18314,68152,0
18315,100000,200
18316,68152,0
18317,100000,100
18318,68152,0
18319,68152,0
18320,68152,0
18321,68152,0
18322,100000,100
18323,68152,0
18324,100000,100
18325,68152,0
18326,68152,0
18327,68152,0
18328,68152,0
18329,68152,0
18330,100000,200
18331,100000,80
18332,68152,0
18333,68152,0
18334,68152,0
18335,68152,0
18336,68152,0
18337,100000,200
18338,100000,200
18339,68152,0
18340,68152,0
18341,68152,0
18342,68152,0
18343,68152,0
18344,68152,0
18345,68152,0
18346,68152,0
18347,68152,0
18348,100000,60
18349,68152,0
18350,68152,0
18351,100000,80
18352,68152,0
18353,68152,0
18354,100000,100
18355,68152,0
18356,68152,0
18357,68152,0
18358,68152,0
18359,68152,0
18360,68152,0
18361,100000,100
18362,68152,0
18363,68152,0
18364,68152,0
18365,68152,0
18366,68152,0
18367,68152,0
18368,68152,0
18369,100000,200
18370,68152,0
18371,68152,0
18372,68152,0
18373,68152,0
18374,68152,0
18375,68152,0
18376,68152,0
18377,68152,0
18378,68152,0
18379,68152,0
18380,68152,0
18381,68152,0
18382,100000,60
18383,68152,0
18384,68152,0
18385,68152,0
18386,68152,0
18387,68152,0
18388,68152,0
18389,100000,200
18390,68152,0
18391,68152,0
18392,68152,0
18393,68152,0
18394,68152,0
18395,100000,200
18396,100000,400
18397,68152,0
18398,68152,0
18399,68152,0
18400,100000,200
18401,68152,0
18402,100000,200
18403,68152,0
18404,100000,120
18405,68152,0
18406,68152,0
18407,100000,80
18408,100000,200
18409,68152,0
18410,68152,0
18411,68152,0
18412,68152,0
18413,68152,0
18414,68152,0
18415,68152,0
18416,68152,0
18417,68152,0
18418,68152,0
18419,100000,200
18420,68152,0
18421,100000,200
18422,100000,200
18423,68152,0
18424,68152,0
18425,68152,0
18426,68152,0
18427,68152,0
18428,68152,0
18429,68152,0
18430,68152,0
18431,68152,0
18432,100000,60
18433,68152,0
18434,68152,0
18435,68152,0
18436,68152,0
18437,68152,0
18438,100000,200
18439,100000,200
18440,68152,0
18441,68152,0
18442,68152,0
18443,68152,0
18444,100000,320
18445,68152,0
18446,100000,60
18447,68152,0
18448,68152,0
18449,68152,0
18450,68152,0
18451,68152,0
18452,68152,0
18453,100000,100
18454,68152,0
18455,68152,0
18456,68152,0
18457,100000,80
18458,100000,200
18459,68152,0
18460,68152,0
18461,68152,0
18462,68152,0
18463,68152,0
18464,100000,920
18465,68152,0
18466,68152,0
18467,68152,0
18468,68152,0
18469,68152,0
18470,68152,0
18471,68152,0
18472,68152,0
18473,68152,0
18474,68152,0
18475,68152,0
18476,68152,0
18477,68152,0
18478,100000,30
18479,68152,0
18480,68152,0
18481,100000,40
18482,68152,0
18483,68152,0
18484,68152,0
18485,68152,0
18486,68152,0
18487,68152,0
18488,68152,0
18489,100000,200
18490,68152,0
18491,68152,0
18492,68152,0
18493,68152,0
18494,68152,0
18495,100000,120
18496,100000,200
18497,68152,0
18498,100000,200
18499,68152,0
18500,68152,0
18501,68152,0
18502,68152,0
18503,100000,100
18504,68152,0
18505,68152,0
18506,68152,0
18507,68152,0
18508,68152,0
18509,100000,80
18510,68152,0
18511,100000,200
18512,68152,0
18513,68152,0
18514,68152,0
18515,68152,0
18516,68152,0
18517,100000,230
18518,68152,0
18519,100000,200
18520,68152,0
18521,68152,0
18522,68152,0
18523,68152,0
18524,100000,200
18525,68152,0
18526,68152,0
18527,68152,0
18528,68152,0
18529,68152,0
18530,100000,100
18531,68152,0
18532,68152,0
18533,100000,170
18534,68152,0
18535,100000,250
18536,68152,0
18537,68152,0
18538,68152,0
18539,68152,0
18540,68152,0
18541,68152,0
18542,68152,0
18543,68152,0
18544,68152,0
18545,68152,0
18546,68152,0
18547,68152,0
18548,68152,0
18549,68152,0
18550,68152,0
18551,100000,600
18552,68152,0
18553,68152,0
18554,68152,0
18555,68152,0
18556,68152,0
18557,68152,0
18558,68152,0
18559,68152,0
18560,68152,0
18561,68152,0
18562,100000,450
18563,68152,0
18564,68152,0
18565,68152,0
18566,68152,0
18567,68152,0
18568,68152,0
18569,68152,0
18570,100000,30
18571,68152,0
18572,68152,0
18573,68152,0
18574,100000,200
18575,68152,0
18576,68152,0
18577,68152,0
18578,100000,150
18579,100000,200
18580,68152,0
18581,68152,0
18582,68152,0
18583,68152,0
18584,68152,0
18585,68152,0
18586,68152,0
18587,68152,0
18588,68152,0
18589,68152,0
18590,68152,0
18591,68152,0
18592,68152,0
18593,68152,0
18594,68152,0
18595,100000,200
18596,100000,200
18597,68152,0
18598,68152,0
18599,68152,0
18600,68152,0
18601,68152,0
18602,68152,0
18603,68152,0
18604,68152,0
18605,68152,0
18606,100000,50
18607,68152,0
18608,68152,0
18609,68152,0
18610,68152,0
18611,68152,0
18612,68152,0
18613,68152,0
18614,68152,0
18615,68152,0
18616,68152,0
18617,68152,0
18618,68152,0
18619,68152,0
18620,68152,0
18621,100000,200
18622,100000,160
18623,68152,0
18624,68152,0
18625,68152,0
18626,100000,200
18627,68152,0
18628,68152,0
18629,100000,200
18630,68152,0
18631,100000,200
18632,68152,0
18633,68152,0
18634,68152,0
18635,68152,0
18636,68152,0
18637,68152,0
18638,100000,200
18639,68152,0
18640,68152,0
18641,68152,0
18642,100000,300
18643,68152,0
18644,68152,0
18645,68152,0
18646,100000,90
18647,68152,0
18648,68152,0
18649,68152,0
18650,68152,0
18651,68152,0
18652,68152,0
18653,68152,0
18654,68152,0
18655,100000,200
18656,100000,60
18657,68152,0
18658,100000,280
18659,68152,0
18660,68152,0
18661,100000,200
18662,68152,0
18663,100000,200
18664,68152,0
18665,68152,0
18666,100000,200
18667,68152,0
18668,68152,0
18669,100000,200
18670,68152,0
18671,68152,0
18672,68152,0
18673,68152,0
18674,100000,250
18675,68152,0
18676,68152,0
18677,68152,0
18678,68152,0
18679,68152,0
18680,100000,300
18681,100000,200
18682,68152,0
18683,100000,80
18684,68152,0
18685,68152,0
18686,68152,0
18687,100000,240
18688,68152,0
18689,100000,200
18690,68152,0
18691,68152,0
18692,68152,0
18693,68152,0
18694,68152,0
18695,68152,0
18696,68152,0
18697,68152,0
18698,68152,0
18699,68152,0
18700,68152,0
18701,68152,0
18702,68152,0
18703,100000,40
18704,100000,200
18705,68152,0
18706,68152,0
18707,68152,0
18708,68152,0
18709,68152,0
18710,68152,0
18711,68152,0
18712,68152,0
18713,68152,0
18714,68152,0
18715,68152,0
18716,68152,0
18717,68152,0
18718,68152,0
18719,100000,60
18720,68152,0
18721,68152,0
18722,100000,200
18723,68152,0
18724,68152,0
18725,68152,0
18726,68152,0
18727,100000,120
18728,68152,0
18729,68152,0
18730,100000,200
18731,68152,0
18732,68152,0
18733,68152,0
18734,68152,0
18735,100000,80
18736,100000,100
18737,68152,0
18738,68152,0
18739,68152,0
18740,68152,0
18741,68152,0
18742,68152,0
18743,68152,0
18744,68152,0
18745,68152,0
18746,100000,200
18747,100000,110
18748,68152,0
18749,68152,0
18750,68152,0
18751,68152,0
18752,68152,0
18753,68152,0
18754,68152,0
18755,100000,350
18756,68152,0
18757,68152,0
18758,68152,0
18759,68152,0
18760,68152,0
18761,68152,0
18762,68152,0
18763,68152,0
18764,68152,0
18765,68152,0
18766,68152,0
18767,68152,0
18768,68152,0
18769,100000,50
18770,100000,200
18771,68152,0
18772,100000,60
18773,68152,0
18774,68152,0
18775,100000,200
18776,100000,60
18777,100000,200
18778,100000,200
18779,100000,300
18780,68152,0
18781,68152,0
18782,68152,0
18783,68152,0
18784,68152,0
18785,68152,0
18786,68152,0
18787,68152,0
18788,68152,0
18789,100000,160
18790,68152,0
18791,100000,100
18792,100000,60
18793,68152,0
18794,68152,0
18795,68152,0
18796,68152,0
18797,100000,200
18798,68152,0
18799,68152,0
18800,100000,200
18801,68152,0
18802,68152,0
18803,68152,0
18804,100000,50
18805,68152,0
18806,68152,0
18807,68152,0
18808,100000,80
18809,68152,0
18810,68152,0
18811,68152,0
18812,68152,0
18813,68152,0
18814,68152,0
18815,68152,0
18816,68152,0
18817,68152,0
18818,68152,0
18819,68152,0
18820,68152,0
18821,68152,0
18822,68152,0
18823,100000,240
18824,68152,0
18825,68152,0
18826,68152,0
18827,68152,0
18828,68152,0
18829,68152,0
18830,68152,0
18831,100000,200
18832,68152,0
18833,68152,0
18834,100000,200
18835,68152,0
18836,68152,0
18837,100000,100
18838,68152,0
18839,68152,0
18840,68152,0
18841,68152,0
18842,68152,0
18843,68152,0
18844,100000,200
18845,100000,30
18846,68152,0
18847,68152,0
18848,68152,0
18849,68152,0
18850,68152,0
18851,100000,100
18852,68152,0
18853,68152,0
18854,68152,0
18855,68152,0
18856,68152,0
18857,68152,0
18858,68152,0
18859,68152,0
18860,100000,200
18861,68152,0
18862,68152,0
18863,68152,0
18864,68152,0
18865,68152,0
18866,68152,0
18867,100000,200
18868,68152,0
18869,68152,0
18870,100000,200
18871,68152,0
18872,100000,160
18873,68152,0
18874,100000,200
18875,100000,200
18876,68152,0
18877,100000,200
18878,68152,0
18879,100000,200
18880,68152,0
18881,68152,0
18882,68152,0
18883,68152,0
18884,68152,0
18885,68152,0
18886,68152,0
18887,100000,170
18888,68152,0
18889,68152,0
18890,68152,0
18891,68152,0
18892,100000,200
18893,68152,0
18894,68152,0
18895,68152,0
18896,68152,0
18897,68152,0
18898,100000,160
18899,68152,0
18900,68152,0
18901,68152,0
18902,68152,0
18903,68152,0
18904,68152,0
18905,68152,0
18906,68152,0
18907,68152,0
18908,68152,0
18909,68152,0
18910,68152,0
18911,68152,0
18912,68152,0
18913,68152,0
18914,68152,0
18915,68152,0
18916,68152,0
18917,68152,0
18918,68152,0
18919,68152,0
18920,68152,0
18921,68152,0
18922,100000,90
18923,100000,200
18924,68152,0
18925,68152,0
18926,68152,0
18927,100000,80
18928,68152,0
18929,68152,0
18930,68152,0
18931,68152,0
18932,68152,0
18933,100000,40
18934,100000,60
18935,68152,0
18936,68152,0
18937,68152,0
18938,100000,420
18939,100000,200
18940,68152,0
18941,68152,0
18942,100000,230
18943,68152,0
18944,68152,0
18945,68152,0
18946,68152,0
18947,100000,200
18948,68152,0
18949,68152,0
18950,68152,0
18951,68152,0
18952,100000,80
18953,100000,300
18954,68152,0
18955,68152,0
18956,100000,200
18957,68152,0
18958,68152,0
18959,100000,250
18960,68152,0
18961,68152,0
18962,68152,0
18963,68152,0
18964,68152,0
18965,68152,0
18966,68152,0
18967,68152,0
18968,68152,0
18969,68152,0
18970,68152,0
18971,68152,0
18972,100000,150
18973,100000,200
18974,68152,0
18975,68152,0
18976,68152,0
18977,68152,0
18978,100000,30
18979,68152,0
18980,68152,0
18981,68152,0
18982,68152,0
18983,68152,0
18984,68152,0
18985,100000,200
18986,68152,0
18987,68152,0
18988,68152,0
18989,68152,0
18990,68152,0
18991,68152,0
18992,68152,0
18993,100000,200
18994,68152,0
18995,68152,0
18996,68152,0
18997,68152,0
18998,68152,0
18999,68152,0
19000,68152,0
19001,68152,0
19002,68152,0
19003,68152,0
19004,68152,0
19005,68152,0
19006,68152,0
19007,68152,0
19008,68152,0
19009,68152,0
19010,68152,0
19011,68152,0
19012,100000,200
19013,68152,0
19014,100000,200
19015,68152,0
19016,68152,0
19017,100000,60
19018,68152,0
19019,68152,0
19020,68152,0
19021,68152,0
19022,68152,0
19023,68152,0
19024,100000,200
19025,68152,0
19026,68152,0
19027,68152,0
19028,68152,0
19029,68152,0
19030,68152,0
19031,68152,0
19032,68152,0
19033,68152,0
19034,100000,200
19035,100000,80
19036,68152,0
19037,68152,0
19038,68152,0
19039,68152,0
19040,68152,0
19041,100000,200
19042,68152,0
19043,68152,0
19044,68152,0
19045,68152,0
19046,68152,0
19047,68152,0
19048,68152,0
19049,100000,200
19050,68152,0
19051,100000,200
19052,68152,0
19053,100000,200
19054,68152,0
19055,68152,0
19056,100000,200
19057,68152,0
19058,100000,30
19059,68152,0
19060,100000,100
19061,68152,0
19062,100000,200
19063,100000,30
19064,68152,0
19065,68152,0
19066,68152,0
19067,100000,60
19068,68152,0
19069,68152,0
19070,68152,0
19071,68152,0
19072,68152,0
19073,68152,0
19074,68152,0
19075,100000,40
19076,68152,0
19077,68152,0
19078,68152,0
19079,100000,200
19080,68152,0
19081,100000,200
19082,68152,0
19083,68152,0
19084,100000,60
19085,68152,0
19086,68152,0
19087,100000,200
19088,100000,40
19089,68152,0
19090,68152,0
19091,68152,0
19092,68152,0
19093,68152,0
19094,68152,0
19095,68152,0
19096,100000,30
19097,100000,200
19098,68152,0
19099,100000,200
19100,68152,0
19101,68152,0
19102,68152,0
19103,68152,0
19104,68152,0
19105,100000,200
19106,100000,150
19107,68152,0
19108,68152,0
19109,100000,80
19110,68152,0
19111,68152,0
19112,68152,0
19113,68152,0
19114,68152,0
19115,68152,0
19116,68152,0
19117,68152,0
19118,68152,0
19119,68152,0
19120,68152,0
19121,68152,0
19122,68152,0
19123,68152,0
19124,100000,200
19125,68152,0
19126,68152,0
19127,68152,0
19128,100000,160
19129,68152,0
19130,68152,0
19131,68152,0
19132,68152,0
19133,68152,0
19134,68152,0
19135,68152,0
19136,68152,0
19137,68152,0
19138,68152,0
19139,68152,0
19140,68152,0
19141,68152,0
19142,68152,0
19143,68152,0
19144,68152,0
19145,68152,0
19146,68152,0
19147,68152,0
19148,68152,0
19149,68152,0
19150,68152,0
19151,68152,0
19152,100000,200
19153,100000,120
19154,100000,200
19155,68152,0
19156,68152,0
19157,68152,0
19158,100000,60
19159,68152,0
19160,68152,0
19161,68152,0
19162,100000,200
19163,68152,0
19164,68152,0
19165,68152,0
19166,68152,0
19167,68152,0
19168,68152,0
19169,68152,0
19170,68152,0
19171,100000,100
19172,100000,200
19173,68152,0
19174,68152,0
19175,68152,0
19176,68152,0
19177,68152,0
19178,68152,0
19179,68152,0
19180,68152,0
19181,68152,0
19182,68152,0
19183,68152,0
19184,68152,0
19185,100000,200
19186,68152,0
19187,100000,200
19188,68152,0
19189,100000,200
19190,68152,0
19191,68152,0
19192,68152,0
19193,100000,200
19194,68152,0
19195,68152,0
19196,68152,0
19197,100000,80
19198,68152,0
19199,68152,0
19200,100000,170
19201,68152,0
19202,100000,280
19203,68152,0
19204,100000,160
19205,68152,0
19206,100000,200
19207,68152,0
19208,68152,0
19209,68152,0
19210,68152,0
19211,68152,0
19212,68152,0
19213,68152,0
19214,68152,0
19215,68152,0
19216,68152,0
19217,100000,200
19218,68152,0
19219,100000,200
19220,68152,0
19221,68152,0
19222,68152,0
19223,68152,0
19224,68152,0
19225,68152,0
19226,68152,0
19227,100000,200
19228,68152,0
19229,68152,0
19230,68152,0
19231,68152,0
19232,68152,0
19233,68152,0
19234,68152,0
19235,68152,0
19236,68152,0
19237,68152,0
19238,68152,0
19239,68152,0
19240,68152,0
19241,68152,0
19242,100000,530
19243,68152,0
19244,68152,0
19245,68152,0
19246,68152,0
19247,100000,80
19248,68152,0
19249,100000,80
19250,100000,200
19251,100000,160
19252,68152,0
19253,68152,0
19254,68152,0
19255,68152,0
19256,68152,0
19257,100000,60
19258,68152,0
19259,68152,0
19260,68152,0
19261,68152,0
19262,68152,0
19263,68152,0
19264,68152,0
19265,68152,0
19266,68152,0
19267,68152,0
19268,100000,250
19269,68152,0
19270,68152,0
19271,68152,0
19272,68152,0
19273,68152,0
19274,100000,30
19275,68152,0
19276,68152,0
19277,68152,0
19278,68152,0
19279,68152,0
19280,68152,0
19281,68152,0
19282,100000,50
19283,68152,0
19284,68152,0
19285,68152,0
19286,68152,0
19287,68152,0
19288,68152,0
19289,100000,200
19290,68152,0
19291,68152,0
19292,68152,0
19293,68152,0
19294,68152,0
19295,68152,0
19296,68152,0
19297,68152,0
19298,68152,0
19299,68152,0
19300,68152,0
19301,68152,0
19302,100000,200
19303,100000,300
19304,100000,200
19305,100000,50
19306,68152,0
19307,68152,0
19308,68152,0
19309,68152,0
19310,68152,0
19311,100000,60
19312,68152,0
19313,100000,80
19314,68152,0
19315,68152,0
19316,68152,0
19317,68152,0
19318,68152,0
19319,68152,0
19320,68152,0
19321,100000,200
19322,68152,0
19323,68152,0
19324,68152,0
19325,68152,0
19326,68152,0
19327,100000,60
19328,68152,0
19329,68152,0
19330,68152,0
19331,68152,0
19332,100000,200
19333,68152,0
19334,100000,40
19335,68152,0
19336,68152,0
19337,68152,0
19338,68152,0
19339,68152,0
19340,68152,0
19341,68152,0
19342,68152,0
19343,68152,0
19344,68152,0
19345,68152,0
19346,100000,300
19347,68152,0
19348,68152,0
19349,68152,0
19350,68152,0
19351,100000,350
19352,68152,0
19353,68152,0
19354,68152,0
19355,100000,200
19356,68152,0
19357,68152,0
19358,68152,0
19359,68152,0
19360,68152,0
19361,68152,0
19362,68152,0
19363,68152,0
19364,68152,0
19365,68152,0
19366,68152,0
19367,100000,200
19368,68152,0
19369,68152,0
19370,68152,0
19371,100000,320
19372,68152,0
19373,100000,200
19374,68152,0
19375,68152,0
19376,100000,80
19377,68152,0
19378,100000,500
19379,68152,0
19380,68152,0
19381,68152,0
19382,68152,0
19383,68152,0
19384,68152,0
19385,68152,0
19386,68152,0
19387,68152,0
19388,68152,0
19389,100000,200
19390,68152,0
19391,100000,200
19392,68152,0
19393,68152,0
19394,100000,200
19395,68152,0
19396,68152,0
19397,68152,0
19398,68152,0
19399,68152,0
19400,68152,0
19401,68152,0
19402,68152,0
19403,68152,0
19404,68152,0
19405,68152,0
19406,68152,0
19407,68152,0
19408,100000,200
19409,68152,0
19410,68152,0
19411,68152,0
19412,68152,0
19413,100000,200
19414,68152,0
19415,68152,0
19416,68152,0
19417,68152,0
19418,68152,0
19419,68152,0
19420,100000,50
19421,68152,0
19422,68152,0
19423,68152,0
19424,68152,0
19425,68152,0
19426,68152,0
19427,68152,0
19428,100000,60
19429,100000,80
19430,68152,0
19431,68152,0
19432,68152,0
19433,68152,0
19434,68152,0
19435,68152,0
19436,68152,0
19437,100000,50
19438,68152,0
19439,68152,0
19440,68152,0
19441,68152,0
19442,68152,0
19443,68152,0
19444,68152,0
19445,68152,0
19446,68152,0
19447,68152,0
19448,68152,0
19449,100000,200
19450,68152,0
19451,68152,0
19452,100000,200
19453,68152,0
19454,68152,0
19455,68152,0
19456,68152,0
19457,68152,0
19458,68152,0
19459,68152,0
19460,68152,0
19461,68152,0
19462,68152,0
19463,68152,0
19464,68152,0
19465,100000,120
19466,68152,0
19467,68152,0
19468,68152,0
19469,68152,0
19470,100000,50
19471,68152,0
19472,68152,0
19473,68152,0
19474,100000,80
19475,68152,0
19476,68152,0
19477,100000,200
19478,100000,80
19479,68152,0
19480,68152,0
19481,68152,0
19482,68152,0
19483,68152,0
19484,68152,0
19485,68152,0
19486,68152,0
19487,68152,0
19488,68152,0
19489,68152,0
19490,68152,0
19491,68152,0
19492,68152,0
19493,68152,0
19494,68152,0
19495,68152,0
19496,68152,0
19497,100000,240
19498,68152,0
19499,68152,0
19500,68152,0
19501,68152,0
19502,100000,250
19503,68152,0
19504,68152,0
19505,68152,0
19506,100000,200
19507,100000,40
19508,68152,0
19509,100000,40
19510,68152,0
19511,68152,0
19512,68152,0
19513,68152,0
19514,68152,0
19515,68152,0
19516,68152,0
19517,68152,0
19518,100000,50
19519,68152,0
19520,68152,0
19521,68152,0
19522,68152,0
19523,68152,0
19524,68152,0
19525,68152,0
19526,68152,0
19527,68152,0
19528,68152,0
19529,68152,0
19530,68152,0
19531,68152,0
19532,68152,0
19533,68152,0
19534,68152,0
19535,100000,80
19536,68152,0
19537,100000,40
19538,100000,50
19539,100000,300
19540,68152,0
19541,100000,120
19542,68152,0
19543,68152,0
19544,68152,0
19545,68152,0
19546,100000,50
19547,68152,0
19548,68152,0
19549,68152,0
19550,68152,0
19551,68152,0
19552,100000,50
19553,68152,0
19554,100000,160
19555,68152,0
19556,68152,0
19557,100000,300
19558,68152,0
19559,68152,0
19560,68152,0
19561,100000,200
19562,68152,0
19563,68152,0
19564,68152,0
19565,68152,0
19566,100000,200
19567,68152,0
19568,68152,0
19569,68152,0
19570,68152,0
19571,100000,200
19572,68152,0
19573,68152,0
19574,68152,0
19575,68152,0
19576,68152,0
19577,68152,0
19578,68152,0
19579,68152,0
19580,100000,120
19581,100000,300
19582,68152,0
19583,68152,0
19584,68152,0
19585,68152,0
19586,68152,0
19587,68152,0
19588,100000,40
19589,68152,0
19590,68152,0
19591,100000,40
19592,68152,0
19593,68152,0
19594,68152,0
19595,100000,160
19596,68152,0
19597,68152,0
19598,100000,100
19599,68152,0
19600,68152,0
19601,68152,0
19602,68152,0
19603,68152,0
19604,68152,0
19605,68152,0
19606,68152,0
19607,68152,0
19608,68152,0
19609,68152,0
19610,68152,0
19611,68152,0
19612,100000,80
19613,68152,0
19614,68152,0
19615,68152,0
19616,68152,0
19617,68152,0
19618,68152,0
19619,68152,0
19620,68152,0
19621,68152,0
19622,100000,150
19623,68152,0
19624,68152,0
19625,68152,0
19626,68152,0
19627,68152,0
19628,68152,0
19629,68152,0
19630,68152,0
19631,68152,0
19632,68152,0
19633,68152,0
19634,68152,0
19635,68152,0
19636,68152,0
19637,68152,0
19638,68152,0
19639,68152,0
19640,68152,0
19641,68152,0
19642,68152,0
19643,100000,40
19644,68152,0
19645,68152,0
19646,68152,0
19647,68152,0
19648,100000,100
19649,68152,0
19650,68152,0
19651,100000,160
19652,68152,0
19653,68152,0
19654,68152,0
19655,68152,0
19656,68152,0
19657,68152,0
19658,68152,0
19659,68152,0
19660,68152,0
19661,68152,0
19662,68152,0
19663,68152,0
19664,100000,200
19665,68152,0
19666,100000,80
19667,68152,0
19668,68152,0
19669,100000,120
19670,100000,80
19671,68152,0
19672,68152,0
19673,68152,0
19674,100000,50
19675,68152,0
19676,68152,0
19677,68152,0
19678,68152,0
19679,68152,0
19680,100000,80
19681,68152,0
19682,100000,200
19683,68152,0
19684,100000,50
19685,68152,0
19686,68152,0
19687,68152,0
19688,100000,120
19689,68152,0
19690,68152,0
19691,100000,50
19692,68152,0
19693,68152,0
19694,100000,40
19695,100000,30
19696,68152,0
19697,100000,50
19698,68152,0
19699,68152,0
19700,100000,200
19701,100000,200
19702,68152,0
19703,68152,0
19704,68152,0
19705,68152,0
19706,68152,0
19707,68152,0
19708,68152,0
19709,68152,0
19710,68152,0
19711,68152,0
19712,68152,0
19713,68152,0
19714,68152,0
19715,68152,0
19716,68152,0
19717,68152,0
19718,68152,0
19719,68152,0
19720,68152,0
19721,68152,0
19722,68152,0
19723,68152,0
19724,100000,40
19725,100000,200
19726,68152,0
19727,68152,0
19728,68152,0
19729,100000,200
19730,68152,0
19731,68152,0
19732,68152,0
19733,100000,50
19734,68152,0
19735,68152,0
19736,68152,0
19737,68152,0
19738,100000,200
19739,68152,0
19740,68152,0
19741,68152,0
19742,68152,0
19743,68152,0
19744,100000,100
19745,68152,0
19746,68152,0
19747,68152,0
19748,68152,0
19749,68152,0
19750,68152,0
19751,68152,0
19752,68152,0
19753,68152,0
19754,100000,60
19755,68152,0
19756,68152,0
19757,100000,200
19758,100000,120
19759,68152,0
19760,68152,0
19761,68152,0
19762,68152,0
19763,68152,0
19764,100000,150
19765,68152,0
19766,68152,0
19767,68152,0
19768,68152,0
19769,68152,0
19770,68152,0
19771,100000,60
19772,68152,0
19773,68152,0
19774,68152,0
19775,68152,0
19776,68152,0
19777,68152,0
19778,68152,0
19779,68152,0
19780,68152,0
19781,68152,0
19782,100000,200
19783,100000,50
19784,68152,0
19785,68152,0
19786,100000,40
19787,68152,0
19788,68152,0
19789,68152,0
19790,68152,0
19791,68152,0
19792,68152,0
19793,68152,0
19794,68152,0
19795,68152,0
19796,68152,0
19797,68152,0
19798,68152,0
19799,100000,200
19800,68152,0
19801,68152,0
19802,68152,0
19803,68152,0
19804,68152,0
19805,68152,0
19806,68152,0
19807,68152,0
19808,68152,0
19809,68152,0
19810,100000,30
19811,68152,0
19812,68152,0
19813,68152,0
19814,68152,0
19815,68152,0
19816,100000,100
19817,100000,360
19818,68152,0
19819,68152,0
19820,100000,160
19821,68152,0
19822,100000,200
19823,100000,250
19824,68152,0
19825,68152,0
19826,68152,0
19827,68152,0
19828,68152,0
19829,68152,0
19830,68152,0
19831,68152,0
19832,68152,0
19833,68152,0
19834,68152,0
19835,68152,0
19836,68152,0
19837,68152,0
19838,100000,40
19839,68152,0
19840,68152,0
19841,68152,0
19842,68152,0
19843,68152,0
19844,100000,120
19845,68152,0
19846,68152,0
19847,68152,0
19848,68152,0
19849,68152,0
19850,68152,0
19851,68152,0
19852,68152,0
19853,68152,0
19854,68152,0
19855,68152,0
19856,68152,0
19857,68152,0
19858,68152,0
19859,100000,200
19860,68152,0
19861,68152,0
19862,100000,200
19863,68152,0
19864,68152,0
19865,68152,0
19866,68152,0
19867,68152,0
19868,100000,120
19869,68152,0
19870,68152,0
19871,68152,0
19872,68152,0
19873,68152,0
19874,68152,0
19875,68152,0
19876,68152,0
19877,68152,0
19878,68152,0
19879,68152,0
19880,68152,0
19881,68152,0
19882,68152,0
19883,68152,0
19884,68152,0
19885,100000,80
19886,68152,0
19887,100000,90
19888,100000,40
19889,68152,0
19890,68152,0
19891,100000,100
19892,100000,200
19893,68152,0
19894,68152,0
19895,68152,0
19896,100000,200
19897,68152,0
19898,68152,0
19899,68152,0
19900,68152,0
19901,100000,200
19902,68152,0
19903,100000,200
19904,68152,0
19905,68152,0
19906,68152,0
19907,100000,200
19908,100000,40
19909,68152,0
19910,68152,0
19911,68152,0
19912,100000,200
19913,68152,0
19914,68152,0
19915,68152,0
19916,68152,0
19917,68152,0
19918,68152,0
19919,100000,250
19920,100000,200
19921,68152,0
19922,68152,0
19923,68152,0
19924,68152,0
19925,68152,0
19926,68152,0
19927,100000,200
19928,68152,0
19929,68152,0
19930,68152,0
19931,68152,0
19932,68152,0
19933,68152,0
19934,68152,0
19935,68152,0
19936,68152,0
19937,100000,410
19938,68152,0
19939,100000,200
19940,68152,0
19941,68152,0
19942,68152,0
19943,68152,0
19944,68152,0
19945,68152,0
19946,100000,250
19947,68152,0
19948,100000,200
19949,68152,0
19950,68152,0
19951,68152,0
19952,68152,0
19953,68152,0
19954,68152,0
19955,100000,50
19956,68152,0
19957,68152,0
19958,68152,0
19959,68152,0
19960,68152,0
19961,68152,0
19962,68152,0
19963,68152,0
19964,100000,200
19965,68152,0
19966,68152,0
19967,68152,0
19968,68152,0
19969,68152,0
19970,68152,0
19971,100000,280
19972,100000,300
19973,68152,0
19974,68152,0
19975,68152,0
19976,68152,0
19977,100000,100
19978,100000,200
19979,68152,0
19980,100000,200
19981,68152,0
19982,100000,170
19983,68152,0
19984,68152,0
19985,68152,0
19986,68152,0
19987,68152,0
19988,100000,200
19989,100000,200
19990,68152,0
19991,68152,0
19992,68152,0
19993,68152,0
19994,100000,200
19995,68152,0
19996,68152,0
19997,100000,50
19998,68152,0
19999,68152,0
20000,68152,0
20001,199453,20000
20002,199453,20000
20003,199453,20000
20004,199453,20000
20005,199453,20000
20006,199453,20000
20007,199453,20000
20008,199453,20000
20009,199453,20000
20010,199453,20000
20011,199453,20000
20012,199453,20000
20013,199453,20000
20014,199453,20000
20015,199453,20000
20016,199453,20000
20017,199453,20000
20018,199453,20000
20019,199453,20000
20020,199453,20000
