1,100000,200
2,100000,200
3,100000,0
4,100000,0
5,100000,400
6,100000,0
7,100000,0
8,100000,0
9,100000,120
10,100000,0
11,100000,200
12,100000,0
13,100000,200
14,100000,200
15,100000,0
16,100000,0
17,100000,400
18,100000,320
19,100000,200
20,100000,0
21,100000,0
22,100000,0
23,100000,200
24,100000,200
25,100000,200
26,100000,0
27,100000,200
28,100000,200
29,100000,0
30,100000,0
31,100000,0
32,100000,0
33,100000,0
34,100000,200
35,100000,0
36,100000,0
37,100000,230
38,100000,200
39,100000,400
40,100000,0
41,100000,200
42,100000,200
43,100000,400
44,100000,0
45,100000,200
46,100000,30
47,100000,200
48,100000,0
49,100000,0
50,100000,400
51,100000,0
52,100000,200
53,100000,0
54,100000,0
55,100000,80
56,100000,0
57,100000,400
58,100000,200
59,100000,0
60,100000,0
61,100000,200
62,100000,400
63,100000,0
64,100000,0
65,100000,0
66,100000,200
67,100000,200
68,100000,0
69,100000,0
70,100000,0
71,100000,200
72,100000,0
73,100000,0
74,100000,0
75,100000,0
76,100000,160
77,100000,0
78,100000,0
79,100000,200
80,100000,0
81,100000,0
82,100000,0
83,100000,150
84,100000,200
85,100000,0
86,100000,200
87,100000,200
88,100000,200
89,100000,160
90,100000,100
91,100000,200
92,100000,0
93,100000,0
94,100000,0
95,100000,200
96,100000,0
97,100000,0
98,100000,0
99,100000,0
100,100000,0
101,100000,200
102,100000,0
103,100000,0
104,100000,200
105,100000,200
106,100000,200
107,100000,400
108,100000,600
109,100000,200
110,100000,200
111,100000,60
112,100000,0
113,100000,0
114,100000,0
115,100000,0
116,100000,0
117,100000,0
118,100000,200
119,100000,0
120,100000,250
121,100000,200
122,100000,0
123,100000,200
124,100000,400
125,100000,200
126,100000,240
127,100000,0
128,100000,0
129,100000,0
130,100000,200
131,100000,0
132,100000,0
133,100000,0
134,100000,0
135,100000,200
136,100000,0
137,100000,200
138,100000,200
139,100000,0
140,100000,0
141,100000,0
142,100000,200
143,100000,0
144,100000,0
145,100000,200
146,100000,0
147,100000,0
148,100000,400
149,100000,0
150,100000,400
151,100000,0
152,100000,0
153,100000,0
154,100000,0
155,100000,200
156,100000,0
157,100000,0
158,100000,230
159,100000,200
160,100000,200
161,100000,400
162,100000,200
163,100000,0
164,100000,200
165,100000,560
166,100000,200
167,100000,0
168,100000,0
169,100000,50
170,100000,0
171,100000,0
172,100000,200
173,100000,0
174,100000,200
175,100000,0
176,100000,0
177,100000,0
178,100000,200
179,100000,0
180,100000,600
181,100000,200
182,100000,0
183,100000,50
184,100000,0
185,100000,0
186,100000,400
187,100000,0
188,100000,0
189,100000,0
190,100000,40
191,100000,200
192,100000,200
193,100000,0
194,100000,0
195,100000,0
196,100000,0
197,100000,0
198,100000,0
199,100000,200
200,100000,200
201,100000,40
202,100000,280
203,100000,0
204,100000,0
205,100000,0
206,100000,0
207,100000,0
208,100000,0
209,100000,200
210,100000,0
211,100000,200
212,100000,200
213,100000,200
214,100000,0
215,100000,400
216,100000,200
217,100000,200
218,100000,200
219,100000,0
220,100000,200
221,100000,200
222,100000,0
223,100000,0
224,100000,300
225,100000,200
226,100000,0
227,100000,0
228,100000,0
229,100000,200
230,100000,200
231,100000,0
232,100000,0
233,100000,160
234,100000,0
235,100000,500
236,100000,200
237,100000,0
238,100000,200
239,100000,400
240,100000,600
241,100000,200
242,100000,0
243,100000,200
244,100000,0
245,100000,400
246,100000,0
247,100000,200
248,100000,0
249,100000,200
250,100000,60
251,100000,150
252,100000,200
253,100000,0
254,100000,400
255,100000,680
256,100000,200
257,100000,400
258,100000,0
259,100000,200
260,100000,200
261,100000,0
262,100000,0
263,100000,0
264,100000,0
265,100000,0
266,100000,200
267,100000,400
268,100000,0
269,100000,200
270,100000,400
271,100000,200
272,100000,0
273,100000,200
274,100000,200
275,100000,0
276,100000,200
277,100000,200
278,100000,200
279,100000,0
280,100000,200
281,100000,0
282,100000,0
283,100000,0
284,100000,0
285,100000,0
286,100000,0
287,100000,0
288,100000,0
289,100000,200
290,100000,400
291,100000,200
292,100000,400
293,100000,400
294,100000,200
295,100000,200
296,100000,200
297,100000,30
298,100000,0
299,100000,0
300,100000,200
301,100000,200
302,100000,0
303,100000,0
304,100000,200
305,100000,0
306,100000,0
307,100000,400
308,100000,200
309,100000,0
310,100000,0
311,100000,200
312,100000,0
313,100000,0
314,100000,200
315,100000,400
316,100000,0
317,100000,0
318,100000,0
319,100000,200
320,100000,0
321,100000,0
322,100000,200
323,100000,200
324,100000,200
325,100000,200
326,100000,200
327,100000,200
328,100000,600
329,100000,200
330,100000,0
331,100000,200
332,100000,200
333,100000,0
334,100000,0
335,100000,0
336,100000,200
337,100000,0
338,100000,0
339,100000,200
340,100000,0
341,100000,200
342,100000,0
343,100000,200
344,100000,0
345,100000,0
346,100000,0
347,100000,0
348,100000,200
349,100000,200
350,100000,0
351,100000,0
352,100000,0
353,100000,0
354,100000,200
355,100000,200
356,100000,200
357,100000,260
358,100000,200
359,100000,200
360,100000,0
361,100000,0
362,100000,200
363,100000,0
364,100000,30
365,100000,0
366,100000,0
367,100000,250
368,100000,200
369,100000,400
370,100000,0
371,100000,200
372,100000,200
373,100000,0
374,100000,400
375,100000,200
376,100000,200
377,100000,400
378,100000,200
379,100000,300
380,100000,200
381,100000,400
382,100000,400
383,100000,0
384,100000,120
385,100000,200
386,100000,400
387,100000,0
388,100000,0
389,100000,200
390,100000,0
391,100000,200
392,100000,280
393,100000,200
394,100000,450
395,100000,200
396,100000,200
397,100000,200
398,100000,200
399,100000,0
400,100000,200
401,100000,30
402,100000,40
403,100000,0
404,100000,400
405,100000,400
406,100000,0
407,100000,200
408,100000,0
409,100000,200
410,100000,480
411,100000,0
412,100000,0
413,100000,0
414,100000,0
415,100000,0
416,100000,0
417,100000,400
418,100000,200
419,100000,200
420,100000,200
421,100000,200
422,100000,0
423,100000,0
424,100000,400
425,100000,400
426,100000,200
427,100000,0
428,100000,0
429,100000,200
430,100000,0
431,100000,400
432,100000,0
433,100000,200
434,100000,400
435,100000,0
436,100000,0
437,100000,0
438,100000,0
439,100000,440
440,100000,0
441,100000,200
442,100000,0
443,100000,0
444,100000,0
445,100000,0
446,100000,0
447,100000,200
448,100000,200
449,100000,200
450,100000,0
451,100000,200
452,100000,0
453,100000,200
454,100000,400
455,100000,0
456,100000,200
457,100000,150
458,100000,200
459,100000,0
460,100000,200
461,100000,0
462,100000,0
463,100000,50
464,100000,200
465,100000,450
466,100000,400
467,100000,200
468,100000,110
469,100000,0
470,100000,400
471,100000,200
472,100000,600
473,100000,200
474,100000,0
475,100000,0
476,100000,200
477,100000,0
478,100000,0
479,100000,0
480,100000,0
481,100000,0
482,100000,200
483,100000,400
484,100000,0
485,100000,100
486,100000,0
487,100000,0
488,100000,80
489,100000,0
490,100000,200
491,100000,0
492,100000,0
493,100000,30
494,100000,0
495,100000,200
496,100000,0
497,100000,200
498,100000,200
499,100000,0
500,100000,0
501,100000,50
502,100000,0
503,100000,0
504,100000,0
505,100000,0
506,100000,0
507,100000,200
508,100000,200
509,100000,200
510,100000,80
511,100000,0
512,100000,0
513,100000,0
514,100000,100
515,100000,200
516,100000,200
517,100000,400
518,100000,0
519,100000,0
520,100000,200
521,100000,0
522,100000,0
523,100000,200
524,100000,200
525,100000,0
526,100000,200
527,100000,0
528,100000,200
529,100000,0
530,100000,0
531,100000,200
532,100000,0
533,100000,0
534,100000,200
535,100000,0
536,100000,400
537,100000,0
538,100000,200
539,100000,400
540,100000,200
541,100000,0
542,100000,200
543,100000,200
544,100000,0
545,100000,0
546,100000,0
547,100000,200
548,100000,200
549,100000,0
550,100000,0
551,100000,200
552,100000,200
553,100000,0
554,100000,0
555,100000,400
556,100000,0
557,100000,0
558,100000,0
559,100000,200
560,100000,200
561,100000,0
562,100000,200
563,100000,0
564,100000,250
565,100000,200
566,100000,0
567,100000,200
568,100000,0
569,100000,200
570,100000,0
571,100000,200
572,100000,0
573,100000,200
574,100000,0
575,100000,200
576,100000,0
577,100000,200
578,100000,200
579,100000,200
580,100000,200
581,100000,200
582,100000,200
583,100000,200
584,100000,0
585,100000,30
586,100000,200
587,100000,200
588,100000,0
589,100000,400
590,100000,200
591,100000,0
592,100000,0
593,100000,0
594,100000,200
595,100000,200
596,100000,200
597,100000,0
598,100000,200
599,100000,200
600,100000,400
601,100000,0
602,100000,50
603,100000,200
604,100000,0
605,100000,400
606,100000,200
607,100000,0
608,100000,320
609,100000,0
610,100000,200
611,100000,110
612,100000,0
613,100000,0
614,100000,400
615,100000,80
616,100000,0
617,100000,0
618,100000,0
619,100000,0
620,100000,0
621,100000,0
622,100000,400
623,100000,600
624,100000,200
625,100000,0
626,100000,150
627,100000,200
628,100000,400
629,100000,400
630,100000,0
631,100000,0
632,100000,200
633,100000,0
634,100000,600
635,100000,0
636,100000,200
637,100000,400
638,100000,200
639,100000,0
640,100000,650
641,100000,0
642,100000,200
643,100000,40
644,100000,200
645,100000,200
646,100000,0
647,100000,600
648,100000,240
649,100000,280
650,100000,200
651,100000,120
652,100000,0
653,100000,0
654,100000,0
655,100000,0
656,100000,0
657,100000,400
658,100000,200
659,100000,200
660,100000,0
661,100000,200
662,100000,200
663,100000,200
664,100000,200
665,100000,200
666,100000,0
667,100000,200
668,100000,0
669,100000,200
670,100000,400
671,100000,0
672,100000,0
673,100000,0
674,100000,0
675,100000,200
676,100000,0
677,100000,200
678,100000,400
679,100000,0
680,100000,0
681,100000,0
682,100000,0
683,100000,280
684,100000,0
685,100000,200
686,100000,0
687,100000,0
688,100000,200
689,100000,0
690,100000,400
691,100000,200
692,100000,600
693,100000,0
694,100000,200
695,100000,250
696,100000,600
697,100000,200
698,100000,250
699,100000,0
700,100000,240
701,100000,200
702,100000,0
703,100000,200
704,100000,200
705,100000,0
706,100000,150
707,100000,200
708,100000,480
709,100000,30
710,100000,0
711,100000,0
712,100000,0
713,100000,600
714,100000,400
715,100000,0
716,100000,0
717,100000,220
718,100000,200
719,100000,200
720,100000,0
721,100000,200
722,100000,0
723,100000,200
724,100000,400
725,100000,0
726,100000,0
727,100000,200
728,100000,0
729,100000,0
730,100000,0
731,100000,400
732,100000,400
733,100000,0
734,100000,400
735,100000,0
736,100000,40
737,100000,120
738,100000,360
739,100000,0
740,100000,0
741,100000,200
742,100000,30
743,100000,280
744,100000,0
745,100000,0
746,100000,0
747,100000,200
748,100000,200
749,100000,240
750,100000,0
751,100000,0
752,100000,280
753,100000,400
754,100000,200
755,100000,400
756,100000,200
757,100000,0
758,100000,40
759,100000,200
760,100000,0
761,100000,200
762,100000,0
763,100000,400
764,100000,400
765,100000,200
766,100000,0
767,100000,320
768,100000,200
769,100000,0
770,100000,400
771,100000,0
772,100000,0
773,100000,400
774,100000,200
775,100000,0
776,100000,200
777,100000,400
778,100000,400
779,100000,0
780,100000,0
781,100000,0
782,100000,0
783,100000,400
784,100000,0
785,100000,0
786,100000,200
787,100000,0
788,100000,200
789,100000,0
790,100000,0
791,100000,0
792,100000,0
793,100000,0
794,100000,200
795,100000,0
796,100000,200
797,100000,400
798,100000,200
799,100000,0
800,100000,200
801,100000,200
802,100000,200
803,100000,0
804,100000,0
805,100000,600
806,100000,200
807,100000,0
808,100000,0
809,100000,400
810,100000,0
811,100000,0
812,100000,200
813,100000,0
814,100000,0
815,100000,0
816,100000,200
817,100000,0
818,100000,0
819,100000,200
820,100000,110
821,100000,0
822,100000,200
823,100000,0
824,100000,200
825,100000,0
826,100000,200
827,100000,0
828,100000,200
829,100000,50
830,100000,200
831,100000,0
832,100000,0
833,100000,200
834,100000,200
835,100000,0
836,100000,200
837,100000,0
838,100000,0
839,100000,400
840,100000,200
841,100000,0
842,100000,400
843,100000,60
844,100000,0
845,100000,200
846,100000,0
847,100000,0
848,100000,120
849,100000,0
850,100000,400
851,100000,0
852,100000,260
853,100000,550
854,100000,200
855,100000,450
856,100000,0
857,100000,0
858,100000,400
859,100000,150
860,100000,440
861,100000,200
862,100000,200
863,100000,0
864,100000,0
865,100000,0
866,100000,200
867,100000,200
868,100000,200
869,100000,0
870,100000,0
871,100000,200
872,100000,200
873,100000,0
874,100000,0
875,100000,0
876,100000,0
877,100000,0
878,100000,200
879,100000,0
880,100000,0
881,100000,200
882,100000,0
883,100000,200
884,100000,60
885,100000,0
886,100000,0
887,100000,0
888,100000,0
889,100000,0
890,100000,0
891,100000,60
892,100000,200
893,100000,200
894,100000,200
895,100000,200
896,100000,200
897,100000,0
898,100000,400
899,100000,0
900,100000,0
901,100000,0
902,100000,0
903,100000,200
904,100000,200
905,100000,0
906,100000,200
907,100000,0
908,100000,0
909,100000,200
910,100000,200
911,100000,0
912,100000,0
913,100000,0
914,100000,0
915,100000,0
916,100000,480
917,100000,200
918,100000,150
919,100000,200
920,100000,200
921,100000,200
922,100000,200
923,100000,0
924,100000,200
925,100000,400
926,100000,0
927,100000,0
928,100000,200
929,100000,0
930,100000,400
931,100000,0
932,100000,0
933,100000,0
934,100000,0
935,100000,0
936,100000,0
937,100000,200
938,100000,200
939,100000,0
940,100000,200
941,100000,200
942,100000,250
943,100000,200
944,100000,0
945,100000,400
946,100000,0
947,100000,200
948,100000,0
949,100000,200
950,100000,0
951,100000,200
952,100000,0
953,100000,400
954,100000,0
955,100000,160
956,100000,0
957,100000,0
958,100000,0
959,100000,200
960,100000,600
961,100000,200
962,100000,0
963,100000,40
964,100000,400
965,100000,0
966,100000,200
967,100000,230
968,100000,200
969,100000,200
970,100000,0
971,100000,200
972,100000,200
973,100000,0
974,100000,200
975,100000,200
976,100000,0
977,100000,250
978,100000,200
979,100000,0
980,100000,200
981,100000,0
982,100000,200
983,100000,300
984,100000,0
985,100000,0
986,100000,60
987,100000,200
988,100000,200
989,100000,0
990,100000,200
991,100000,200
992,100000,0
993,100000,200
994,100000,200
995,100000,40
996,100000,0
997,100000,200
998,100000,200
999,100000,200
1000,100000,0
1001,100000,200
1002,100000,200
1003,100000,0
1004,100000,0
1005,100000,0
1006,100000,200
1007,100000,50
1008,100000,400
1009,100000,0
1010,100000,0
1011,100000,400
1012,100000,0
1013,100000,600
1014,100000,200
1015,100000,0
1016,100000,200
1017,100000,0
1018,100000,400
1019,100000,200
1020,100000,400
1021,100000,0
1022,100000,400
1023,100000,400
1024,100000,200
1025,100000,200
1026,100000,200
1027,100000,0
1028,100000,500
1029,100000,360
1030,100000,400
1031,100000,200
1032,100000,200
1033,100000,200
1034,100000,0
1035,100000,200
1036,100000,400
1037,100000,600
1038,100000,200
1039,100000,0
1040,100000,0
1041,100000,200
1042,100000,0
1043,100000,200
1044,100000,200
1045,100000,0
1046,100000,200
1047,100000,200
1048,100000,50
1049,100000,0
1050,100000,200
1051,100000,200
1052,100000,200
1053,100000,400
1054,100000,0
1055,100000,0
1056,100000,600
1057,100000,200
1058,100000,0
1059,100000,260
1060,100000,0
1061,100000,200
1062,100000,0
1063,100000,240
1064,100000,0
1065,100000,200
1066,100000,200
1067,100000,0
1068,100000,0
1069,100000,200
1070,100000,400
1071,100000,0
1072,100000,0
1073,100000,200
1074,100000,0
1075,100000,0
1076,100000,0
1077,100000,200
1078,100000,400
1079,100000,200
1080,100000,400
1081,100000,0
1082,100000,0
1083,100000,0
1084,100000,400
1085,100000,200
1086,100000,150
1087,100000,200
1088,100000,200
1089,100000,0
1090,100000,400
1091,100000,400
1092,100000,200
1093,100000,600
1094,100000,200
1095,100000,200
1096,100000,200
1097,100000,200
1098,100000,200
1099,100000,0
1100,100000,400
1101,100000,80
1102,100000,400
1103,100000,0
1104,100000,90
1105,100000,400
1106,100000,0
1107,100000,620
1108,100000,0
1109,100000,30
1110,100000,0
1111,100000,400
1112,100000,200
1113,100000,0
1114,100000,260
1115,100000,200
1116,100000,200
1117,100000,0
1118,100000,200
1119,100000,200
1120,100000,0
1121,100000,0
1122,100000,0
1123,100000,0
1124,100000,0
1125,100000,0
1126,100000,240
1127,100000,200
1128,100000,0
1129,100000,200
1130,100000,200
1131,100000,200
1132,100000,200
1133,100000,0
1134,100000,200
1135,100000,200
1136,100000,230
1137,100000,0
1138,100000,200
1139,100000,200
1140,100000,480
1141,100000,200
1142,100000,200
1143,100000,250
1144,100000,400
1145,100000,200
1146,100000,200
1147,100000,200
1148,100000,200
1149,100000,200
1150,100000,0
1151,100000,0
1152,100000,0
1153,100000,200
1154,100000,0
1155,100000,50
1156,100000,0
1157,100000,200
1158,100000,0
1159,100000,0
1160,100000,0
1161,100000,200
1162,100000,200
1163,100000,0
1164,100000,0
1165,100000,0
1166,100000,200
1167,100000,120
1168,100000,0
1169,100000,160
1170,100000,400
1171,100000,0
1172,100000,0
1173,100000,400
1174,100000,200
1175,100000,0
1176,100000,0
1177,100000,0
1178,100000,0
1179,100000,200
1180,100000,200
1181,100000,400
1182,100000,400
1183,100000,200
1184,100000,0
1185,100000,200
1186,100000,200
1187,100000,0
1188,100000,200
1189,100000,200
1190,100000,0
1191,100000,200
1192,100000,200
1193,100000,200
1194,100000,200
1195,100000,260
1196,100000,0
1197,100000,200
1198,100000,0
1199,100000,0
1200,100000,0
1201,100000,0
1202,100000,0
1203,100000,200
1204,100000,250
1205,100000,0
1206,100000,200
1207,100000,0
1208,100000,0
1209,100000,200
1210,100000,0
1211,100000,200
1212,100000,0
1213,100000,0
1214,100000,200
1215,100000,0
1216,100000,0
1217,100000,0
1218,100000,400
1219,100000,200
1220,100000,200
1221,100000,650
1222,100000,0
1223,100000,0
1224,100000,200
1225,100000,200
1226,100000,320
1227,100000,0
1228,100000,600
1229,100000,0
1230,100000,0
1231,100000,0
1232,100000,60
1233,100000,400
1234,100000,200
1235,100000,0
1236,100000,0
1237,100000,0
1238,100000,0
1239,100000,200
1240,100000,200
1241,100000,0
1242,100000,0
1243,100000,0
1244,100000,200
1245,100000,0
1246,100000,0
1247,100000,0
1248,100000,0
1249,100000,200
1250,100000,0
1251,100000,200
1252,100000,250
1253,100000,0
1254,100000,50
1255,100000,230
1256,100000,200
1257,100000,200
1258,100000,0
1259,100000,0
1260,100000,0
1261,100000,0
1262,100000,0
1263,100000,400
1264,100000,0
1265,100000,450
1266,100000,0
1267,100000,0
1268,100000,110
1269,100000,0
1270,100000,0
1271,100000,200
1272,100000,400
1273,100000,60
1274,100000,80
1275,100000,50
1276,100000,0
1277,100000,200
1278,100000,500
1279,100000,0
1280,100000,0
1281,100000,200
1282,100000,0
1283,100000,0
1284,100000,200
1285,100000,200
1286,100000,0
1287,100000,0
1288,100000,200
1289,100000,200
1290,100000,120
1291,100000,0
1292,100000,200
1293,100000,200
1294,100000,0
1295,100000,0
1296,100000,200
1297,100000,0
1298,100000,0
1299,100000,200
1300,100000,0
1301,100000,400
1302,100000,0
1303,100000,0
1304,100000,0
1305,100000,30
1306,100000,200
1307,100000,200
1308,100000,0
1309,100000,200
1310,100000,400
1311,100000,200
1312,100000,0
1313,100000,30
1314,100000,200
1315,100000,0
1316,100000,200
1317,100000,200
1318,100000,200
1319,100000,0
1320,100000,0
1321,100000,600
1322,100000,200
1323,100000,0
1324,100000,40
1325,100000,460
1326,100000,280
1327,100000,200
1328,100000,0
1329,100000,400
1330,100000,200
1331,100000,400
1332,100000,200
1333,100000,400
1334,100000,0
1335,100000,0
1336,100000,200
1337,100000,200
1338,100000,0
1339,100000,200
1340,100000,200
1341,100000,200
1342,100000,400
1343,100000,60
1344,100000,50
1345,100000,200
1346,100000,0
1347,100000,0
1348,100000,0
1349,100000,0
1350,100000,0
1351,100000,600
1352,100000,0
1353,100000,0
1354,100000,250
1355,100000,200
1356,100000,120
1357,100000,400
1358,100000,50
1359,100000,200
1360,100000,0
1361,100000,0
1362,100000,400
1363,100000,0
1364,100000,440
1365,100000,400
1366,100000,0
1367,100000,0
1368,100000,0
1369,100000,200
1370,100000,0
1371,100000,0
1372,100000,0
1373,100000,600
1374,100000,400
1375,100000,400
1376,100000,400
1377,100000,200
1378,100000,120
1379,100000,0
1380,100000,150
1381,100000,0
1382,100000,200
1383,100000,0
1384,100000,0
1385,100000,0
1386,100000,0
1387,100000,200
1388,100000,200
1389,100000,200
1390,100000,0
1391,100000,200
1392,100000,0
1393,100000,0
1394,100000,200
1395,100000,200
1396,100000,0
1397,100000,280
1398,100000,200
1399,100000,200
1400,100000,200
1401,100000,200
1402,100000,0
1403,100000,200
1404,100000,400
1405,100000,0
1406,100000,50
1407,100000,0
1408,100000,150
1409,100000,0
1410,100000,0
1411,100000,0
1412,100000,0
1413,100000,160
1414,100000,360
1415,100000,600
1416,100000,200
1417,100000,0
1418,100000,0
1419,100000,200
1420,100000,0
1421,100000,200
1422,100000,0
1423,100000,0
1424,100000,0
1425,100000,0
1426,100000,400
1427,100000,200
1428,100000,200
1429,100000,200
1430,100000,200
1431,100000,200
1432,100000,200
1433,100000,200
1434,100000,200
1435,100000,0
1436,100000,0
1437,100000,0
1438,100000,0
1439,100000,200
1440,100000,0
1441,100000,0
1442,100000,0
1443,100000,0
1444,100000,0
1445,100000,0
1446,100000,200
1447,100000,0
1448,100000,0
1449,100000,200
1450,100000,0
1451,100000,200
1452,100000,0
1453,100000,0
1454,100000,0
1455,100000,0
1456,100000,200
1457,100000,0
1458,100000,0
1459,100000,200
1460,100000,0
1461,100000,0
1462,100000,0
1463,100000,0
1464,100000,0
1465,100000,280
1466,100000,0
1467,100000,400
1468,100000,200
1469,100000,0
1470,100000,200
1471,100000,0
1472,100000,0
1473,100000,200
1474,100000,0
1475,100000,200
1476,100000,0
1477,100000,200
1478,100000,200
1479,100000,200
1480,100000,400
1481,100000,0
1482,100000,200
1483,100000,0
1484,100000,0
1485,100000,400
1486,100000,0
1487,100000,200
1488,100000,200
1489,100000,0
1490,100000,400
1491,100000,0
1492,100000,0
1493,100000,200
1494,100000,400
1495,100000,200
1496,100000,200
1497,100000,0
1498,100000,400
1499,100000,400
1500,100000,0
1501,100000,0
1502,100000,0
1503,100000,320
1504,100000,0
1505,100000,0
1506,100000,200
1507,100000,0
1508,100000,0
1509,100000,200
1510,100000,0
1511,100000,200
1512,100000,400
1513,100000,0
1514,100000,0
1515,100000,0
1516,100000,200
1517,100000,200
1518,100000,200
1519,100000,200
1520,100000,0
1521,100000,200
1522,100000,400
1523,100000,200
1524,100000,0
1525,100000,0
1526,100000,0
1527,100000,0
1528,100000,150
1529,100000,200
1530,100000,0
1531,100000,0
1532,100000,0
1533,100000,200
1534,100000,0
1535,100000,200
1536,100000,200
1537,100000,0
1538,100000,0
1539,100000,200
1540,100000,0
1541,100000,0
1542,100000,0
1543,100000,0
1544,100000,200
1545,100000,260
1546,100000,0
1547,100000,0
1548,100000,200
1549,100000,200
1550,100000,0
1551,100000,400
1552,100000,0
1553,100000,0
1554,100000,0
1555,100000,0
1556,100000,0
1557,100000,0
1558,100000,400
1559,100000,0
1560,100000,400
1561,100000,200
1562,100000,0
1563,100000,200
1564,100000,0
1565,100000,200
1566,100000,200
1567,100000,0
1568,100000,0
1569,100000,250
1570,100000,200
1571,100000,0
1572,100000,200
1573,100000,400
1574,100000,200
1575,100000,0
1576,100000,0
1577,100000,600
1578,100000,0
1579,100000,200
1580,100000,200
1581,100000,0
1582,100000,0
1583,100000,0
1584,100000,0
1585,100000,200
1586,100000,0
1587,100000,200
1588,100000,0
1589,100000,200
1590,100000,200
1591,100000,0
1592,100000,400
1593,100000,200
1594,100000,400
1595,100000,200
1596,100000,200
1597,100000,200
1598,100000,200
1599,100000,400
1600,100000,0
1601,100000,0
1602,100000,200
1603,100000,0
1604,100000,0
1605,100000,200
1606,100000,0
1607,100000,0
1608,100000,600
1609,100000,260
1610,100000,0
1611,100000,200
1612,100000,200
1613,100000,0
1614,100000,0
1615,100000,0
1616,100000,400
1617,100000,400
1618,100000,200
1619,100000,0
1620,100000,200
1621,100000,400
1622,100000,0
1623,100000,0
1624,100000,0
1625,100000,0
1626,100000,0
1627,100000,0
1628,100000,200
1629,100000,0
1630,100000,0
1631,100000,60
1632,100000,0
1633,100000,400
1634,100000,0
1635,100000,200
1636,100000,200
1637,100000,200
1638,100000,0
1639,100000,200
1640,100000,0
1641,100000,200
1642,100000,200
1643,100000,0
1644,100000,300
1645,100000,0
1646,100000,0
1647,100000,0
1648,100000,400
1649,100000,400
1650,100000,0
1651,100000,300
1652,100000,200
1653,100000,360
1654,100000,600
1655,100000,0
1656,100000,0
1657,100000,0
1658,100000,0
1659,100000,440
1660,100000,450
1661,100000,0
1662,100000,0
1663,100000,200
1664,100000,0
1665,100000,200
1666,100000,200
1667,100000,400
1668,100000,0
1669,100000,200
1670,100000,0
1671,100000,520
1672,100000,800
1673,100000,0
1674,100000,0
1675,100000,0
1676,100000,0
1677,100000,400
1678,100000,0
1679,100000,200
1680,100000,200
1681,100000,400
1682,100000,0
1683,100000,0
1684,100000,0
1685,100000,200
1686,100000,280
1687,100000,0
1688,100000,80
1689,100000,0
1690,100000,200
1691,100000,0
1692,100000,0
1693,100000,200
1694,100000,0
1695,100000,0
1696,100000,0
1697,100000,250
1698,100000,0
1699,100000,200
1700,100000,0
1701,100000,200
1702,100000,200
1703,100000,0
1704,100000,0
1705,100000,0
1706,100000,0
1707,100000,0
1708,100000,40
1709,100000,0
1710,100000,200
1711,100000,0
1712,100000,0
1713,100000,200
1714,100000,0
1715,100000,0
1716,100000,0
1717,100000,0
1718,100000,200
1719,100000,200
1720,100000,200
1721,100000,0
1722,100000,280
1723,100000,200
1724,100000,0
1725,100000,0
1726,100000,60
1727,100000,600
1728,100000,400
1729,100000,200
1730,100000,0
1731,100000,0
1732,100000,200
1733,100000,200
1734,100000,0
1735,100000,100
1736,100000,200
1737,100000,200
1738,100000,0
1739,100000,100
1740,100000,0
1741,100000,0
1742,100000,200
1743,100000,0
1744,100000,200
1745,100000,0
1746,100000,200
1747,100000,0
1748,100000,0
1749,100000,200
1750,100000,400
1751,100000,200
1752,100000,200
1753,100000,120
1754,100000,400
1755,100000,0
1756,100000,400
1757,100000,0
1758,100000,160
1759,100000,0
1760,100000,260
1761,100000,200
1762,100000,0
1763,100000,0
1764,100000,0
1765,100000,0
1766,100000,200
1767,100000,200
1768,100000,0
1769,100000,0
1770,100000,90
1771,100000,0
1772,100000,400
1773,100000,0
1774,100000,200
1775,100000,200
1776,100000,200
1777,100000,200
1778,100000,400
1779,100000,400
1780,100000,0
1781,100000,0
1782,100000,0
1783,100000,400
1784,100000,200
1785,100000,200
1786,100000,0
1787,100000,200
1788,100000,200
1789,100000,0
1790,100000,0
1791,100000,200
1792,100000,400
1793,100000,200
1794,100000,200
1795,100000,0
1796,100000,200
1797,100000,0
1798,100000,400
1799,100000,0
1800,100000,0
1801,100000,30
1802,100000,200
1803,100000,400
1804,100000,0
1805,100000,200
1806,100000,0
1807,100000,400
1808,100000,0
1809,100000,0
1810,100000,0
1811,100000,0
1812,100000,0
1813,100000,0
1814,100000,0
1815,100000,0
1816,100000,0
1817,100000,200
1818,100000,200
1819,100000,0
1820,100000,400
1821,100000,0
1822,100000,0
1823,100000,0
1824,100000,0
1825,100000,0
1826,100000,0
1827,100000,0
1828,100000,200
1829,100000,200
1830,100000,0
1831,100000,50
1832,100000,0
1833,100000,0
1834,100000,400
1835,100000,0
1836,100000,200
1837,100000,200
1838,100000,400
1839,100000,0
1840,100000,200
1841,100000,200
1842,100000,0
1843,100000,0
1844,100000,90
1845,100000,200
1846,100000,100
1847,100000,80
1848,100000,0
1849,100000,0
1850,100000,200
1851,100000,0
1852,100000,0
1853,100000,150
1854,100000,0
1855,100000,200
1856,100000,0
1857,100000,0
1858,100000,400
1859,100000,40
1860,100000,200
1861,100000,0
1862,100000,280
1863,100000,0
1864,100000,0
1865,100000,200
1866,100000,0
1867,100000,200
1868,100000,0
1869,100000,0
1870,100000,0
1871,100000,320
1872,100000,0
1873,100000,200
1874,100000,200
1875,100000,240
1876,100000,200
1877,100000,400
1878,100000,400
1879,100000,0
1880,100000,200
1881,100000,0
1882,100000,120
1883,100000,200
1884,100000,200
1885,100000,0
1886,100000,400
1887,100000,400
1888,100000,0
1889,100000,400
1890,100000,200
1891,100000,400
1892,100000,200
1893,100000,200
1894,100000,0
1895,100000,0
1896,100000,0
1897,100000,0
1898,100000,400
1899,100000,0
1900,100000,400
1901,100000,0
1902,100000,400
1903,100000,200
1904,100000,0
1905,100000,200
1906,100000,0
1907,100000,220
1908,100000,0
1909,100000,400
1910,100000,0
1911,100000,0
1912,100000,200
1913,100000,200
1914,100000,0
1915,100000,200
1916,100000,400
1917,100000,0
1918,100000,200
1919,100000,0
1920,100000,250
1921,100000,0
1922,100000,200
1923,100000,0
1924,100000,0
1925,100000,0
1926,100000,200
1927,100000,200
1928,100000,0
1929,100000,200
1930,100000,0
1931,100000,400
1932,100000,200
1933,100000,0
1934,100000,200
1935,100000,0
1936,100000,0
1937,100000,0
1938,100000,450
1939,100000,0
1940,100000,600
1941,100000,0
1942,100000,300
1943,100000,0
1944,100000,400
1945,100000,0
1946,100000,400
1947,100000,200
1948,100000,200
1949,100000,200
1950,100000,0
1951,100000,0
1952,100000,0
1953,100000,0
1954,100000,200
1955,100000,200
1956,100000,200
1957,100000,400
1958,100000,0
1959,100000,240
1960,100000,200
1961,100000,0
1962,100000,0
1963,100000,0
1964,100000,0
1965,100000,0
1966,100000,0
1967,100000,0
1968,100000,300
1969,100000,200
1970,100000,0
1971,100000,200
1972,100000,0
1973,100000,200
1974,100000,160
1975,100000,0
1976,100000,280
1977,100000,60
1978,100000,400
1979,100000,0
1980,100000,250
1981,100000,200
1982,100000,0
1983,100000,200
1984,100000,200
1985,100000,0
1986,100000,0
1987,100000,0
1988,100000,200
1989,100000,200
1990,100000,0
1991,100000,200
1992,100000,0
1993,100000,80
1994,100000,400
1995,100000,160
1996,100000,0
1997,100000,0
1998,100000,200
1999,100000,60
2000,100000,400
2001,100000,200
2002,100000,200
2003,100000,200
2004,100000,200
2005,100000,0
2006,100000,0
2007,100000,200
2008,100000,200
2009,100000,0
2010,100000,0
2011,100000,40
2012,100000,0
2013,100000,0
2014,100000,0
2015,100000,200
2016,100000,0
2017,100000,200
2018,100000,400
2019,100000,200
2020,100000,200
2021,100000,100
2022,100000,200
2023,100000,400
2024,100000,0
2025,100000,300
2026,100000,200
2027,100000,200
2028,100000,0
2029,100000,360
2030,100000,400
2031,100000,200
2032,100000,0
2033,100000,200
2034,100000,0
2035,100000,0
2036,100000,200
2037,100000,0
2038,100000,400
2039,100000,400
2040,100000,0
2041,100000,0
2042,100000,370
2043,100000,0
2044,100000,760
2045,100000,0
2046,100000,0
2047,100000,0
2048,100000,0
2049,100000,450
2050,100000,0
2051,100000,0
2052,100000,200
2053,100000,0
2054,100000,0
2055,100000,150
2056,100000,600
2057,100000,0
2058,100000,0
2059,100000,200
2060,100000,250
2061,100000,0
2062,100000,200
2063,100000,200
2064,100000,0
2065,100000,200
2066,100000,200
2067,100000,0
2068,100000,0
2069,100000,200
2070,100000,0
2071,100000,0
2072,100000,0
2073,100000,200
2074,100000,200
2075,100000,40
2076,100000,200
2077,100000,200
2078,100000,600
2079,100000,200
2080,100000,0
2081,100000,0
2082,100000,0
2083,100000,0
2084,100000,200
2085,100000,0
2086,100000,80
2087,100000,0
2088,100000,0
2089,100000,0
2090,100000,0
2091,100000,0
2092,100000,200
2093,100000,200
2094,100000,0
2095,100000,0
2096,100000,0
2097,100000,400
2098,100000,0
2099,100000,0
2100,100000,200
2101,100000,200
2102,100000,0
2103,100000,0
2104,100000,0
2105,100000,400
2106,100000,200
2107,100000,0
2108,100000,200
2109,100000,0
2110,100000,0
2111,100000,0
2112,100000,200
2113,100000,0
2114,100000,0
2115,100000,200
2116,100000,0
2117,100000,400
2118,100000,200
2119,100000,0
2120,100000,500
2121,100000,400
2122,100000,0
2123,100000,200
2124,100000,0
2125,100000,200
2126,100000,400
2127,100000,0
2128,100000,0
2129,100000,0
2130,100000,60
2131,100000,200
2132,100000,80
2133,100000,0
2134,100000,0
2135,100000,400
2136,100000,200
2137,100000,0
2138,100000,0
2139,100000,600
2140,100000,200
2141,100000,200
2142,100000,0
2143,100000,0
2144,100000,200
2145,100000,230
2146,100000,0
2147,100000,0
2148,100000,0
2149,100000,400
2150,100000,200
2151,100000,0
2152,100000,200
2153,100000,200
2154,100000,400
2155,100000,0
2156,100000,0
2157,100000,200
2158,100000,0
2159,100000,200
2160,100000,200
2161,100000,480
2162,100000,0
2163,100000,0
2164,100000,0
2165,100000,200
2166,100000,0
2167,100000,0
2168,100000,0
2169,100000,200
2170,100000,0
2171,100000,240
2172,100000,200
2173,100000,200
2174,100000,170
2175,100000,0
2176,100000,0
2177,100000,260
2178,100000,240
2179,100000,0
2180,100000,0
2181,100000,260
2182,100000,0
2183,100000,0
2184,100000,200
2185,100000,200
2186,100000,200
2187,100000,0
2188,100000,0
2189,100000,200
2190,100000,0
2191,100000,0
2192,100000,0
2193,100000,200
2194,100000,0
2195,100000,0
2196,100000,0
2197,100000,280
2198,100000,200
2199,100000,200
2200,100000,200
2201,100000,200
2202,100000,200
2203,100000,0
2204,100000,200
2205,100000,200
2206,100000,0
2207,100000,200
2208,100000,0
2209,100000,0
2210,100000,200
2211,100000,0
2212,100000,200
2213,100000,200
2214,100000,680
2215,100000,0
2216,100000,0
2217,100000,0
2218,100000,200
2219,100000,0
2220,100000,0
2221,100000,200
2222,100000,0
2223,100000,200
2224,100000,400
2225,100000,0
2226,100000,200
2227,100000,200
2228,100000,0
2229,100000,0
2230,100000,200
2231,100000,200
2232,100000,110
2233,100000,200
2234,100000,0
2235,100000,0
2236,100000,200
2237,100000,0
2238,100000,400
2239,100000,0
2240,100000,650
2241,100000,200
2242,100000,0
2243,100000,0
2244,100000,0
2245,100000,0
2246,100000,150
2247,100000,0
2248,100000,0
2249,100000,0
2250,100000,500
2251,100000,0
2252,100000,80
2253,100000,200
2254,100000,200
2255,100000,200
2256,100000,80
2257,100000,400
2258,100000,200
2259,100000,400
2260,100000,0
2261,100000,400
2262,100000,0
2263,100000,0
2264,100000,200
2265,100000,50
2266,100000,0
2267,100000,200
2268,100000,200
2269,100000,400
2270,100000,200
2271,100000,400
2272,100000,0
2273,100000,0
2274,100000,50
2275,100000,200
2276,100000,200
2277,100000,400
2278,100000,0
2279,100000,0
2280,100000,400
2281,100000,0
2282,100000,0
2283,100000,200
2284,100000,0
2285,100000,200
2286,100000,0
2287,100000,200
2288,100000,260
2289,100000,200
2290,100000,200
2291,100000,0
2292,100000,0
2293,100000,600
2294,100000,200
2295,100000,200
2296,100000,200
2297,100000,200
2298,100000,0
2299,100000,110
2300,100000,0
2301,100000,0
2302,100000,0
2303,100000,0
2304,100000,200
2305,100000,400
2306,100000,0
2307,100000,200
2308,100000,400
2309,100000,0
2310,100000,200
2311,100000,0
2312,100000,0
2313,100000,30
2314,100000,0
2315,100000,200
2316,100000,0
2317,100000,0
2318,100000,200
2319,100000,0
2320,100000,0
2321,100000,200
2322,100000,350
2323,100000,200
2324,100000,600
2325,100000,200
2326,100000,0
2327,100000,650
2328,100000,0
2329,100000,200
2330,100000,400
2331,100000,370
2332,100000,0
2333,100000,240
2334,100000,400
2335,100000,200
2336,100000,30
2337,100000,200
2338,100000,400
2339,100000,40
2340,100000,0
2341,100000,0
2342,100000,200
2343,100000,100
2344,100000,0
2345,100000,200
2346,100000,400
2347,100000,150
2348,100000,600
2349,100000,200
2350,100000,0
2351,100000,200
2352,100000,400
2353,100000,0
2354,100000,420
2355,100000,0
2356,100000,0
2357,100000,400
2358,100000,200
2359,100000,200
2360,100000,200
2361,100000,0
2362,100000,200
2363,100000,0
2364,100000,200
2365,100000,0
2366,100000,200
2367,100000,200
2368,100000,400
2369,100000,0
2370,100000,200
2371,100000,0
2372,100000,0
2373,100000,0
2374,100000,120
2375,100000,200
2376,100000,280
2377,100000,400
2378,100000,400
2379,100000,200
2380,100000,0
2381,100000,0
2382,100000,200
2383,100000,600
2384,100000,530
2385,100000,200
2386,100000,0
2387,100000,400
2388,100000,400
2389,100000,0
2390,100000,400
2391,100000,0
2392,100000,0
2393,100000,0
2394,100000,200
2395,100000,0
2396,100000,80
2397,100000,400
2398,100000,400
2399,100000,0
2400,100000,0
2401,100000,200
2402,100000,0
2403,100000,50
2404,100000,280
2405,100000,200
2406,100000,0
2407,100000,0
2408,100000,0
2409,100000,200
2410,100000,0
2411,100000,40
2412,100000,200
2413,100000,0
2414,100000,0
2415,100000,0
2416,100000,0
2417,100000,400
2418,100000,400
2419,100000,400
2420,100000,0
2421,100000,200
2422,100000,250
2423,100000,0
2424,100000,200
2425,100000,0
2426,100000,200
2427,100000,200
2428,100000,200
2429,100000,200
2430,100000,200
2431,100000,200
2432,100000,0
2433,100000,0
2434,100000,400
2435,100000,200
2436,100000,0
2437,100000,200
2438,100000,0
2439,100000,0
2440,100000,200
2441,100000,0
2442,100000,200
2443,100000,200
2444,100000,200
2445,100000,30
2446,100000,200
2447,100000,200
2448,100000,200
2449,100000,120
2450,100000,200
2451,100000,0
2452,100000,0
2453,100000,0
2454,100000,200
2455,100000,200
2456,100000,0
2457,100000,0
2458,100000,80
2459,100000,0
2460,100000,400
2461,100000,400
2462,100000,0
2463,100000,0
2464,100000,200
2465,100000,400
2466,100000,0
2467,100000,0
2468,100000,0
2469,100000,0
2470,100000,200
2471,100000,200
2472,100000,0
2473,100000,260
2474,100000,50
2475,100000,0
2476,100000,200
2477,100000,0
2478,100000,0
2479,100000,0
2480,100000,200
2481,100000,200
2482,100000,200
2483,100000,400
2484,100000,200
2485,100000,30
2486,100000,400
2487,100000,200
2488,100000,400
2489,100000,200
2490,100000,200
2491,100000,200
2492,100000,0
2493,100000,0
2494,100000,0
2495,100000,0
2496,100000,0
2497,100000,0
2498,100000,200
2499,100000,0
2500,100000,0
2501,100000,200
2502,100000,200
2503,100000,0
2504,100000,200
2505,100000,200
2506,100000,600
2507,100000,0
2508,100000,0
2509,100000,200
2510,100000,280
2511,100000,200
2512,100000,200
2513,100000,200
2514,100000,0
2515,100000,200
2516,100000,400
2517,100000,0
2518,100000,0
2519,100000,0
2520,100000,200
2521,100000,0
2522,100000,250
2523,100000,50
2524,100000,0
2525,100000,400
2526,100000,0
2527,100000,0
2528,100000,0
2529,100000,560
2530,100000,0
2531,100000,200
2532,100000,200
2533,100000,200
2534,100000,300
2535,100000,200
2536,100000,0
2537,100000,200
2538,100000,30
2539,100000,0
2540,100000,0
2541,100000,200
2542,100000,200
2543,100000,280
2544,100000,200
2545,100000,200
2546,100000,200
2547,100000,0
2548,100000,200
2549,100000,0
2550,100000,200
2551,100000,0
2552,100000,200
2553,100000,40
2554,100000,200
2555,100000,0
2556,100000,200
2557,100000,0
2558,100000,200
2559,100000,400
2560,100000,400
2561,100000,200
2562,100000,0
2563,100000,0
2564,100000,0
2565,100000,400
2566,100000,0
2567,100000,400
2568,100000,200
2569,100000,0
2570,100000,200
2571,100000,200
2572,100000,400
2573,100000,400
2574,100000,200
2575,100000,0
2576,100000,200
2577,100000,200
2578,100000,0
2579,100000,200
2580,100000,400
2581,100000,0
2582,100000,400
2583,100000,0
2584,100000,0
2585,100000,400
2586,100000,300
2587,100000,260
2588,100000,0
2589,100000,200
2590,100000,0
2591,100000,260
2592,100000,400
2593,100000,0
2594,100000,0
2595,100000,0
2596,100000,200
2597,100000,200
2598,100000,550
2599,100000,200
2600,100000,0
2601,100000,0
2602,100000,260
2603,100000,200
2604,100000,0
2605,100000,400
2606,100000,200
2607,100000,200
2608,100000,0
2609,100000,400
2610,100000,400
2611,100000,0
2612,100000,200
2613,100000,0
2614,100000,200
2615,100000,0
2616,100000,200
2617,100000,200
2618,100000,200
2619,100000,350
2620,100000,200
2621,100000,200
2622,100000,0
2623,100000,600
2624,100000,500
2625,100000,200
2626,100000,200
2627,100000,200
2628,100000,0
2629,100000,200
2630,100000,0
2631,100000,0
2632,100000,0
2633,100000,200
2634,100000,400
2635,100000,200
2636,100000,400
2637,100000,600
2638,100000,0
2639,100000,200
2640,100000,200
2641,100000,200
2642,100000,400
2643,100000,0
2644,100000,200
2645,100000,200
2646,100000,0
2647,100000,0
2648,100000,400
2649,100000,200
2650,100000,400
2651,100000,0
2652,100000,0
2653,100000,200
2654,100000,60
2655,100000,0
2656,100000,0
2657,100000,200
2658,100000,0
2659,100000,200
2660,100000,200
2661,100000,200
2662,100000,0
2663,100000,200
2664,100000,200
2665,100000,200
2666,100000,200
2667,100000,200
2668,100000,400
2669,100000,200
2670,100000,400
2671,100000,0
2672,100000,200
2673,100000,400
2674,100000,0
2675,100000,400
2676,100000,200
2677,100000,400
2678,100000,200
2679,100000,600
2680,100000,400
2681,100000,0
2682,100000,400
2683,100000,0
2684,100000,0
2685,100000,200
2686,100000,400
2687,100000,0
2688,100000,120
2689,100000,400
2690,100000,0
2691,100000,200
2692,100000,200
2693,100000,450
2694,100000,0
2695,100000,0
2696,100000,0
2697,100000,0
2698,100000,400
2699,100000,400
2700,100000,200
2701,100000,0
2702,100000,0
2703,100000,80
2704,100000,0
2705,100000,0
2706,100000,400
2707,100000,0
2708,100000,200
2709,100000,30
2710,100000,0
2711,100000,200
2712,100000,0
2713,100000,40
2714,100000,400
2715,100000,200
2716,100000,200
2717,100000,280
2718,100000,400
2719,100000,200
2720,100000,200
2721,100000,200
2722,100000,200
2723,100000,200
2724,100000,0
2725,100000,0
2726,100000,120
2727,100000,200
2728,100000,0
2729,100000,200
2730,100000,600
2731,100000,0
2732,100000,200
2733,100000,0
2734,100000,300
2735,100000,200
2736,100000,400
2737,100000,200
2738,100000,200
2739,100000,0
2740,100000,0
2741,100000,0
2742,100000,0
2743,100000,200
2744,100000,0
2745,100000,200
2746,100000,0
2747,100000,0
2748,100000,200
2749,100000,0
2750,100000,400
2751,100000,0
2752,100000,0
2753,100000,0
2754,100000,0
2755,100000,0
2756,100000,160
2757,100000,0
2758,100000,200
2759,100000,200
2760,100000,150
2761,100000,480
2762,100000,0
2763,100000,200
2764,100000,400
2765,100000,0
2766,100000,200
2767,100000,0
2768,100000,0
2769,100000,200
2770,100000,0
2771,100000,0
2772,100000,250
2773,100000,0
2774,100000,400
2775,100000,200
2776,100000,250
2777,100000,0
2778,100000,400
2779,100000,50
2780,100000,0
2781,100000,0
2782,100000,0
2783,100000,0
2784,100000,0
2785,100000,0
2786,100000,0
2787,100000,230
2788,100000,0
2789,100000,0
2790,100000,0
2791,100000,450
2792,100000,200
2793,100000,200
2794,100000,200
2795,100000,0
2796,100000,0
2797,100000,0
2798,100000,0
2799,100000,200
2800,100000,200
2801,100000,200
2802,100000,0
2803,100000,0
2804,100000,200
2805,100000,0
2806,100000,200
2807,100000,400
2808,100000,0
2809,100000,30
2810,100000,0
2811,100000,200
2812,100000,0
2813,100000,0
2814,100000,0
2815,100000,400
2816,100000,0
2817,100000,400
2818,100000,200
2819,100000,0
2820,100000,0
2821,100000,520
2822,100000,0
2823,100000,0
2824,100000,200
2825,100000,0
2826,100000,200
2827,100000,400
2828,100000,450
2829,100000,200
2830,100000,200
2831,100000,0
2832,100000,280
2833,100000,200
2834,100000,0
2835,100000,0
2836,100000,0
2837,100000,0
2838,100000,200
2839,100000,200
2840,100000,0
2841,100000,0
2842,100000,30
2843,100000,0
2844,100000,0
2845,100000,0
2846,100000,0
2847,100000,40
2848,100000,0
2849,100000,0
2850,100000,0
2851,100000,120
2852,100000,0
2853,100000,400
2854,100000,200
2855,100000,200
2856,100000,200
2857,100000,200
2858,100000,0
2859,100000,0
2860,100000,0
2861,100000,0
2862,100000,200
2863,100000,200
2864,100000,0
2865,100000,200
2866,100000,0
2867,100000,0
2868,100000,200
2869,100000,0
2870,100000,0
2871,100000,200
2872,100000,0
2873,100000,400
2874,100000,0
2875,100000,400
2876,100000,200
2877,100000,0
2878,100000,0
2879,100000,0
2880,100000,200
2881,100000,350
2882,100000,400
2883,100000,200
2884,100000,200
2885,100000,0
2886,100000,200
2887,100000,160
2888,100000,400
2889,100000,300
2890,100000,200
2891,100000,400
2892,100000,200
2893,100000,0
2894,100000,250
2895,100000,0
2896,100000,200
2897,100000,200
2898,100000,40
2899,100000,200
2900,100000,340
2901,100000,60
2902,100000,200
2903,100000,0
2904,100000,200
2905,100000,200
2906,100000,200
2907,100000,400
2908,100000,400
2909,100000,200
2910,100000,240
2911,100000,250
2912,100000,200
2913,100000,400
2914,100000,0
2915,100000,0
2916,100000,0
2917,100000,0
2918,100000,0
2919,100000,200
2920,100000,650
2921,100000,200
2922,100000,200
2923,100000,200
2924,100000,120
2925,100000,0
2926,100000,0
2927,100000,200
2928,100000,200
2929,100000,0
2930,100000,200
2931,100000,200
2932,100000,200
2933,100000,200
2934,100000,0
2935,100000,200
2936,100000,0
2937,100000,0
2938,100000,200
2939,100000,0
2940,100000,300
2941,100000,0
2942,100000,200
2943,100000,0
2944,100000,0
2945,100000,200
2946,100000,400
2947,100000,200
2948,100000,200
2949,100000,200
2950,100000,680
2951,100000,0
2952,100000,0
2953,100000,400
2954,100000,200
2955,100000,400
2956,100000,0
2957,100000,400
2958,100000,0
2959,100000,0
2960,100000,200
2961,100000,0
2962,100000,0
2963,100000,0
2964,100000,400
2965,100000,0
2966,100000,200
2967,100000,200
2968,100000,50
2969,100000,80
2970,100000,400
2971,100000,40
2972,100000,0
2973,100000,280
2974,100000,0
2975,100000,0
2976,100000,200
2977,100000,0
2978,100000,280
2979,100000,200
2980,100000,200
2981,100000,0
2982,100000,0
2983,100000,0
2984,100000,200
2985,100000,400
2986,100000,200
2987,100000,0
2988,100000,0
2989,100000,200
2990,100000,0
2991,100000,0
2992,100000,200
2993,100000,0
2994,100000,0
2995,100000,200
2996,100000,0
2997,100000,0
2998,100000,0
2999,100000,200
3000,100000,600
3001,100000,0
3002,100000,200
3003,100000,200
3004,100000,200
3005,100000,200
3006,100000,200
3007,100000,0
3008,100000,200
3009,100000,0
3010,100000,230
3011,100000,0
3012,100000,0
3013,100000,250
3014,100000,0
3015,100000,200
3016,100000,0
3017,100000,0
3018,100000,200
3019,100000,0
3020,100000,0
3021,100000,400
3022,100000,200
3023,100000,0
3024,100000,250
3025,100000,0
3026,100000,80
3027,100000,0
3028,100000,400
3029,100000,0
3030,100000,200
3031,100000,400
3032,100000,400
3033,100000,450
3034,100000,200
3035,100000,200
3036,100000,0
3037,100000,0
3038,100000,0
3039,100000,200
3040,100000,200
3041,100000,600
3042,100000,0
3043,100000,200
3044,100000,200
3045,100000,30
3046,100000,400
3047,100000,0
3048,100000,0
3049,100000,400
3050,100000,400
3051,100000,400
3052,100000,200
3053,100000,200
3054,100000,200
3055,100000,0
3056,100000,0
3057,100000,0
3058,100000,0
3059,100000,0
3060,100000,0
3061,100000,120
3062,100000,400
3063,100000,400
3064,100000,0
3065,100000,200
3066,100000,200
3067,100000,400
3068,100000,0
3069,100000,0
3070,100000,0
3071,100000,0
3072,100000,200
3073,100000,200
3074,100000,0
3075,100000,0
3076,100000,0
3077,100000,0
3078,100000,400
3079,100000,200
3080,100000,400
3081,100000,0
3082,100000,0
3083,100000,200
3084,100000,400
3085,100000,200
3086,100000,0
3087,100000,200
3088,100000,200
3089,100000,200
3090,100000,0
3091,100000,120
3092,100000,0
3093,100000,200
3094,100000,0
3095,100000,0
3096,100000,30
3097,100000,600
3098,100000,260
3099,100000,600
3100,100000,0
3101,100000,0
3102,100000,0
3103,100000,50
3104,100000,200
3105,100000,200
3106,100000,200
3107,100000,0
3108,100000,0
3109,100000,400
3110,100000,200
3111,100000,200
3112,100000,0
3113,100000,200
3114,100000,200
3115,100000,0
3116,100000,0
3117,100000,0
3118,100000,200
3119,100000,0
3120,100000,0
3121,100000,200
3122,100000,200
3123,100000,0
3124,100000,200
3125,100000,370
3126,100000,0
3127,100000,0
3128,100000,200
3129,100000,400
3130,100000,0
3131,100000,0
3132,100000,200
3133,100000,0
3134,100000,600
3135,100000,320
3136,100000,200
3137,100000,50
3138,100000,310
3139,100000,0
3140,100000,200
3141,100000,400
3142,100000,0
3143,100000,200
3144,100000,200
3145,100000,400
3146,100000,200
3147,100000,0
3148,100000,0
3149,100000,0
3150,100000,0
3151,100000,0
3152,100000,0
3153,100000,0
3154,100000,0
3155,100000,0
3156,100000,0
3157,100000,200
3158,100000,200
3159,100000,400
3160,100000,0
3161,100000,400
3162,100000,520
3163,100000,0
3164,100000,200
3165,100000,200
3166,100000,50
3167,100000,200
3168,100000,0
3169,100000,100
3170,100000,400
3171,100000,200
3172,100000,0
3173,100000,50
3174,100000,0
3175,100000,230
3176,100000,400
3177,100000,0
3178,100000,0
3179,100000,0
3180,100000,0
3181,100000,200
3182,100000,0
3183,100000,200
3184,100000,90
3185,100000,200
3186,100000,400
3187,100000,200
3188,100000,200
3189,100000,200
3190,100000,200
3191,100000,0
3192,100000,700
3193,100000,0
3194,100000,50
3195,100000,0
3196,100000,80
3197,100000,0
3198,100000,0
3199,100000,200
3200,100000,400
3201,100000,0
3202,100000,200
3203,100000,200
3204,100000,0
3205,100000,200
3206,100000,200
3207,100000,600
3208,100000,0
3209,100000,0
3210,100000,0
3211,100000,0
3212,100000,200
3213,100000,200
3214,100000,400
3215,100000,200
3216,100000,0
3217,100000,200
3218,100000,0
3219,100000,400
3220,100000,0
3221,100000,400
3222,100000,0
3223,100000,200
3224,100000,600
3225,100000,200
3226,100000,0
3227,100000,0
3228,100000,560
3229,100000,40
3230,100000,200
3231,100000,0
3232,100000,600
3233,100000,0
3234,100000,0
3235,100000,0
3236,100000,340
3237,100000,240
3238,100000,200
3239,100000,0
3240,100000,0
3241,100000,0
3242,100000,0
3243,100000,0
3244,100000,0
3245,100000,0
3246,100000,0
3247,100000,0
3248,100000,0
3249,100000,200
3250,100000,250
3251,100000,0
3252,100000,200
3253,100000,200
3254,100000,0
3255,100000,200
3256,100000,0
3257,100000,0
3258,100000,200
3259,100000,0
3260,100000,0
3261,100000,200
3262,100000,0
3263,100000,0
3264,100000,200
3265,100000,0
3266,100000,50
3267,100000,0
3268,100000,0
3269,100000,200
3270,100000,0
3271,100000,400
3272,100000,0
3273,100000,30
3274,100000,200
3275,100000,200
3276,100000,200
3277,100000,0
3278,100000,0
3279,100000,0
3280,100000,400
3281,100000,0
3282,100000,150
3283,100000,200
3284,100000,0
3285,100000,200
3286,100000,0
3287,100000,0
3288,100000,0
3289,100000,0
3290,100000,320
3291,100000,200
3292,100000,200
3293,100000,400
3294,100000,200
3295,100000,0
3296,100000,0
3297,100000,0
3298,100000,200
3299,100000,0
3300,100000,0
3301,100000,200
3302,100000,0
3303,100000,0
3304,100000,0
3305,100000,200
3306,100000,200
3307,100000,0
3308,100000,0
3309,100000,200
3310,100000,0
3311,100000,200
3312,100000,200
3313,100000,200
3314,100000,200
3315,100000,200
3316,100000,0
3317,100000,200
3318,100000,0
3319,100000,0
3320,100000,80
3321,100000,0
3322,100000,200
3323,100000,0
3324,100000,0
3325,100000,0
3326,100000,200
3327,100000,0
3328,100000,400
3329,100000,80
3330,100000,200
3331,100000,0
3332,100000,0
3333,100000,0
3334,100000,200
3335,100000,200
3336,100000,400
3337,100000,0
3338,100000,0
3339,100000,0
3340,100000,0
3341,100000,0
3342,100000,0
3343,100000,200
3344,100000,0
3345,100000,200
3346,100000,0
3347,100000,0
3348,100000,240
3349,100000,0
3350,100000,200
3351,100000,200
3352,100000,80
3353,100000,200
3354,100000,0
3355,100000,0
3356,100000,230
3357,100000,200
3358,100000,200
3359,100000,0
3360,100000,0
3361,100000,0
3362,100000,200
3363,100000,0
3364,100000,0
3365,100000,200
3366,100000,530
3367,100000,200
3368,100000,200
3369,100000,0
3370,100000,0
3371,100000,0
3372,100000,200
3373,100000,0
3374,100000,200
3375,100000,0
3376,100000,360
3377,100000,0
3378,100000,200
3379,100000,600
3380,100000,200
3381,100000,200
3382,100000,200
3383,100000,0
3384,100000,0
3385,100000,200
3386,100000,0
3387,100000,0
3388,100000,200
3389,100000,200
3390,100000,200
3391,100000,0
3392,100000,0
3393,100000,200
3394,100000,200
3395,100000,0
3396,100000,200
3397,100000,200
3398,100000,200
3399,100000,0
3400,100000,0
3401,100000,0
3402,100000,250
3403,100000,0
3404,100000,0
3405,100000,200
3406,100000,600
3407,100000,400
3408,100000,0
3409,100000,400
3410,100000,200
3411,100000,0
3412,100000,0
3413,100000,240
3414,100000,0
3415,100000,0
3416,100000,80
3417,100000,0
3418,100000,0
3419,100000,0
3420,100000,400
3421,100000,0
3422,100000,0
3423,100000,200
3424,100000,120
3425,100000,0
3426,100000,0
3427,100000,200
3428,100000,0
3429,100000,200
3430,100000,200
3431,100000,200
3432,100000,0
3433,100000,0
3434,100000,0
3435,100000,400
3436,100000,200
3437,100000,200
3438,100000,200
3439,100000,0
3440,100000,0
3441,100000,0
3442,100000,0
3443,100000,0
3444,100000,0
3445,100000,40
3446,100000,200
3447,100000,0
3448,100000,0
3449,100000,200
3450,100000,200
3451,100000,200
3452,100000,450
3453,100000,0
3454,100000,0
3455,100000,0
3456,100000,300
3457,100000,200
3458,100000,200
3459,100000,260
3460,100000,200
3461,100000,0
3462,100000,0
3463,100000,200
3464,100000,0
3465,100000,50
3466,100000,0
3467,100000,200
3468,100000,0
3469,100000,200
3470,100000,0
3471,100000,200
3472,100000,400
3473,100000,200
3474,100000,0
3475,100000,200
3476,100000,0
3477,100000,0
3478,100000,0
3479,100000,0
3480,100000,200
3481,100000,0
3482,100000,0
3483,100000,200
3484,100000,200
3485,100000,200
3486,100000,600
3487,100000,200
3488,100000,400
3489,100000,200
3490,100000,200
3491,100000,0
3492,100000,0
3493,100000,200
3494,100000,400
3495,100000,200
3496,100000,0
3497,100000,0
3498,100000,0
3499,100000,200
3500,100000,200
3501,100000,0
3502,100000,400
3503,100000,0
3504,100000,200
3505,100000,0
3506,100000,0
3507,100000,0
3508,100000,0
3509,100000,200
3510,100000,40
3511,100000,0
3512,100000,0
3513,100000,0
3514,100000,200
3515,100000,0
3516,100000,360
3517,100000,200
3518,100000,200
3519,100000,200
3520,100000,0
3521,100000,0
3522,100000,0
3523,100000,0
3524,100000,30
3525,100000,400
3526,100000,60
3527,100000,200
3528,100000,400
3529,100000,0
3530,100000,200
3531,100000,0
3532,100000,0
3533,100000,200
3534,100000,400
3535,100000,30
3536,100000,0
3537,100000,0
3538,100000,0
3539,100000,0
3540,100000,0
3541,100000,200
3542,100000,200
3543,100000,200
3544,100000,50
3545,100000,200
3546,100000,0
3547,100000,200
3548,100000,0
3549,100000,200
3550,100000,40
3551,100000,0
3552,100000,570
3553,100000,0
3554,100000,200
3555,100000,0
3556,100000,0
3557,100000,0
3558,100000,200
3559,100000,400
3560,100000,0
3561,100000,0
3562,100000,100
3563,100000,0
3564,100000,200
3565,100000,60
3566,100000,200
3567,100000,200
3568,100000,200
3569,100000,0
3570,100000,300
3571,100000,50
3572,100000,400
3573,100000,200
3574,100000,200
3575,100000,200
3576,100000,0
3577,100000,0
3578,100000,0
3579,100000,200
3580,100000,0
3581,100000,200
3582,100000,0
3583,100000,200
3584,100000,200
3585,100000,200
3586,100000,200
3587,100000,600
3588,100000,200
3589,100000,0
3590,100000,0
3591,100000,0
3592,100000,0
3593,100000,200
3594,100000,0
3595,100000,200
3596,100000,0
3597,100000,0
3598,100000,400
3599,100000,0
3600,100000,50
3601,100000,200
3602,100000,200
3603,100000,80
3604,100000,400
3605,100000,200
3606,100000,0
3607,100000,200
3608,100000,0
3609,100000,0
3610,100000,30
3611,100000,200
3612,100000,0
3613,100000,200
3614,100000,0
3615,100000,0
3616,100000,200
3617,100000,30
3618,100000,0
3619,100000,400
3620,100000,0
3621,100000,0
3622,100000,400
3623,100000,200
3624,100000,0
3625,100000,400
3626,100000,200
3627,100000,200
3628,100000,0
3629,100000,260
3630,100000,0
3631,100000,400
3632,100000,200
3633,100000,200
3634,100000,200
3635,100000,0
3636,100000,200
3637,100000,0
3638,100000,200
3639,100000,0
3640,100000,200
3641,100000,200
3642,100000,200
3643,100000,350
3644,100000,120
3645,100000,200
3646,100000,0
3647,100000,0
3648,100000,0
3649,100000,0
3650,100000,0
3651,100000,400
3652,100000,0
3653,100000,0
3654,100000,400
3655,100000,200
3656,100000,200
3657,100000,200
3658,100000,80
3659,100000,200
3660,100000,200
3661,100000,0
3662,100000,200
3663,100000,200
3664,100000,0
3665,100000,200
3666,100000,0
3667,100000,400
3668,100000,0
3669,100000,200
3670,100000,400
3671,100000,0
3672,100000,200
3673,100000,0
3674,100000,200
3675,100000,200
3676,100000,0
3677,100000,400
3678,100000,0
3679,100000,80
3680,100000,0
3681,100000,200
3682,100000,0
3683,100000,0
3684,100000,200
3685,100000,0
3686,100000,200
3687,100000,200
3688,100000,200
3689,100000,400
3690,100000,0
3691,100000,400
3692,100000,170
3693,100000,0
3694,100000,200
3695,100000,0
3696,100000,200
3697,100000,200
3698,100000,0
3699,100000,0
3700,100000,0
3701,100000,490
3702,100000,0
3703,100000,0
3704,100000,600
3705,100000,200
3706,100000,0
3707,100000,200
3708,100000,0
3709,100000,400
3710,100000,0
3711,100000,200
3712,100000,200
3713,100000,0
3714,100000,0
3715,100000,400
3716,100000,0
3717,100000,200
3718,100000,0
3719,100000,0
3720,100000,0
3721,100000,0
3722,100000,0
3723,100000,0
3724,100000,200
3725,100000,500
3726,100000,0
3727,100000,200
3728,100000,200
3729,100000,200
3730,100000,0
3731,100000,200
3732,100000,560
3733,100000,0
3734,100000,200
3735,100000,0
3736,100000,600
3737,100000,600
3738,100000,0
3739,100000,600
3740,100000,0
3741,100000,200
3742,100000,120
3743,100000,0
3744,100000,0
3745,100000,0
3746,100000,400
3747,100000,0
3748,100000,520
3749,100000,200
3750,100000,40
3751,100000,200
3752,100000,0
3753,100000,200
3754,100000,0
3755,100000,0
3756,100000,200
3757,100000,0
3758,100000,200
3759,100000,60
3760,100000,200
3761,100000,0
3762,100000,0
3763,100000,400
3764,100000,0
3765,100000,200
3766,100000,0
3767,100000,200
3768,100000,200
3769,100000,400
3770,100000,200
3771,100000,200
3772,100000,0
3773,100000,0
3774,100000,200
3775,100000,0
3776,100000,0
3777,100000,0
3778,100000,0
3779,100000,0
3780,100000,80
3781,100000,0
3782,100000,0
3783,100000,0
3784,100000,400
3785,100000,400
3786,100000,200
3787,100000,200
3788,100000,0
3789,100000,30
3790,100000,0
3791,100000,200
3792,100000,200
3793,100000,0
3794,100000,0
3795,100000,400
3796,100000,200
3797,100000,0
3798,100000,400
3799,100000,0
3800,100000,0
3801,100000,0
3802,100000,400
3803,100000,400
3804,100000,0
3805,100000,0
3806,100000,0
3807,100000,200
3808,100000,200
3809,100000,200
3810,100000,110
3811,100000,400
3812,100000,200
3813,100000,30
3814,100000,0
3815,100000,500
3816,100000,200
3817,100000,0
3818,100000,0
3819,100000,200
3820,100000,0
3821,100000,400
3822,100000,0
3823,100000,0
3824,100000,200
3825,100000,200
3826,100000,400
3827,100000,200
3828,100000,200
3829,100000,600
3830,100000,0
3831,100000,0
3832,100000,0
3833,100000,200
3834,100000,200
3835,100000,400
3836,100000,0
3837,100000,400
3838,100000,0
3839,100000,0
3840,100000,200
3841,100000,200
3842,100000,200
3843,100000,200
3844,100000,0
3845,100000,400
3846,100000,0
3847,100000,0
3848,100000,0
3849,100000,200
3850,100000,200
3851,100000,0
3852,100000,0
3853,100000,0
3854,100000,200
3855,100000,0
3856,100000,200
3857,100000,800
3858,100000,0
3859,100000,200
3860,100000,0
3861,100000,0
3862,100000,0
3863,100000,0
3864,100000,200
3865,100000,400
3866,100000,0
3867,100000,0
3868,100000,200
3869,100000,120
3870,100000,0
3871,100000,0
3872,100000,0
3873,100000,400
3874,100000,200
3875,100000,200
3876,100000,200
3877,100000,200
3878,100000,0
3879,100000,200
3880,100000,600
3881,100000,0
3882,100000,200
3883,100000,60
3884,100000,200
3885,100000,200
3886,100000,0
3887,100000,200
3888,100000,0
3889,100000,0
3890,100000,200
3891,100000,0
3892,100000,200
3893,100000,600
3894,100000,0
3895,100000,0
3896,100000,0
3897,100000,0
3898,100000,0
3899,100000,550
3900,100000,310
3901,100000,200
3902,100000,200
3903,100000,60
3904,100000,0
3905,100000,0
3906,100000,0
3907,100000,200
3908,100000,250
3909,100000,200
3910,100000,200
3911,100000,60
3912,100000,0
3913,100000,0
3914,100000,200
3915,100000,0
3916,100000,200
3917,100000,290
3918,100000,200
3919,100000,0
3920,100000,200
3921,100000,0
3922,100000,400
3923,100000,600
3924,100000,200
3925,100000,0
3926,100000,0
3927,100000,0
3928,100000,0
3929,100000,170
3930,100000,0
3931,100000,200
3932,100000,200
3933,100000,200
3934,100000,0
3935,100000,200
3936,100000,0
3937,100000,0
3938,100000,0
3939,100000,200
3940,100000,0
3941,100000,0
3942,100000,0
3943,100000,30
3944,100000,0
3945,100000,0
3946,100000,0
3947,100000,400
3948,100000,0
3949,100000,200
3950,100000,0
3951,100000,200
3952,100000,200
3953,100000,200
3954,100000,0
3955,100000,400
3956,100000,400
3957,100000,200
3958,100000,0
3959,100000,0
3960,100000,200
3961,100000,0
3962,100000,0
3963,100000,0
3964,100000,0
3965,100000,200
3966,100000,600
3967,100000,0
3968,100000,0
3969,100000,0
3970,100000,0
3971,100000,0
3972,100000,0
3973,100000,200
3974,100000,0
3975,100000,0
3976,100000,0
3977,100000,0
3978,100000,200
3979,100000,200
3980,100000,200
3981,100000,0
3982,100000,200
3983,100000,230
3984,100000,200
3985,100000,200
3986,100000,0
3987,100000,0
3988,100000,0
3989,100000,0
3990,100000,80
3991,100000,290
3992,100000,400
3993,100000,0
3994,100000,200
3995,100000,0
3996,100000,400
3997,100000,0
3998,100000,0
3999,100000,0
4000,100000,0
4001,100000,0
4002,100000,0
4003,100000,0
4004,100000,120
4005,100000,400
4006,100000,0
4007,100000,250
4008,100000,200
4009,100000,200
4010,100000,0
4011,100000,0
4012,100000,200
4013,100000,0
4014,100000,400
4015,100000,400
4016,100000,450
4017,100000,50
4018,100000,0
4019,100000,200
4020,100000,0
4021,100000,0
4022,100000,80
4023,100000,0
4024,100000,0
4025,100000,200
4026,100000,0
4027,100000,0
4028,100000,400
4029,100000,200
4030,100000,200
4031,100000,600
4032,100000,0
4033,100000,400
4034,100000,280
4035,100000,0
4036,100000,0
4037,100000,200
4038,100000,200
4039,100000,0
4040,100000,0
4041,100000,200
4042,100000,400
4043,100000,0
4044,100000,400
4045,100000,0
4046,100000,60
4047,100000,0
4048,100000,200
4049,100000,200
4050,100000,200
4051,100000,200
4052,100000,0
4053,100000,0
4054,100000,200
4055,100000,0
4056,100000,200
4057,100000,200
4058,100000,0
4059,100000,0
4060,100000,0
4061,100000,0
4062,100000,0
4063,100000,0
4064,100000,0
4065,100000,200
4066,100000,0
4067,100000,0
4068,100000,60
4069,100000,560
4070,100000,200
4071,100000,200
4072,100000,200
4073,100000,0
4074,100000,400
4075,100000,200
4076,100000,200
4077,100000,0
4078,100000,0
4079,100000,200
4080,100000,0
4081,100000,0
4082,100000,200
4083,100000,0
4084,100000,400
4085,100000,0
4086,100000,0
4087,100000,0
4088,100000,400
4089,100000,200
4090,100000,0
4091,100000,200
4092,100000,0
4093,100000,0
4094,100000,200
4095,100000,0
4096,100000,0
4097,100000,0
4098,100000,0
4099,100000,400
4100,100000,200
4101,100000,200
4102,100000,300
4103,100000,200
4104,100000,400
4105,100000,30
4106,100000,0
4107,100000,0
4108,100000,400
4109,100000,400
4110,100000,0
4111,100000,370
4112,100000,0
4113,100000,200
4114,100000,200
4115,100000,100
4116,100000,0
4117,100000,0
4118,100000,150
4119,100000,200
4120,100000,200
4121,100000,0
4122,100000,0
4123,100000,0
4124,100000,200
4125,100000,200
4126,100000,110
4127,100000,720
4128,100000,200
4129,100000,0
4130,100000,0
4131,100000,600
4132,100000,80
4133,100000,0
4134,100000,400
4135,100000,0
4136,100000,0
4137,100000,200
4138,100000,0
4139,100000,0
4140,100000,0
4141,100000,200
4142,100000,0
4143,100000,0
4144,100000,200
4145,100000,0
4146,100000,0
4147,100000,0
4148,100000,200
4149,100000,200
4150,100000,200
4151,100000,0
4152,100000,200
4153,100000,0
4154,100000,200
4155,100000,0
4156,100000,400
4157,100000,400
4158,100000,400
4159,100000,200
4160,100000,0
4161,100000,0
4162,100000,200
4163,100000,0
4164,100000,400
4165,100000,0
4166,100000,200
4167,100000,200
4168,100000,0
4169,100000,280
4170,100000,200
4171,100000,0
4172,100000,0
4173,100000,200
4174,100000,0
4175,100000,480
4176,100000,0
4177,100000,200
4178,100000,400
4179,100000,0
4180,100000,0
4181,100000,0
4182,100000,0
4183,100000,200
4184,100000,0
4185,100000,200
4186,100000,0
4187,100000,0
4188,100000,40
4189,100000,0
4190,100000,0
4191,100000,0
4192,100000,0
4193,100000,0
4194,100000,200
4195,100000,200
4196,100000,600
4197,100000,200
4198,100000,0
4199,100000,200
4200,100000,40
4201,100000,200
4202,100000,0
4203,100000,300
4204,100000,0
4205,100000,0
4206,100000,600
4207,100000,200
4208,100000,80
4209,100000,400
4210,100000,0
4211,100000,200
4212,100000,150
4213,100000,250
4214,100000,0
4215,100000,0
4216,100000,400
4217,100000,400
4218,100000,0
4219,100000,200
4220,100000,0
4221,100000,0
4222,100000,0
4223,100000,200
4224,100000,360
4225,100000,0
4226,100000,400
4227,100000,0
4228,100000,0
4229,100000,0
4230,100000,0
4231,100000,40
4232,100000,200
4233,100000,0
4234,100000,0
4235,100000,200
4236,100000,600
4237,100000,60
4238,100000,200
4239,100000,80
4240,100000,100
4241,100000,200
4242,100000,400
4243,100000,200
4244,100000,200
4245,100000,0
4246,100000,400
4247,100000,0
4248,100000,0
4249,100000,200
4250,100000,0
4251,100000,0
4252,100000,0
4253,100000,0
4254,100000,200
4255,100000,200
4256,100000,0
4257,100000,400
4258,100000,60
4259,100000,0
4260,100000,0
4261,100000,200
4262,100000,200
4263,100000,600
4264,100000,0
4265,100000,0
4266,100000,0
4267,100000,0
4268,100000,200
4269,100000,200
4270,100000,0
4271,100000,50
4272,100000,0
4273,100000,0
4274,100000,0
4275,100000,170
4276,100000,400
4277,100000,600
4278,100000,400
4279,100000,60
4280,100000,0
4281,100000,160
4282,100000,0
4283,100000,200
4284,100000,40
4285,100000,120
4286,100000,0
4287,100000,200
4288,100000,200
4289,100000,0
4290,100000,0
4291,100000,200
4292,100000,200
4293,100000,200
4294,100000,0
4295,100000,200
4296,100000,0
4297,100000,40
4298,100000,200
4299,100000,0
4300,100000,0
4301,100000,0
4302,100000,0
4303,100000,0
4304,100000,200
4305,100000,400
4306,100000,0
4307,100000,0
4308,100000,200
4309,100000,0
4310,100000,0
4311,100000,200
4312,100000,200
4313,100000,80
4314,100000,0
4315,100000,0
4316,100000,120
4317,100000,0
4318,100000,200
4319,100000,160
4320,100000,200
4321,100000,200
4322,100000,200
4323,100000,150
4324,100000,200
4325,100000,200
4326,100000,0
4327,100000,200
4328,100000,200
4329,100000,200
4330,100000,200
4331,100000,600
4332,100000,200
4333,100000,160
4334,100000,200
4335,100000,50
4336,100000,0
4337,100000,400
4338,100000,0
4339,100000,0
4340,100000,0
4341,100000,400
4342,100000,0
4343,100000,0
4344,100000,200
4345,100000,400
4346,100000,0
4347,100000,0
4348,100000,0
4349,100000,200
4350,100000,0
4351,100000,0
4352,100000,200
4353,100000,250
4354,100000,200
4355,100000,290
4356,100000,0
4357,100000,30
4358,100000,0
4359,100000,200
4360,100000,0
4361,100000,0
4362,100000,0
4363,100000,0
4364,100000,400
4365,100000,200
4366,100000,200
4367,100000,120
4368,100000,200
4369,100000,0
4370,100000,0
4371,100000,40
4372,100000,200
4373,100000,0
4374,100000,0
4375,100000,200
4376,100000,0
4377,100000,0
4378,100000,0
4379,100000,80
4380,100000,0
4381,100000,400
4382,100000,0
4383,100000,400
4384,100000,400
4385,100000,200
4386,100000,0
4387,100000,200
4388,100000,200
4389,100000,400
4390,100000,0
4391,100000,0
4392,100000,0
4393,100000,200
4394,100000,200
4395,100000,200
4396,100000,200
4397,100000,400
4398,100000,0
4399,100000,200
4400,100000,200
4401,100000,200
4402,100000,0
4403,100000,200
4404,100000,200
4405,100000,0
4406,100000,200
4407,100000,0
4408,100000,0
4409,100000,0
4410,100000,0
4411,100000,0
4412,100000,320
4413,100000,0
4414,100000,80
4415,100000,0
4416,100000,200
4417,100000,200
4418,100000,200
4419,100000,170
4420,100000,200
4421,100000,0
4422,100000,200
4423,100000,200
4424,100000,200
4425,100000,200
4426,100000,200
4427,100000,0
4428,100000,200
4429,100000,0
4430,100000,400
4431,100000,200
4432,100000,200
4433,100000,0
4434,100000,200
4435,100000,0
4436,100000,200
4437,100000,0
4438,100000,200
4439,100000,200
4440,100000,0
4441,100000,0
4442,100000,0
4443,100000,0
4444,100000,0
4445,100000,0
4446,100000,200
4447,100000,0
4448,100000,0
4449,100000,0
4450,100000,0
4451,100000,400
4452,100000,0
4453,100000,200
4454,100000,200
4455,100000,0
4456,100000,0
4457,100000,60
4458,100000,0
4459,100000,200
4460,100000,400
4461,100000,200
4462,100000,0
4463,100000,200
4464,100000,200
4465,100000,0
4466,100000,0
4467,100000,200
4468,100000,0
4469,100000,0
4470,100000,200
4471,100000,200
4472,100000,0
4473,100000,0
4474,100000,0
4475,100000,400
4476,100000,200
4477,100000,0
4478,100000,400
4479,100000,0
4480,100000,200
4481,100000,200
4482,100000,200
4483,100000,0
4484,100000,0
4485,100000,200
4486,100000,280
4487,100000,0
4488,100000,0
4489,100000,0
4490,100000,200
4491,100000,0
4492,100000,0
4493,100000,200
4494,100000,0
4495,100000,0
4496,100000,0
4497,100000,0
4498,100000,200
4499,100000,0
4500,100000,200
4501,100000,200
4502,100000,0
4503,100000,200
4504,100000,0
4505,100000,200
4506,100000,0
4507,100000,200
4508,100000,200
4509,100000,0
4510,100000,0
4511,100000,0
4512,100000,200
4513,100000,0
4514,100000,400
4515,100000,0
4516,100000,200
4517,100000,0
4518,100000,30
4519,100000,0
4520,100000,240
4521,100000,200
4522,100000,200
4523,100000,0
4524,100000,200
4525,100000,40
4526,100000,60
4527,100000,0
4528,100000,0
4529,100000,200
4530,100000,400
4531,100000,0
4532,100000,400
4533,100000,200
4534,100000,200
4535,100000,200
4536,100000,200
4537,100000,0
4538,100000,200
4539,100000,0
4540,100000,0
4541,100000,0
4542,100000,200
4543,100000,200
4544,100000,0
4545,100000,0
4546,100000,200
4547,100000,0
4548,100000,0
4549,100000,0
4550,100000,200
4551,100000,0
4552,100000,200
4553,100000,0
4554,100000,400
4555,100000,30
4556,100000,0
4557,100000,0
4558,100000,0
4559,100000,0
4560,100000,200
4561,100000,0
4562,100000,0
4563,100000,0
4564,100000,0
4565,100000,0
4566,100000,0
4567,100000,200
4568,100000,0
4569,100000,0
4570,100000,0
4571,100000,0
4572,100000,200
4573,100000,200
4574,100000,200
4575,100000,0
4576,100000,80
4577,100000,0
4578,100000,0
4579,100000,0
4580,100000,200
4581,100000,0
4582,100000,200
4583,100000,400
4584,100000,0
4585,100000,0
4586,100000,200
4587,100000,200
4588,100000,200
4589,100000,0
4590,100000,0
4591,100000,400
4592,100000,200
4593,100000,200
4594,100000,400
4595,100000,400
4596,100000,100
4597,100000,0
4598,100000,0
4599,100000,0
4600,100000,0
4601,100000,0
4602,100000,200
4603,100000,0
4604,100000,200
4605,100000,0
4606,100000,200
4607,100000,200
4608,100000,200
4609,100000,200
4610,100000,0
4611,100000,200
4612,100000,0
4613,100000,400
4614,100000,0
4615,100000,0
4616,100000,200
4617,100000,0
4618,100000,120
4619,100000,200
4620,100000,0
4621,100000,0
4622,100000,200
4623,100000,200
4624,100000,0
4625,100000,0
4626,100000,200
4627,100000,0
4628,100000,200
4629,100000,0
4630,100000,0
4631,100000,0
4632,100000,40
4633,100000,0
4634,100000,360
4635,100000,400
4636,100000,0
4637,100000,0
4638,100000,400
4639,100000,0
4640,100000,200
4641,100000,260
4642,100000,0
4643,100000,0
4644,100000,0
4645,100000,200
4646,100000,200
4647,100000,400
4648,100000,200
4649,100000,250
4650,100000,0
4651,100000,200
4652,100000,200
4653,100000,200
4654,100000,0
4655,100000,400
4656,100000,200
4657,100000,200
4658,100000,0
4659,100000,60
4660,100000,200
4661,100000,0
4662,100000,980
4663,100000,0
4664,100000,0
4665,100000,400
4666,100000,0
4667,100000,200
4668,100000,120
4669,100000,0
4670,100000,200
4671,100000,0
4672,100000,200
4673,100000,0
4674,100000,330
4675,100000,120
4676,100000,200
4677,100000,200
4678,100000,0
4679,100000,200
4680,100000,0
4681,100000,0
4682,100000,0
4683,100000,200
4684,100000,200
4685,100000,0
4686,100000,460
4687,100000,200
4688,100000,0
4689,100000,0
4690,100000,200
4691,100000,440
4692,100000,0
4693,100000,0
4694,100000,0
4695,100000,200
4696,100000,0
4697,100000,0
4698,100000,0
4699,100000,0
4700,100000,0
4701,100000,200
4702,100000,200
4703,100000,200
4704,100000,400
4705,100000,400
4706,100000,0
4707,100000,0
4708,100000,400
4709,100000,200
4710,100000,250
4711,100000,0
4712,100000,400
4713,100000,400
4714,100000,200
4715,100000,0
4716,100000,280
4717,100000,200
4718,100000,200
4719,100000,0
4720,100000,0
4721,100000,600
4722,100000,0
4723,100000,200
4724,100000,0
4725,100000,0
4726,100000,200
4727,100000,0
4728,100000,0
4729,100000,250
4730,100000,200
4731,100000,200
4732,100000,0
4733,100000,0
4734,100000,200
4735,100000,200
4736,100000,200
4737,100000,400
4738,100000,120
4739,100000,0
4740,100000,0
4741,100000,200
4742,100000,0
4743,100000,0
4744,100000,0
4745,100000,200
4746,100000,200
4747,100000,0
4748,100000,0
4749,100000,0
4750,100000,0
4751,100000,0
4752,100000,0
4753,100000,0
4754,100000,0
4755,100000,0
4756,100000,0
4757,100000,200
4758,100000,0
4759,100000,200
4760,100000,0
4761,100000,200
4762,100000,0
4763,100000,400
4764,100000,400
4765,100000,0
4766,100000,200
4767,100000,130
4768,100000,200
4769,100000,200
4770,100000,200
4771,100000,0
4772,100000,0
4773,100000,200
4774,100000,0
4775,100000,0
4776,100000,0
4777,100000,0
4778,100000,600
4779,100000,0
4780,100000,200
4781,100000,0
4782,100000,0
4783,100000,0
4784,100000,0
4785,100000,0
4786,100000,0
4787,100000,0
4788,100000,200
4789,100000,200
4790,100000,0
4791,100000,200
4792,100000,0
4793,100000,200
4794,100000,400
4795,100000,0
4796,100000,0
4797,100000,0
4798,100000,200
4799,100000,200
4800,100000,200
4801,100000,0
4802,100000,200
4803,100000,200
4804,100000,0
4805,100000,280
4806,100000,0
4807,100000,0
4808,100000,400
4809,100000,0
4810,100000,0
4811,100000,0
4812,100000,200
4813,100000,0
4814,100000,0
4815,100000,0
4816,100000,310
4817,100000,290
4818,100000,200
4819,100000,0
4820,100000,0
4821,100000,50
4822,100000,0
4823,100000,0
4824,100000,300
4825,100000,0
4826,100000,200
4827,100000,0
4828,100000,200
4829,100000,200
4830,100000,200
4831,100000,200
4832,100000,80
4833,100000,0
4834,100000,400
4835,100000,120
4836,100000,200
4837,100000,0
4838,100000,400
4839,100000,200
4840,100000,50
4841,100000,400
4842,100000,50
4843,100000,200
4844,100000,200
4845,100000,0
4846,100000,0
4847,100000,0
4848,100000,200
4849,100000,200
4850,100000,200
4851,100000,0
4852,100000,400
4853,100000,0
4854,100000,0
4855,100000,200
4856,119846350,1270
4857,100000,200
4858,100000,0
4859,100000,200
4860,100000,200
4861,100000,400
4862,100000,0
4863,100000,600
4864,100000,0
4865,100000,0
4866,100000,200
4867,100000,400
4868,100000,200
4869,100000,200
4870,100000,0
4871,100000,0
4872,100000,0
4873,100000,200
4874,100000,200
4875,100000,0
4876,100000,0
4877,100000,0
4878,100000,0
4879,100000,200
4880,100000,0
4881,100000,260
4882,100000,0
4883,100000,200
4884,100000,200
4885,100000,0
4886,100000,0
4887,100000,0
4888,100000,400
4889,100000,400
4890,100000,400
4891,100000,40
4892,100000,80
4893,100000,200
4894,100000,0
4895,100000,0
4896,100000,0
4897,100000,40
4898,100000,200
4899,100000,200
4900,100000,200
4901,100000,500
4902,100000,0
4903,100000,200
4904,100000,200
4905,100000,0
4906,100000,0
4907,100000,200
4908,100000,0
4909,100000,200
4910,100000,0
4911,100000,0
4912,100000,0
4913,100000,200
4914,100000,200
4915,100000,0
4916,100000,0
4917,100000,0
4918,100000,200
4919,100000,200
4920,100000,200
4921,100000,400
4922,100000,200
4923,100000,200
4924,100000,200
4925,100000,200
4926,100000,0
4927,100000,0
4928,100000,0
4929,100000,200
4930,100000,0
4931,100000,200
4932,100000,200
4933,100000,200
4934,100000,0
4935,100000,0
4936,100000,200
4937,100000,0
4938,100000,400
4939,100000,430
4940,100000,620
4941,100000,0
4942,100000,200
4943,100000,200
4944,100000,600
4945,100000,400
4946,100000,80
4947,100000,0
4948,100000,200
4949,100000,200
4950,100000,0
4951,100000,0
4952,100000,0
4953,100000,200
4954,100000,200
4955,100000,0
4956,100000,0
4957,100000,0
4958,100000,200
4959,100000,0
4960,100000,0
4961,100000,80
4962,100000,0
4963,100000,200
4964,100000,0
4965,100000,200
4966,100000,200
4967,100000,200
4968,100000,0
4969,100000,200
4970,100000,200
4971,100000,0
4972,100000,200
4973,100000,400
4974,100000,200
4975,100000,250
4976,100000,0
4977,100000,200
4978,100000,0
4979,100000,200
4980,100000,340
4981,100000,400
4982,100000,200
4983,100000,0
4984,100000,0
4985,100000,30
4986,100000,0
4987,100000,0
4988,100000,80
4989,100000,120
4990,100000,200
4991,100000,0
4992,100000,0
4993,100000,0
4994,100000,200
4995,100000,0
4996,100000,0
4997,100000,0
4998,100000,200
4999,100000,0
5000,100000,0
5001,100000,0
5002,100000,0
5003,100000,450
5004,100000,200
5005,100000,200
5006,100000,200
5007,100000,0
5008,100000,0
5009,100000,0
5010,100000,0
5011,100000,0
5012,100000,0
5013,100000,200
5014,100000,0
5015,100000,0
5016,100000,200
5017,100000,600
5018,100000,600
5019,100000,400
5020,100000,0
5021,100000,0
5022,100000,200
5023,100000,0
5024,100000,0
5025,100000,200
5026,100000,200
5027,100000,0
5028,100000,0
5029,100000,200
5030,100000,200
5031,100000,0
5032,100000,400
5033,100000,0
5034,100000,400
5035,100000,0
5036,100000,200
5037,100000,230
5038,100000,200
5039,100000,200
5040,100000,400
5041,100000,0
5042,100000,400
5043,100000,0
5044,100000,0
5045,100000,0
5046,100000,0
5047,100000,0
5048,100000,200
5049,100000,240
5050,100000,200
5051,100000,200
5052,100000,0
5053,100000,0
5054,100000,0
5055,100000,0
5056,100000,0
5057,100000,0
5058,100000,200
5059,100000,0
5060,100000,200
5061,100000,200
5062,100000,0
5063,100000,0
5064,100000,200
5065,100000,0
5066,100000,0
5067,100000,240
5068,100000,100
5069,100000,0
5070,100000,200
5071,100000,200
5072,100000,400
5073,100000,400
5074,100000,200
5075,100000,400
5076,100000,460
5077,100000,200
5078,100000,0
5079,100000,200
5080,100000,0
5081,100000,200
5082,100000,200
5083,100000,30
5084,100000,200
5085,100000,400
5086,100000,200
5087,100000,200
5088,100000,400
5089,100000,200
5090,100000,250
5091,100000,0
5092,100000,200
5093,100000,200
5094,100000,200
5095,100000,200
5096,100000,0
5097,100000,200
5098,100000,200
5099,100000,0
5100,100000,200
5101,100000,260
5102,100000,400
5103,100000,80
5104,100000,0
5105,100000,0
5106,100000,200
5107,100000,0
5108,100000,450
5109,100000,400
5110,100000,200
5111,100000,200
5112,100000,30
5113,100000,200
5114,100000,0
5115,100000,250
5116,100000,200
5117,100000,600
5118,100000,400
5119,100000,0
5120,100000,0
5121,100000,200
5122,100000,200
5123,100000,200
5124,100000,0
5125,100000,400
5126,100000,220
5127,100000,0
5128,100000,0
5129,100000,0
5130,100000,0
5131,100000,600
5132,100000,160
5133,100000,200
5134,100000,0
5135,100000,0
5136,100000,0
5137,100000,200
5138,100000,200
5139,100000,0
5140,100000,0
5141,100000,0
5142,100000,400
5143,100000,400
5144,100000,200
5145,100000,0
5146,100000,200
5147,100000,0
5148,100000,0
5149,100000,200
5150,100000,0
5151,100000,200
5152,100000,400
5153,100000,200
5154,100000,200
5155,100000,0
5156,100000,0
5157,100000,0
5158,100000,0
5159,100000,0
5160,100000,0
5161,100000,0
5162,100000,200
5163,100000,0
5164,100000,200
5165,100000,200
5166,100000,0
5167,100000,200
5168,100000,30
5169,100000,200
5170,100000,120
5171,100000,200
5172,100000,0
5173,100000,0
5174,100000,0
5175,100000,0
5176,100000,0
5177,100000,200
5178,100000,200
5179,100000,200
5180,100000,0
5181,100000,400
5182,100000,200
5183,100000,0
5184,100000,200
5185,100000,0
5186,100000,200
5187,100000,400
5188,100000,200
5189,100000,160
5190,100000,0
5191,100000,280
5192,100000,400
5193,100000,0
5194,100000,200
5195,100000,200
5196,100000,0
5197,100000,200
5198,100000,0
5199,100000,0
5200,100000,0
5201,100000,0
5202,100000,0
5203,100000,0
5204,100000,400
5205,100000,0
5206,100000,0
5207,100000,400
5208,100000,200
5209,100000,60
5210,100000,200
5211,100000,0
5212,100000,400
5213,100000,0
5214,100000,200
5215,100000,0
5216,100000,0
5217,100000,120
5218,100000,200
5219,100000,0
5220,100000,0
5221,100000,0
5222,100000,200
5223,100000,0
5224,100000,0
5225,100000,200
5226,100000,0
5227,100000,200
5228,100000,0
5229,100000,0
5230,100000,0
5231,100000,200
5232,100000,400
5233,100000,200
5234,100000,400
5235,100000,200
5236,100000,200
5237,100000,160
5238,100000,600
5239,100000,0
5240,100000,0
5241,100000,200
5242,100000,30
5243,100000,200
5244,100000,0
5245,100000,200
5246,100000,0
5247,100000,0
5248,100000,200
5249,100000,400
5250,100000,0
5251,100000,80
5252,100000,200
5253,100000,200
5254,100000,800
5255,100000,200
5256,100000,200
5257,100000,60
5258,100000,200
5259,100000,80
5260,100000,200
5261,100000,400
5262,100000,200
5263,100000,200
5264,100000,0
5265,100000,0
5266,100000,200
5267,100000,200
5268,100000,0
5269,100000,0
5270,100000,200
5271,100000,400
5272,100000,240
5273,100000,200
5274,100000,0
5275,100000,0
5276,100000,0
5277,100000,200
5278,100000,80
5279,100000,0
5280,100000,0
5281,100000,200
5282,100000,400
5283,100000,400
5284,100000,200
5285,100000,200
5286,100000,0
5287,100000,200
5288,100000,200
5289,100000,200
5290,100000,200
5291,100000,0
5292,100000,200
5293,100000,200
5294,100000,400
5295,100000,80
5296,100000,200
5297,100000,150
5298,100000,400
5299,100000,0
5300,100000,200
5301,100000,400
5302,100000,200
5303,100000,0
5304,100000,0
5305,100000,0
5306,100000,200
5307,100000,200
5308,100000,0
5309,100000,400
5310,100000,200
5311,100000,240
5312,100000,0
5313,100000,0
5314,100000,0
5315,100000,0
5316,100000,80
5317,100000,0
5318,100000,200
5319,100000,0
5320,100000,200
5321,100000,0
5322,100000,200
5323,100000,200
5324,100000,0
5325,100000,200
5326,100000,200
5327,100000,200
5328,100000,0
5329,100000,0
5330,100000,600
5331,100000,200
5332,100000,200
5333,100000,200
5334,100000,200
5335,100000,230
5336,100000,200
5337,100000,600
5338,100000,200
5339,100000,0
5340,100000,200
5341,100000,250
5342,100000,0
5343,100000,0
5344,100000,0
5345,100000,200
5346,100000,0
5347,100000,600
5348,100000,0
5349,100000,0
5350,100000,200
5351,100000,600
5352,100000,0
5353,100000,0
5354,100000,0
5355,100000,170
5356,100000,0
5357,100000,400
5358,100000,0
5359,100000,0
5360,100000,0
5361,100000,0
5362,100000,200
5363,100000,0
5364,100000,200
5365,100000,400
5366,100000,400
5367,100000,200
5368,100000,0
5369,100000,200
5370,100000,200
5371,100000,0
5372,100000,0
5373,100000,0
5374,100000,200
5375,100000,200
5376,100000,0
5377,100000,200
5378,100000,200
5379,100000,280
5380,100000,0
5381,100000,400
5382,100000,0
5383,100000,200
5384,100000,250
5385,100000,370
5386,100000,0
5387,100000,200
5388,100000,0
5389,100000,230
5390,100000,0
5391,100000,120
5392,100000,0
5393,100000,0
5394,100000,0
5395,100000,0
5396,100000,370
5397,100000,200
5398,100000,0
5399,100000,0
5400,100000,30
5401,100000,200
5402,100000,0
5403,100000,0
5404,100000,0
5405,100000,40
5406,100000,30
5407,100000,400
5408,100000,0
5409,100000,270
5410,100000,0
5411,100000,0
5412,100000,0
5413,100000,0
5414,100000,200
5415,100000,0
5416,100000,200
5417,100000,0
5418,100000,0
5419,100000,0
5420,100000,200
5421,100000,0
5422,100000,0
5423,100000,200
5424,100000,0
5425,100000,0
5426,100000,400
5427,100000,200
5428,100000,0
5429,100000,200
5430,100000,400
5431,100000,0
5432,100000,0
5433,100000,200
5434,100000,0
5435,100000,200
5436,100000,0
5437,100000,0
5438,100000,280
5439,100000,200
5440,100000,400
5441,100000,550
5442,100000,0
5443,100000,200
5444,100000,200
5445,100000,0
5446,100000,0
5447,100000,400
5448,100000,200
5449,100000,0
5450,100000,0
5451,100000,0
5452,100000,0
5453,100000,200
5454,100000,0
5455,100000,200
5456,100000,0
5457,100000,200
5458,100000,0
5459,100000,0
5460,100000,0
5461,100000,200
5462,100000,50
5463,100000,0
5464,100000,400
5465,100000,0
5466,100000,60
5467,100000,200
5468,100000,0
5469,100000,200
5470,100000,400
5471,100000,160
5472,100000,0
5473,100000,0
5474,100000,200
5475,100000,0
5476,100000,400
5477,100000,200
5478,100000,0
5479,100000,200
5480,100000,0
5481,100000,30
5482,100000,0
5483,100000,200
5484,100000,0
5485,100000,0
5486,100000,200
5487,100000,250
5488,100000,0
5489,100000,0
5490,100000,0
5491,100000,200
5492,100000,0
5493,100000,40
5494,100000,0
5495,100000,200
5496,100000,200
5497,100000,0
5498,100000,0
5499,100000,320
5500,100000,200
5501,100000,0
5502,100000,400
5503,100000,200
5504,100000,0
5505,100000,0
5506,100000,0
5507,100000,400
5508,100000,0
5509,100000,0
5510,100000,0
5511,100000,0
5512,100000,320
5513,100000,200
5514,100000,200
5515,100000,0
5516,100000,40
5517,100000,200
5518,100000,0
5519,100000,200
5520,100000,200
5521,100000,120
5522,100000,0
5523,100000,200
5524,100000,0
5525,100000,200
5526,100000,200
5527,100000,0
5528,100000,0
5529,100000,0
5530,100000,0
5531,100000,0
5532,100000,200
5533,100000,0
5534,100000,0
5535,100000,0
5536,100000,0
5537,100000,0
5538,100000,0
5539,100000,0
5540,100000,200
5541,100000,0
5542,100000,0
5543,100000,200
5544,100000,0
5545,100000,200
5546,100000,0
5547,100000,0
5548,100000,0
5549,100000,200
5550,100000,0
5551,100000,150
5552,100000,200
5553,100000,200
5554,100000,200
5555,100000,0
5556,100000,200
5557,100000,200
5558,100000,200
5559,100000,0
5560,100000,200
5561,100000,200
5562,100000,320
5563,100000,0
5564,100000,0
5565,100000,0
5566,100000,200
5567,100000,0
5568,100000,0
5569,100000,80
5570,100000,450
5571,100000,0
5572,100000,0
5573,100000,200
5574,100000,0
5575,100000,0
5576,100000,200
5577,100000,200
5578,100000,400
5579,100000,0
5580,100000,0
5581,100000,400
5582,100000,0
5583,100000,0
5584,100000,0
5585,100000,150
5586,100000,200
5587,100000,0
5588,100000,0
5589,100000,0
5590,100000,200
5591,100000,200
5592,100000,0
5593,100000,0
5594,100000,200
5595,100000,0
5596,100000,200
5597,100000,200
5598,100000,0
5599,100000,400
5600,100000,200
5601,100000,0
5602,100000,300
5603,100000,40
5604,100000,120
5605,100000,200
5606,100000,0
5607,100000,200
5608,100000,200
5609,100000,0
5610,100000,0
5611,100000,600
5612,100000,0
5613,100000,0
5614,100000,0
5615,100000,0
5616,100000,0
5617,100000,200
5618,100000,0
5619,100000,200
5620,100000,0
5621,100000,0
5622,100000,440
5623,100000,0
5624,100000,0
5625,100000,0
5626,100000,200
5627,100000,400
5628,100000,600
5629,100000,520
5630,100000,200
5631,100000,500
5632,100000,200
5633,100000,200
5634,100000,0
5635,100000,0
5636,100000,0
5637,100000,0
5638,100000,0
5639,100000,0
5640,100000,0
5641,100000,40
5642,100000,0
5643,100000,200
5644,100000,0
5645,100000,200
5646,100000,0
5647,100000,200
5648,100000,430
5649,100000,200
5650,100000,0
5651,100000,200
5652,100000,200
5653,100000,400
5654,100000,0
5655,100000,200
5656,100000,450
5657,100000,0
5658,100000,400
5659,100000,0
5660,100000,200
5661,100000,200
5662,100000,200
5663,100000,200
5664,100000,0
5665,100000,0
5666,100000,200
5667,100000,0
5668,100000,750
5669,100000,0
5670,100000,0
5671,100000,200
5672,100000,0
5673,100000,0
5674,100000,0
5675,100000,0
5676,100000,0
5677,100000,60
5678,100000,0
5679,100000,0
5680,100000,200
5681,100000,200
5682,100000,200
5683,100000,200
5684,100000,120
5685,100000,200
5686,100000,200
5687,100000,200
5688,100000,200
5689,100000,200
5690,100000,200
5691,100000,0
5692,100000,200
5693,100000,0
5694,100000,200
5695,100000,200
5696,100000,0
5697,100000,0
5698,100000,0
5699,100000,0
5700,100000,200
5701,100000,0
5702,100000,0
5703,100000,200
5704,100000,0
5705,100000,0
5706,100000,0
5707,100000,200
5708,100000,200
5709,100000,0
5710,100000,200
5711,100000,0
5712,100000,120
5713,100000,0
5714,100000,200
5715,100000,200
5716,100000,0
5717,100000,0
5718,100000,0
5719,100000,200
5720,100000,200
5721,100000,0
5722,100000,200
5723,100000,0
5724,100000,200
5725,100000,80
5726,100000,0
5727,100000,0
5728,100000,0
5729,100000,0
5730,100000,0
5731,100000,200
5732,100000,200
5733,100000,550
5734,100000,200
5735,100000,400
5736,100000,0
5737,100000,0
5738,100000,200
5739,100000,600
5740,100000,0
5741,100000,0
5742,100000,30
5743,100000,200
5744,100000,0
5745,100000,200
5746,100000,0
5747,100000,200
5748,100000,0
5749,100000,0
5750,100000,50
5751,100000,0
5752,100000,200
5753,100000,0
5754,100000,0
5755,100000,400
5756,100000,0
5757,100000,200
5758,100000,0
5759,100000,400
5760,100000,200
5761,100000,200
5762,100000,0
5763,100000,0
5764,100000,0
5765,100000,0
5766,100000,200
5767,100000,280
5768,100000,0
5769,100000,200
5770,100000,0
5771,100000,0
5772,100000,200
5773,100000,0
5774,100000,400
5775,100000,200
5776,100000,0
5777,100000,0
5778,100000,200
5779,100000,0
5780,100000,0
5781,100000,0
5782,100000,400
5783,100000,200
5784,100000,0
5785,100000,200
5786,100000,160
5787,100000,300
5788,100000,0
5789,100000,200
5790,100000,600
5791,100000,200
5792,100000,0
5793,100000,200
5794,100000,200
5795,100000,400
5796,100000,200
5797,100000,200
5798,100000,200
5799,100000,400
5800,100000,0
5801,100000,0
5802,100000,0
5803,100000,0
5804,100000,0
5805,100000,480
5806,100000,0
5807,100000,200
5808,100000,0
5809,100000,400
5810,100000,0
5811,100000,0
5812,100000,0
5813,100000,200
5814,100000,400
5815,100000,0
5816,100000,0
5817,100000,200
5818,100000,0
5819,100000,400
5820,100000,200
5821,100000,300
5822,100000,200
5823,100000,200
5824,100000,100
5825,100000,200
5826,100000,200
5827,100000,0
5828,100000,200
5829,100000,400
5830,100000,0
5831,100000,200
5832,100000,200
5833,100000,0
5834,100000,0
5835,100000,200
5836,100000,400
5837,100000,40
5838,100000,0
5839,100000,0
5840,100000,0
5841,100000,0
5842,100000,250
5843,100000,160
5844,100000,0
5845,100000,200
5846,100000,0
5847,100000,0
5848,100000,0
5849,100000,200
5850,100000,0
5851,100000,170
5852,100000,0
5853,100000,400
5854,100000,200
5855,100000,0
5856,100000,200
5857,100000,400
5858,100000,200
5859,100000,460
5860,100000,0
5861,100000,0
5862,100000,0
5863,100000,0
5864,100000,200
5865,100000,100
5866,100000,400
5867,100000,200
5868,100000,400
5869,100000,0
5870,100000,200
5871,100000,200
5872,100000,400
5873,100000,200
5874,100000,0
5875,100000,400
5876,100000,200
5877,100000,200
5878,100000,200
5879,100000,0
5880,100000,200
5881,100000,0
5882,100000,0
5883,100000,0
5884,100000,450
5885,100000,40
5886,100000,0
5887,100000,70
5888,100000,200
5889,100000,0
5890,100000,200
5891,100000,200
5892,100000,0
5893,100000,0
5894,100000,200
5895,100000,0
5896,100000,200
5897,100000,200
5898,100000,200
5899,100000,0
5900,100000,0
5901,100000,0
5902,100000,200
5903,100000,400
5904,100000,0
5905,100000,0
5906,100000,50
5907,100000,0
5908,100000,0
5909,100000,0
5910,100000,200
5911,100000,200
5912,100000,400
5913,100000,0
5914,100000,200
5915,100000,0
5916,100000,0
5917,100000,200
5918,100000,200
5919,100000,0
5920,100000,200
5921,100000,0
5922,100000,400
5923,100000,200
5924,100000,0
5925,100000,0
5926,100000,400
5927,100000,0
5928,100000,0
5929,100000,0
5930,100000,400
5931,100000,200
5932,100000,200
5933,100000,200
5934,100000,0
5935,100000,0
5936,100000,300
5937,100000,0
5938,100000,200
5939,100000,200
5940,100000,300
5941,100000,0
5942,100000,0
5943,100000,0
5944,100000,0
5945,100000,0
5946,100000,0
5947,100000,0
5948,100000,0
5949,100000,0
5950,100000,200
5951,100000,0
5952,100000,200
5953,100000,80
5954,100000,40
5955,100000,0
5956,100000,200
5957,100000,80
5958,100000,650
5959,100000,0
5960,100000,200
5961,100000,280
5962,100000,0
5963,100000,200
5964,100000,200
5965,100000,0
5966,100000,0
5967,100000,0
5968,100000,200
5969,100000,400
5970,100000,400
5971,100000,400
5972,100000,200
5973,100000,0
5974,100000,200
5975,100000,0
5976,100000,0
5977,100000,0
5978,100000,0
5979,100000,150
5980,100000,80
5981,100000,400
5982,100000,0
5983,100000,0
5984,100000,200
5985,100000,200
5986,100000,200
5987,100000,0
5988,100000,0
5989,100000,200
5990,100000,0
5991,100000,200
5992,100000,200
5993,100000,0
5994,100000,200
5995,100000,0
5996,100000,300
5997,100000,120
5998,100000,0
5999,100000,400
6000,100000,0
6001,100000,400
6002,100000,0
6003,100000,200
6004,100000,200
6005,100000,0
6006,100000,250
6007,100000,0
6008,100000,60
6009,100000,200
6010,100000,200
6011,100000,400
6012,100000,0
6013,100000,0
6014,100000,200
6015,100000,0
6016,100000,200
6017,100000,0
6018,100000,0
6019,100000,0
6020,100000,0
6021,100000,0
6022,100000,200
6023,100000,0
6024,100000,200
6025,100000,0
6026,100000,200
6027,100000,0
6028,100000,0
6029,100000,0
6030,100000,0
6031,100000,200
6032,100000,200
6033,100000,200
6034,100000,320
6035,100000,200
6036,100000,400
6037,100000,0
6038,100000,400
6039,100000,200
6040,100000,0
6041,100000,0
6042,100000,0
6043,100000,200
6044,100000,200
6045,100000,0
6046,100000,200
6047,100000,200
6048,100000,0
6049,100000,200
6050,100000,200
6051,100000,200
6052,100000,200
6053,100000,0
6054,100000,0
6055,100000,400
6056,100000,600
6057,100000,0
6058,100000,0
6059,100000,0
6060,100000,0
6061,100000,0
6062,100000,0
6063,100000,0
6064,100000,160
6065,100000,0
6066,100000,200
6067,100000,320
6068,100000,0
6069,100000,0
6070,100000,730
6071,100000,0
6072,100000,400
6073,100000,280
6074,100000,200
6075,100000,0
6076,100000,200
6077,100000,260
6078,100000,200
6079,100000,0
6080,100000,0
6081,100000,0
6082,100000,400
6083,100000,200
6084,100000,200
6085,100000,0
6086,100000,0
6087,100000,200
6088,100000,0
6089,100000,0
6090,100000,400
6091,100000,0
6092,100000,0
6093,100000,200
6094,100000,0
6095,100000,0
6096,100000,0
6097,100000,0
6098,100000,200
6099,100000,0
6100,100000,200
6101,100000,0
6102,100000,200
6103,100000,60
6104,100000,0
6105,100000,0
6106,100000,200
6107,100000,0
6108,100000,200
6109,100000,0
6110,100000,50
6111,100000,350
6112,100000,0
6113,100000,240
6114,100000,0
6115,100000,200
6116,100000,200
6117,100000,0
6118,100000,200
6119,100000,320
6120,100000,0
6121,100000,200
6122,100000,0
6123,100000,200
6124,100000,400
6125,100000,0
6126,100000,200
6127,100000,0
6128,100000,200
6129,100000,0
6130,100000,200
6131,100000,200
6132,100000,0
6133,100000,200
6134,100000,200
6135,100000,200
6136,100000,400
6137,100000,400
6138,100000,200
6139,100000,200
6140,100000,0
6141,100000,0
6142,100000,400
6143,100000,0
6144,100000,0
6145,100000,0
6146,100000,0
6147,100000,200
6148,100000,0
6149,100000,0
6150,100000,0
6151,100000,300
6152,100000,0
6153,100000,400
6154,100000,0
6155,100000,200
6156,100000,0
6157,100000,200
6158,100000,200
6159,100000,400
6160,100000,0
6161,100000,0
6162,100000,0
6163,100000,600
6164,100000,0
6165,100000,200
6166,100000,0
6167,100000,200
6168,100000,0
6169,100000,0
6170,100000,0
6171,100000,240
6172,100000,0
6173,100000,60
6174,100000,0
6175,100000,280
6176,100000,200
6177,100000,0
6178,100000,0
6179,100000,0
6180,100000,0
6181,100000,0
6182,100000,200
6183,100000,0
6184,100000,0
6185,100000,0
6186,100000,0
6187,100000,0
6188,100000,0
6189,100000,200
6190,100000,0
6191,100000,0
6192,100000,200
6193,100000,200
6194,100000,0
6195,100000,0
6196,100000,0
6197,100000,0
6198,100000,0
6199,100000,400
6200,100000,0
6201,100000,0
6202,100000,400
6203,100000,200
6204,100000,0
6205,100000,0
6206,100000,0
6207,100000,0
6208,100000,0
6209,100000,0
6210,100000,200
6211,100000,0
6212,100000,200
6213,100000,0
6214,100000,0
6215,100000,0
6216,100000,150
6217,100000,600
6218,100000,0
6219,100000,200
6220,100000,0
6221,100000,0
6222,100000,60
6223,100000,200
6224,100000,0
6225,100000,0
6226,100000,0
6227,100000,0
6228,100000,60
6229,100000,0
6230,100000,200
6231,100000,0
6232,100000,0
6233,100000,0
6234,100000,0
6235,100000,200
6236,100000,200
6237,100000,0
6238,100000,0
6239,100000,200
6240,100000,200
6241,100000,320
6242,100000,200
6243,100000,0
6244,100000,0
6245,100000,0
6246,100000,400
6247,100000,600
6248,100000,200
6249,100000,400
6250,100000,0
6251,100000,200
6252,100000,0
6253,100000,200
6254,100000,0
6255,100000,200
6256,100000,0
6257,100000,400
6258,100000,0
6259,100000,500
6260,100000,200
6261,100000,0
6262,100000,0
6263,100000,40
6264,100000,0
6265,100000,0
6266,100000,280
6267,100000,0
6268,100000,400
6269,100000,0
6270,100000,300
6271,100000,0
6272,100000,400
6273,100000,0
6274,100000,0
6275,100000,0
6276,100000,740
6277,100000,0
6278,100000,0
6279,100000,0
6280,100000,200
6281,100000,200
6282,100000,200
6283,100000,0
6284,100000,0
6285,100000,200
6286,100000,400
6287,100000,0
6288,100000,200
6289,100000,0
6290,100000,0
6291,100000,200
6292,100000,200
6293,100000,0
6294,100000,0
6295,100000,200
6296,100000,0
6297,100000,0
6298,100000,400
6299,100000,0
6300,100000,200
6301,100000,0
6302,100000,200
6303,100000,0
6304,100000,200
6305,100000,460
6306,100000,200
6307,100000,400
6308,100000,0
6309,100000,0
6310,100000,200
6311,100000,400
6312,100000,0
6313,100000,200
6314,100000,0
6315,100000,200
6316,100000,0
6317,100000,0
6318,100000,0
6319,100000,200
6320,100000,0
6321,100000,200
6322,100000,0
6323,100000,200
6324,100000,200
6325,100000,200
6326,100000,0
6327,100000,200
6328,100000,200
6329,100000,200
6330,100000,200
6331,100000,0
6332,100000,200
6333,100000,0
6334,100000,200
6335,100000,200
6336,100000,200
6337,100000,200
6338,100000,0
6339,100000,400
6340,100000,0
6341,100000,0
6342,100000,0
6343,100000,0
6344,100000,0
6345,100000,200
6346,100000,400
6347,100000,0
6348,100000,0
6349,100000,0
6350,100000,0
6351,100000,200
6352,100000,200
6353,100000,0
6354,100000,200
6355,100000,0
6356,100000,0
6357,100000,200
6358,100000,0
6359,100000,0
6360,100000,0
6361,100000,200
6362,100000,0
6363,100000,200
6364,100000,200
6365,100000,400
6366,100000,0
6367,100000,0
6368,100000,200
6369,100000,0
6370,100000,200
6371,100000,200
6372,100000,0
6373,100000,200
6374,100000,200
6375,100000,0
6376,100000,0
6377,100000,200
6378,100000,0
6379,100000,600
6380,100000,200
6381,100000,0
6382,100000,0
6383,100000,0
6384,100000,0
6385,100000,0
6386,100000,0
6387,100000,0
6388,100000,0
6389,100000,340
6390,100000,0
6391,100000,200
6392,100000,0
6393,100000,200
6394,100000,200
6395,100000,0
6396,100000,200
6397,100000,200
6398,100000,0
6399,100000,0
6400,100000,400
6401,100000,0
6402,100000,0
6403,100000,80
6404,100000,0
6405,100000,0
6406,100000,200
6407,100000,200
6408,100000,0
6409,100000,200
6410,100000,200
6411,100000,0
6412,100000,200
6413,100000,0
6414,100000,0
6415,100000,260
6416,100000,0
6417,100000,200
6418,100000,200
6419,100000,200
6420,100000,600
6421,100000,0
6422,100000,200
6423,100000,0
6424,100000,200
6425,100000,0
6426,100000,0
6427,100000,200
6428,100000,200
6429,100000,0
6430,100000,200
6431,100000,0
6432,100000,200
6433,100000,320
6434,100000,200
6435,100000,0
6436,100000,0
6437,100000,0
6438,100000,200
6439,100000,0
6440,100000,0
6441,100000,0
6442,100000,0
6443,100000,200
6444,100000,0
6445,100000,200
6446,100000,0
6447,100000,0
6448,100000,0
6449,100000,200
6450,100000,200
6451,100000,230
6452,100000,0
6453,100000,200
6454,100000,0
6455,100000,200
6456,100000,200
6457,100000,0
6458,100000,260
6459,100000,200
6460,100000,400
6461,100000,0
6462,100000,200
6463,100000,280
6464,100000,0
6465,100000,200
6466,100000,400
6467,100000,0
6468,100000,0
6469,100000,200
6470,100000,200
6471,100000,0
6472,100000,0
6473,100000,400
6474,100000,400
6475,100000,80
6476,100000,0
6477,100000,0
6478,100000,200
6479,100000,0
6480,100000,0
6481,100000,0
6482,100000,200
6483,100000,200
6484,100000,0
6485,100000,0
6486,100000,0
6487,100000,0
6488,100000,200
6489,100000,400
6490,100000,0
6491,100000,200
6492,100000,0
6493,100000,400
6494,100000,500
6495,100000,0
6496,100000,0
6497,100000,200
6498,100000,200
6499,100000,0
6500,100000,200
6501,100000,0
6502,100000,0
6503,100000,0
6504,100000,200
6505,100000,200
6506,100000,200
6507,100000,0
6508,100000,0
6509,100000,200
6510,100000,200
6511,100000,200
6512,100000,0
6513,100000,400
6514,100000,0
6515,100000,0
6516,100000,0
6517,100000,400
6518,100000,200
6519,100000,0
6520,100000,0
6521,100000,0
6522,100000,0
6523,100000,200
6524,100000,0
6525,100000,0
6526,100000,0
6527,100000,0
6528,100000,400
6529,100000,200
6530,100000,0
6531,100000,0
6532,100000,200
6533,100000,0
6534,100000,0
6535,100000,0
6536,100000,0
6537,100000,680
6538,100000,200
6539,100000,240
6540,100000,0
6541,100000,200
6542,100000,200
6543,100000,200
6544,100000,400
6545,100000,0
6546,100000,0
6547,100000,0
6548,100000,0
6549,100000,0
6550,100000,200
6551,100000,0
6552,100000,200
6553,100000,200
6554,100000,0
6555,100000,0
6556,100000,0
6557,100000,200
6558,100000,0
6559,100000,200
6560,100000,200
6561,100000,60
6562,100000,40
6563,100000,200
6564,100000,200
6565,100000,80
6566,100000,200
6567,100000,250
6568,100000,0
6569,100000,200
6570,100000,200
6571,100000,400
6572,100000,200
6573,100000,200
6574,100000,400
6575,100000,0
6576,100000,200
6577,100000,200
6578,100000,200
6579,100000,0
6580,100000,0
6581,100000,0
6582,100000,600
6583,100000,200
6584,100000,0
6585,100000,0
6586,100000,0
6587,100000,0
6588,100000,200
6589,100000,0
6590,100000,30
6591,100000,200
6592,100000,0
6593,100000,0
6594,100000,200
6595,100000,0
6596,100000,0
6597,100000,240
6598,100000,200
6599,100000,200
6600,100000,200
6601,100000,400
6602,100000,0
6603,100000,0
6604,100000,0
6605,100000,200
6606,100000,0
6607,100000,250
6608,100000,200
6609,100000,400
6610,100000,200
6611,100000,0
6612,100000,200
6613,100000,0
6614,100000,0
6615,100000,0
6616,100000,200
6617,100000,200
6618,100000,200
6619,100000,0
6620,100000,0
6621,100000,0
6622,100000,0
6623,100000,0
6624,100000,620
6625,100000,200
6626,100000,400
6627,100000,0
6628,100000,0
6629,100000,0
6630,100000,0
6631,100000,200
6632,100000,0
6633,100000,0
6634,100000,0
6635,100000,200
6636,100000,0
6637,100000,0
6638,100000,0
6639,100000,120
6640,100000,160
6641,100000,40
6642,100000,0
6643,100000,200
6644,100000,0
6645,100000,0
6646,100000,200
6647,100000,0
6648,100000,0
6649,100000,0
6650,100000,400
6651,100000,200
6652,100000,200
6653,100000,200
6654,100000,0
6655,100000,0
6656,100000,0
6657,100000,200
6658,100000,200
6659,100000,400
6660,100000,200
6661,100000,400
6662,100000,0
6663,100000,0
6664,100000,200
6665,100000,400
6666,100000,200
6667,100000,400
6668,100000,200
6669,100000,0
6670,100000,0
6671,100000,0
6672,100000,0
6673,100000,400
6674,100000,250
6675,100000,50
6676,100000,30
6677,100000,400
6678,100000,0
6679,100000,0
6680,100000,260
6681,100000,0
6682,100000,0
6683,100000,250
6684,100000,400
6685,100000,200
6686,100000,250
6687,100000,200
6688,100000,200
6689,100000,570
6690,100000,0
6691,100000,250
6692,100000,200
6693,100000,200
6694,100000,0
6695,100000,0
6696,100000,200
6697,100000,200
6698,100000,400
6699,100000,240
6700,100000,0
6701,100000,200
6702,100000,200
6703,100000,0
6704,100000,0
6705,100000,200
6706,100000,200
6707,100000,200
6708,100000,50
6709,100000,200
6710,100000,0
6711,100000,200
6712,100000,0
6713,100000,400
6714,100000,0
6715,100000,0
6716,100000,0
6717,100000,400
6718,100000,200
6719,100000,200
6720,100000,200
6721,100000,200
6722,100000,0
6723,100000,0
6724,100000,0
6725,100000,200
6726,100000,200
6727,100000,0
6728,100000,200
6729,100000,400
6730,100000,0
6731,100000,200
6732,100000,200
6733,100000,400
6734,100000,200
6735,100000,450
6736,100000,0
6737,100000,200
6738,100000,200
6739,100000,200
6740,100000,0
6741,100000,0
6742,100000,0
6743,100000,0
6744,100000,0
6745,100000,400
6746,100000,200
6747,100000,200
6748,100000,200
6749,100000,200
6750,100000,360
6751,100000,200
6752,100000,400
6753,100000,0
6754,100000,200
6755,100000,0
6756,100000,0
6757,100000,360
6758,100000,0
6759,100000,200
6760,100000,60
6761,100000,0
6762,100000,0
6763,100000,400
6764,100000,0
6765,100000,200
6766,100000,0
6767,100000,400
6768,100000,200
6769,100000,400
6770,100000,0
6771,100000,0
6772,100000,200
6773,100000,0
6774,100000,0
6775,100000,200
6776,100000,0
6777,100000,0
6778,100000,0
6779,100000,200
6780,100000,0
6781,100000,200
6782,100000,200
6783,100000,0
6784,100000,120
6785,100000,80
6786,100000,0
6787,100000,200
6788,100000,60
6789,100000,200
6790,100000,0
6791,100000,200
6792,100000,0
6793,100000,400
6794,100000,200
6795,100000,0
6796,100000,400
6797,100000,200
6798,100000,300
6799,100000,200
6800,100000,560
6801,100000,40
6802,100000,0
6803,100000,200
6804,100000,0
6805,100000,280
6806,100000,0
6807,100000,0
6808,100000,30
6809,100000,0
6810,100000,200
6811,100000,280
6812,100000,0
6813,100000,0
6814,100000,200
6815,100000,0
6816,100000,0
6817,100000,200
6818,100000,200
6819,100000,430
6820,100000,0
6821,100000,400
6822,100000,200
6823,100000,200
6824,100000,200
6825,100000,0
6826,100000,200
6827,100000,0
6828,100000,0
6829,100000,200
6830,100000,0
6831,100000,80
6832,100000,0
6833,100000,200
6834,100000,0
6835,100000,200
6836,100000,200
6837,100000,200
6838,100000,200
6839,100000,160
6840,100000,0
6841,100000,200
6842,100000,400
6843,100000,200
6844,100000,200
6845,100000,0
6846,100000,400
6847,100000,200
6848,100000,200
6849,100000,0
6850,100000,0
6851,100000,0
6852,100000,0
6853,100000,0
6854,100000,200
6855,100000,200
6856,100000,280
6857,100000,850
6858,100000,0
6859,100000,0
6860,100000,0
6861,100000,0
6862,100000,0
6863,100000,200
6864,100000,60
6865,100000,0
6866,100000,0
6867,100000,0
6868,100000,360
6869,100000,0
6870,100000,0
6871,100000,400
6872,100000,0
6873,100000,200
6874,100000,200
6875,100000,200
6876,100000,200
6877,100000,400
6878,100000,200
6879,100000,0
6880,100000,80
6881,100000,200
6882,100000,0
6883,100000,160
6884,100000,160
6885,100000,260
6886,100000,0
6887,100000,0
6888,100000,200
6889,100000,0
6890,100000,600
6891,100000,600
6892,100000,200
6893,100000,0
6894,100000,200
6895,100000,200
6896,100000,0
6897,100000,400
6898,100000,480
6899,100000,200
6900,100000,200
6901,100000,200
6902,100000,0
6903,100000,0
6904,100000,200
6905,100000,200
6906,100000,0
6907,100000,400
6908,100000,0
6909,100000,200
6910,100000,200
6911,100000,200
6912,100000,0
6913,100000,0
6914,100000,200
6915,100000,0
6916,100000,0
6917,100000,30
6918,100000,0
6919,100000,80
6920,100000,200
6921,100000,0
6922,100000,200
6923,100000,400
6924,100000,0
6925,100000,260
6926,100000,0
6927,100000,0
6928,100000,200
6929,100000,200
6930,100000,200
6931,100000,0
6932,100000,0
6933,100000,200
6934,100000,200
6935,100000,0
6936,100000,0
6937,100000,200
6938,100000,260
6939,100000,200
6940,100000,0
6941,100000,460
6942,100000,0
6943,100000,0
6944,100000,200
6945,100000,400
6946,100000,400
6947,100000,200
6948,100000,200
6949,100000,200
6950,100000,200
6951,100000,200
6952,100000,200
6953,100000,0
6954,100000,0
6955,100000,0
6956,100000,200
6957,100000,0
6958,100000,0
6959,100000,0
6960,100000,0
6961,100000,30
6962,100000,200
6963,100000,0
6964,100000,200
6965,100000,0
6966,100000,400
6967,100000,400
6968,100000,200
6969,100000,0
6970,100000,0
6971,100000,0
6972,100000,200
6973,100000,0
6974,100000,400
6975,100000,200
6976,100000,320
6977,100000,200
6978,100000,200
6979,100000,400
6980,100000,200
6981,100000,320
6982,100000,0
6983,100000,0
6984,100000,0
6985,100000,200
6986,100000,0
6987,100000,400
6988,100000,400
6989,100000,200
6990,100000,200
6991,100000,200
6992,100000,0
6993,100000,200
6994,100000,200
6995,100000,0
6996,100000,600
6997,100000,0
6998,100000,0
6999,100000,0
7000,100000,200
7001,100000,0
7002,100000,0
7003,100000,200
7004,100000,0
7005,100000,200
7006,100000,0
7007,100000,60
7008,100000,0
7009,100000,200
7010,100000,400
7011,100000,0
7012,100000,400
7013,100000,0
7014,100000,200
7015,100000,230
7016,100000,0
7017,100000,0
7018,100000,0
7019,100000,200
7020,100000,200
7021,100000,400
7022,100000,0
7023,100000,0
7024,100000,290
7025,100000,0
7026,100000,200
7027,100000,0
7028,100000,0
7029,100000,0
7030,100000,0
7031,100000,60
7032,100000,200
7033,100000,0
7034,100000,0
7035,100000,200
7036,100000,0
7037,100000,200
7038,100000,0
7039,100000,0
7040,100000,0
7041,100000,0
7042,100000,0
7043,100000,0
7044,100000,0
7045,100000,0
7046,100000,400
7047,100000,260
7048,100000,0
7049,100000,200
7050,100000,0
7051,100000,240
7052,100000,60
7053,100000,0
7054,100000,100
7055,100000,200
7056,100000,0
7057,100000,200
7058,100000,200
7059,100000,0
7060,100000,200
7061,100000,0
7062,100000,200
7063,100000,0
7064,100000,0
7065,100000,200
7066,100000,200
7067,100000,0
7068,100000,200
7069,100000,120
7070,100000,0
7071,100000,280
7072,100000,100
7073,100000,400
7074,100000,0
7075,100000,200
7076,100000,600
7077,100000,0
7078,100000,120
7079,100000,200
7080,100000,200
7081,100000,200
7082,100000,230
7083,100000,0
7084,100000,0
7085,100000,0
7086,100000,0
7087,100000,0
7088,100000,250
7089,100000,0
7090,100000,0
7091,100000,200
7092,100000,560
7093,100000,200
7094,100000,0
7095,100000,350
7096,100000,160
7097,100000,0
7098,100000,0
7099,100000,0
7100,100000,0
7101,100000,200
7102,100000,0
7103,100000,200
7104,100000,200
7105,100000,200
7106,100000,0
7107,100000,450
7108,100000,200
7109,100000,450
7110,100000,260
7111,100000,0
7112,100000,260
7113,100000,0
7114,100000,200
7115,100000,80
7116,100000,0
7117,100000,200
7118,100000,0
7119,100000,0
7120,100000,0
7121,100000,0
7122,100000,600
7123,100000,0
7124,100000,0
7125,100000,400
7126,100000,0
7127,100000,280
7128,100000,200
7129,100000,200
7130,100000,700
7131,100000,0
7132,100000,80
7133,100000,0
7134,100000,0
7135,100000,0
7136,100000,400
7137,100000,0
7138,100000,200
7139,100000,60
7140,100000,50
7141,100000,0
7142,100000,0
7143,100000,50
7144,100000,200
7145,100000,0
7146,100000,0
7147,100000,0
7148,100000,0
7149,100000,0
7150,100000,0
7151,100000,200
7152,100000,30
7153,100000,300
7154,100000,0
7155,100000,0
7156,100000,200
7157,100000,200
7158,100000,0
7159,100000,0
7160,100000,0
7161,100000,50
7162,100000,0
7163,100000,0
7164,100000,0
7165,100000,80
7166,100000,0
7167,100000,0
7168,100000,0
7169,100000,0
7170,100000,0
7171,100000,200
7172,100000,550
7173,100000,200
7174,100000,0
7175,100000,400
7176,100000,250
7177,100000,0
7178,100000,200
7179,100000,200
7180,100000,200
7181,100000,0
7182,100000,200
7183,100000,400
7184,100000,200
7185,100000,200
7186,100000,0
7187,100000,200
7188,100000,0
7189,100000,0
7190,100000,200
7191,100000,400
7192,100000,0
7193,100000,0
7194,100000,0
7195,100000,0
7196,100000,0
7197,100000,400
7198,100000,200
7199,100000,0
7200,100000,200
7201,100000,100
7202,100000,0
7203,100000,0
7204,100000,0
7205,100000,0
7206,100000,0
7207,100000,200
7208,100000,0
7209,100000,30
7210,100000,200
7211,100000,0
7212,100000,0
7213,100000,400
7214,100000,0
7215,100000,200
7216,100000,0
7217,100000,200
7218,100000,0
7219,100000,200
7220,100000,200
7221,100000,0
7222,100000,200
7223,100000,0
7224,100000,200
7225,100000,0
7226,100000,0
7227,100000,0
7228,100000,0
7229,100000,200
7230,100000,0
7231,100000,160
7232,100000,160
7233,100000,200
7234,100000,0
7235,100000,0
7236,100000,200
7237,100000,400
7238,100000,0
7239,100000,0
7240,100000,0
7241,100000,0
7242,100000,200
7243,100000,200
7244,100000,200
7245,100000,0
7246,100000,200
7247,100000,520
7248,100000,0
7249,100000,0
7250,100000,0
7251,100000,0
7252,100000,200
7253,100000,0
7254,100000,0
7255,100000,200
7256,100000,400
7257,100000,0
7258,100000,50
7259,100000,250
7260,100000,40
7261,100000,0
7262,100000,0
7263,100000,200
7264,100000,0
7265,100000,200
7266,100000,0
7267,100000,200
7268,100000,200
7269,100000,200
7270,100000,200
7271,100000,0
7272,100000,200
7273,100000,160
7274,100000,0
7275,100000,0
7276,100000,400
7277,100000,0
7278,100000,400
7279,100000,480
7280,100000,30
7281,100000,0
7282,100000,0
7283,100000,240
7284,100000,200
7285,100000,0
7286,100000,0
7287,100000,0
7288,100000,0
7289,100000,400
7290,100000,0
7291,100000,200
7292,100000,0
7293,100000,200
7294,100000,0
7295,100000,0
7296,100000,60
7297,100000,0
7298,100000,0
7299,100000,200
7300,100000,0
7301,100000,0
7302,100000,200
7303,100000,400
7304,100000,200
7305,100000,200
7306,100000,60
7307,100000,200
7308,100000,0
7309,100000,400
7310,100000,350
7311,100000,0
7312,100000,0
7313,100000,200
7314,100000,200
7315,100000,0
7316,100000,200
7317,100000,200
7318,100000,200
7319,100000,200
7320,100000,0
7321,100000,0
7322,100000,0
7323,100000,0
7324,100000,0
7325,100000,200
7326,100000,200
7327,100000,0
7328,100000,0
7329,100000,0
7330,100000,200
7331,100000,0
7332,100000,400
7333,100000,0
7334,100000,250
7335,100000,0
7336,100000,0
7337,100000,0
7338,100000,200
7339,100000,30
7340,100000,0
7341,100000,200
7342,100000,0
7343,100000,0
7344,100000,200
7345,100000,0
7346,100000,200
7347,100000,0
7348,100000,0
7349,100000,0
7350,100000,0
7351,100000,200
7352,100000,0
7353,100000,200
7354,100000,40
7355,100000,200
7356,100000,510
7357,100000,0
7358,100000,200
7359,100000,200
7360,100000,0
7361,100000,120
7362,100000,400
7363,100000,0
7364,100000,0
7365,100000,0
7366,100000,200
7367,100000,200
7368,100000,0
7369,100000,200
7370,100000,200
7371,100000,0
7372,100000,200
7373,100000,200
7374,100000,0
7375,100000,0
7376,100000,0
7377,100000,0
7378,100000,200
7379,100000,0
7380,100000,0
7381,100000,200
7382,100000,140
7383,100000,200
7384,100000,0
7385,100000,200
7386,100000,400
7387,100000,200
7388,100000,400
7389,100000,0
7390,100000,0
7391,100000,200
7392,100000,0
7393,100000,160
7394,100000,200
7395,100000,0
7396,100000,400
7397,100000,0
7398,100000,0
7399,100000,200
7400,100000,60
7401,100000,0
7402,100000,200
7403,100000,200
7404,100000,0
7405,100000,200
7406,100000,200
7407,100000,200
7408,100000,0
7409,100000,0
7410,100000,0
7411,100000,200
7412,100000,400
7413,100000,200
7414,100000,0
7415,100000,200
7416,100000,200
7417,100000,0
7418,100000,0
7419,100000,440
7420,100000,200
7421,100000,0
7422,100000,200
7423,100000,0
7424,100000,40
7425,100000,400
7426,100000,200
7427,100000,0
7428,100000,350
7429,100000,0
7430,100000,0
7431,100000,80
7432,100000,200
7433,100000,0
7434,100000,0
7435,100000,0
7436,100000,240
7437,100000,600
7438,100000,0
7439,100000,200
7440,100000,400
7441,100000,200
7442,100000,200
7443,100000,200
7444,100000,280
7445,100000,200
7446,100000,260
7447,100000,0
7448,100000,0
7449,100000,0
7450,100000,0
7451,100000,0
7452,100000,0
7453,100000,200
7454,100000,0
7455,100000,0
7456,100000,280
7457,100000,0
7458,100000,0
7459,100000,0
7460,100000,0
7461,100000,400
7462,100000,200
7463,100000,500
7464,100000,600
7465,100000,420
7466,100000,200
7467,100000,0
7468,100000,0
7469,100000,200
7470,100000,0
7471,100000,200
7472,100000,0
7473,100000,200
7474,100000,0
7475,100000,200
7476,100000,0
7477,100000,60
7478,100000,200
7479,100000,60
7480,100000,80
7481,100000,0
7482,100000,200
7483,100000,0
7484,100000,0
7485,100000,0
7486,100000,0
7487,100000,200
7488,100000,200
7489,100000,400
7490,100000,200
7491,100000,0
7492,100000,200
7493,100000,450
7494,100000,80
7495,100000,0
7496,100000,0
7497,100000,230
7498,100000,0
7499,100000,200
7500,100000,0
7501,100000,0
7502,100000,200
7503,100000,200
7504,100000,0
7505,100000,200
7506,100000,0
7507,100000,200
7508,100000,0
7509,100000,0
7510,100000,0
7511,100000,200
7512,100000,0
7513,100000,0
7514,100000,200
7515,100000,400
7516,100000,200
7517,100000,400
7518,100000,0
7519,100000,0
7520,100000,200
7521,100000,200
7522,100000,400
7523,100000,200
7524,100000,400
7525,100000,0
7526,100000,350
7527,100000,0
7528,100000,200
7529,100000,0
7530,100000,200
7531,100000,400
7532,100000,0
7533,100000,0
7534,100000,0
7535,100000,200
7536,100000,0
7537,100000,200
7538,100000,280
7539,100000,200
7540,100000,280
7541,100000,0
7542,100000,980
7543,100000,200
7544,100000,0
7545,100000,0
7546,100000,0
7547,100000,200
7548,100000,0
7549,100000,400
7550,100000,400
7551,100000,0
7552,100000,250
7553,100000,200
7554,100000,200
7555,100000,200
7556,100000,200
7557,100000,0
7558,100000,200
7559,100000,0
7560,100000,0
7561,100000,0
7562,100000,0
7563,100000,0
7564,100000,200
7565,100000,0
7566,100000,200
7567,100000,0
7568,100000,320
7569,100000,0
7570,100000,0
7571,100000,0
7572,100000,0
7573,100000,400
7574,100000,0
7575,100000,200
7576,100000,0
7577,100000,150
7578,100000,0
7579,100000,30
7580,100000,0
7581,100000,200
7582,100000,200
7583,100000,0
7584,100000,0
7585,100000,80
7586,100000,0
7587,100000,0
7588,100000,200
7589,100000,0
7590,100000,200
7591,100000,200
7592,100000,200
7593,100000,0
7594,100000,200
7595,100000,400
7596,100000,200
7597,100000,200
7598,100000,0
7599,100000,240
7600,100000,40
7601,100000,0
7602,100000,0
7603,100000,0
7604,100000,0
7605,100000,200
7606,100000,200
7607,100000,0
7608,100000,0
7609,100000,200
7610,100000,0
7611,100000,0
7612,100000,0
7613,100000,60
7614,100000,0
7615,100000,30
7616,100000,400
7617,100000,0
7618,100000,0
7619,100000,200
7620,100000,0
7621,100000,0
7622,100000,0
7623,100000,0
7624,100000,0
7625,100000,200
7626,100000,560
7627,100000,0
7628,100000,200
7629,100000,200
7630,100000,500
7631,100000,0
7632,100000,200
7633,100000,400
7634,100000,0
7635,100000,0
7636,100000,100
7637,100000,400
7638,100000,0
7639,100000,0
7640,100000,200
7641,100000,0
7642,100000,200
7643,100000,0
7644,100000,200
7645,100000,200
7646,100000,0
7647,100000,200
7648,100000,400
7649,100000,400
7650,100000,200
7651,100000,200
7652,100000,0
7653,100000,260
7654,100000,0
7655,100000,0
7656,100000,0
7657,100000,0
7658,100000,200
7659,100000,200
7660,100000,250
7661,100000,0
7662,100000,200
7663,100000,0
7664,100000,580
7665,100000,200
7666,100000,0
7667,100000,0
7668,100000,200
7669,100000,0
7670,100000,200
7671,100000,200
7672,100000,0
7673,100000,200
7674,100000,200
7675,100000,200
7676,100000,200
7677,100000,200
7678,100000,200
7679,100000,0
7680,100000,400
7681,100000,0
7682,100000,0
7683,100000,0
7684,100000,400
7685,100000,200
7686,100000,300
7687,100000,360
7688,100000,200
7689,100000,320
7690,100000,0
7691,100000,200
7692,100000,0
7693,100000,0
7694,100000,540
7695,100000,200
7696,100000,0
7697,100000,200
7698,100000,0
7699,100000,0
7700,100000,200
7701,100000,0
7702,100000,60
7703,100000,400
7704,100000,0
7705,100000,200
7706,100000,0
7707,100000,200
7708,100000,0
7709,100000,360
7710,100000,200
7711,100000,0
7712,100000,0
7713,100000,0
7714,100000,0
7715,100000,0
7716,100000,200
7717,100000,0
7718,100000,200
7719,100000,200
7720,100000,200
7721,100000,0
7722,100000,50
7723,100000,0
7724,100000,400
7725,100000,0
7726,100000,200
7727,100000,0
7728,100000,200
7729,100000,200
7730,100000,200
7731,100000,200
7732,100000,200
7733,100000,0
7734,100000,0
7735,100000,200
7736,100000,200
7737,100000,0
7738,100000,0
7739,100000,600
7740,100000,0
7741,100000,200
7742,100000,0
7743,100000,200
7744,100000,0
7745,100000,400
7746,100000,250
7747,100000,0
7748,100000,50
7749,100000,200
7750,100000,200
7751,100000,400
7752,100000,200
7753,100000,400
7754,100000,0
7755,100000,400
7756,100000,0
7757,100000,200
7758,100000,200
7759,100000,0
7760,100000,0
7761,100000,0
7762,100000,400
7763,100000,200
7764,100000,0
7765,100000,400
7766,100000,400
7767,100000,0
7768,100000,0
7769,100000,0
7770,100000,0
7771,100000,0
7772,100000,200
7773,100000,200
7774,100000,400
7775,100000,200
7776,100000,200
7777,100000,200
7778,100000,200
7779,100000,400
7780,100000,200
7781,100000,200
7782,100000,100
7783,100000,0
7784,100000,0
7785,100000,260
7786,100000,0
7787,100000,200
7788,100000,200
7789,100000,200
7790,100000,650
7791,100000,400
7792,100000,200
7793,100000,200
7794,100000,230
7795,100000,200
7796,100000,0
7797,100000,0
7798,100000,200
7799,100000,200
7800,100000,200
7801,100000,450
7802,100000,300
7803,100000,300
7804,100000,200
7805,100000,200
7806,100000,200
7807,100000,0
7808,100000,200
7809,100000,0
7810,100000,0
7811,100000,200
7812,100000,200
7813,100000,400
7814,100000,0
7815,100000,200
7816,100000,200
7817,100000,0
7818,100000,200
7819,100000,0
7820,100000,400
7821,100000,0
7822,100000,250
7823,100000,0
7824,100000,0
7825,100000,200
7826,100000,0
7827,100000,200
7828,100000,200
7829,100000,200
7830,100000,0
7831,100000,600
7832,100000,200
7833,100000,0
7834,100000,0
7835,100000,200
7836,100000,0
7837,100000,0
7838,100000,0
7839,100000,200
7840,100000,0
7841,100000,0
7842,100000,0
7843,100000,200
7844,100000,0
7845,100000,200
7846,100000,0
7847,100000,200
7848,100000,0
7849,100000,200
7850,100000,200
7851,100000,0
7852,100000,200
7853,100000,400
7854,100000,0
7855,100000,0
7856,100000,200
7857,100000,0
7858,100000,0
7859,100000,0
7860,100000,0
7861,100000,200
7862,100000,200
7863,100000,320
7864,100000,200
7865,100000,240
7866,100000,400
7867,100000,0
7868,100000,400
7869,100000,0
7870,100000,0
7871,100000,200
7872,100000,0
7873,100000,0
7874,100000,400
7875,100000,0
7876,100000,200
7877,100000,200
7878,100000,200
7879,100000,200
7880,100000,0
7881,100000,800
7882,100000,200
7883,100000,200
7884,100000,0
7885,100000,0
7886,100000,200
7887,100000,0
7888,100000,600
7889,100000,200
7890,100000,300
7891,100000,600
7892,100000,200
7893,100000,0
7894,100000,60
7895,100000,400
7896,100000,200
7897,100000,200
7898,100000,200
7899,100000,80
7900,100000,0
7901,100000,0
7902,100000,0
7903,100000,200
7904,100000,200
7905,100000,200
7906,100000,80
7907,100000,0
7908,100000,200
7909,100000,400
7910,100000,0
7911,100000,200
7912,100000,200
7913,100000,920
7914,100000,0
7915,100000,200
7916,100000,200
7917,100000,200
7918,100000,200
7919,100000,0
7920,100000,400
7921,100000,200
7922,100000,200
7923,100000,200
7924,100000,240
7925,100000,280
7926,100000,0
7927,100000,0
7928,100000,450
7929,100000,200
7930,100000,600
7931,100000,50
7932,100000,200
7933,100000,0
7934,100000,200
7935,100000,0
7936,100000,300
7937,100000,200
7938,100000,200
7939,100000,200
7940,100000,200
7941,100000,0
7942,100000,0
7943,100000,320
7944,100000,200
7945,100000,400
7946,100000,0
7947,100000,0
7948,100000,220
7949,100000,0
7950,100000,200
7951,100000,200
7952,100000,200
7953,100000,350
7954,100000,0
7955,100000,400
7956,100000,200
7957,100000,200
7958,100000,200
7959,100000,200
7960,100000,200
7961,100000,0
7962,100000,200
7963,100000,0
7964,100000,200
7965,100000,200
7966,100000,200
7967,100000,200
7968,100000,200
7969,100000,200
7970,100000,0
7971,100000,460
7972,100000,0
7973,100000,200
7974,100000,0
7975,100000,0
7976,100000,400
7977,100000,200
7978,100000,400
7979,100000,0
7980,100000,400
7981,100000,0
7982,100000,0
7983,100000,200
7984,100000,0
7985,100000,200
7986,100000,0
7987,100000,60
7988,100000,0
7989,100000,200
7990,100000,200
7991,100000,200
7992,100000,30
7993,100000,240
7994,100000,200
7995,100000,60
7996,100000,200
7997,100000,200
7998,100000,0
7999,100000,200
8000,100000,0
8001,100000,0
8002,100000,200
8003,100000,200
8004,100000,200
8005,100000,0
8006,100000,0
8007,100000,0
8008,100000,0
8009,100000,0
8010,100000,400
8011,100000,200
8012,100000,0
8013,100000,0
8014,100000,0
8015,100000,200
8016,100000,0
8017,100000,200
8018,100000,0
8019,100000,200
8020,100000,0
8021,100000,0
8022,100000,0
8023,100000,200
8024,100000,0
8025,100000,0
8026,100000,200
8027,100000,0
8028,100000,0
8029,100000,200
8030,100000,0
8031,100000,200
8032,100000,200
8033,100000,120
8034,100000,0
8035,100000,0
8036,100000,0
8037,100000,0
8038,100000,200
8039,100000,0
8040,100000,0
8041,100000,0
8042,100000,400
8043,100000,200
8044,100000,400
8045,100000,200
8046,100000,450
8047,100000,200
8048,100000,0
8049,100000,200
8050,100000,0
8051,100000,200
8052,100000,400
8053,100000,0
8054,100000,0
8055,100000,200
8056,100000,0
8057,100000,0
8058,100000,250
8059,100000,400
8060,100000,30
8061,100000,0
8062,100000,200
8063,100000,200
8064,100000,0
8065,100000,200
8066,100000,0
8067,100000,200
8068,100000,200
8069,100000,200
8070,100000,200
8071,100000,400
8072,100000,200
8073,100000,0
8074,100000,200
8075,100000,200
8076,100000,320
8077,100000,200
8078,100000,0
8079,100000,0
8080,100000,200
8081,100000,200
8082,100000,0
8083,100000,0
8084,100000,0
8085,100000,0
8086,100000,0
8087,100000,400
8088,100000,200
8089,100000,0
8090,100000,0
8091,100000,200
8092,100000,400
8093,100000,0
8094,100000,0
8095,100000,0
8096,100000,200
8097,100000,0
8098,100000,500
8099,100000,200
8100,100000,200
8101,100000,200
8102,100000,0
8103,100000,200
8104,100000,0
8105,100000,0
8106,100000,200
8107,100000,0
8108,100000,0
8109,100000,0
8110,100000,200
8111,100000,0
8112,100000,200
8113,100000,400
8114,100000,0
8115,100000,200
8116,100000,0
8117,100000,0
8118,100000,0
8119,100000,200
8120,100000,0
8121,100000,200
8122,100000,200
8123,100000,0
8124,100000,200
8125,100000,40
8126,100000,200
8127,100000,0
8128,100000,0
8129,100000,0
8130,100000,0
8131,100000,0
8132,100000,0
8133,100000,200
8134,100000,0
8135,100000,60
8136,100000,0
8137,100000,0
8138,100000,60
8139,100000,400
8140,100000,200
8141,100000,0
8142,100000,0
8143,100000,0
8144,100000,0
8145,100000,0
8146,100000,400
8147,100000,0
8148,100000,0
8149,100000,0
8150,100000,30
8151,100000,200
8152,100000,300
8153,100000,200
8154,100000,200
8155,100000,0
8156,100000,0
8157,100000,200
8158,100000,200
8159,100000,40
8160,100000,240
8161,100000,0
8162,100000,0
8163,100000,400
8164,100000,0
8165,100000,0
8166,100000,200
8167,100000,0
8168,100000,0
8169,100000,0
8170,100000,280
8171,100000,600
8172,100000,0
8173,100000,200
8174,100000,0
8175,100000,200
8176,100000,120
8177,100000,0
8178,100000,400
8179,100000,0
8180,100000,400
8181,100000,0
8182,100000,0
8183,100000,0
8184,100000,200
8185,100000,0
8186,100000,0
8187,100000,200
8188,100000,200
8189,100000,0
8190,100000,300
8191,100000,400
8192,100000,200
8193,100000,0
8194,100000,0
8195,100000,0
8196,100000,200
8197,100000,200
8198,100000,200
8199,100000,70
8200,100000,0
8201,100000,230
8202,100000,0
8203,100000,200
8204,100000,450
8205,100000,0
8206,100000,0
8207,100000,0
8208,100000,0
8209,100000,460
8210,100000,200
8211,100000,0
8212,100000,0
8213,100000,0
8214,100000,0
8215,100000,0
8216,100000,0
8217,100000,200
8218,100000,0
8219,100000,200
8220,100000,0
8221,100000,0
8222,100000,0
8223,100000,80
8224,100000,0
8225,100000,0
8226,100000,400
8227,100000,0
8228,100000,0
8229,100000,200
8230,100000,200
8231,100000,200
8232,100000,360
8233,100000,0
8234,100000,200
8235,100000,0
8236,100000,200
8237,100000,200
8238,100000,200
8239,100000,0
8240,100000,0
8241,100000,0
8242,100000,0
8243,100000,200
8244,100000,0
8245,100000,200
8246,100000,200
8247,100000,0
8248,100000,60
8249,100000,0
8250,100000,200
8251,100000,200
8252,100000,50
8253,100000,200
8254,100000,0
8255,100000,200
8256,100000,460
8257,100000,200
8258,100000,200
8259,100000,200
8260,100000,400
8261,100000,0
8262,100000,200
8263,100000,0
8264,100000,0
8265,100000,0
8266,100000,0
8267,100000,0
8268,100000,0
8269,100000,200
8270,100000,230
8271,100000,200
8272,100000,0
8273,100000,0
8274,100000,0
8275,100000,0
8276,100000,200
8277,100000,200
8278,100000,200
8279,100000,400
8280,100000,0
8281,100000,200
8282,100000,0
8283,100000,0
8284,100000,60
8285,100000,200
8286,100000,0
8287,100000,0
8288,100000,0
8289,100000,0
8290,100000,0
8291,100000,120
8292,100000,400
8293,100000,80
8294,100000,0
8295,100000,0
8296,100000,400
8297,100000,200
8298,100000,0
8299,100000,0
8300,100000,200
8301,100000,0
8302,100000,0
8303,100000,200
8304,100000,0
8305,100000,0
8306,100000,0
8307,100000,200
8308,100000,60
8309,100000,0
8310,100000,0
8311,100000,0
8312,100000,0
8313,100000,60
8314,100000,0
8315,100000,200
8316,100000,400
8317,100000,0
8318,100000,0
8319,100000,50
8320,100000,200
8321,100000,0
8322,100000,400
8323,100000,0
8324,100000,200
8325,100000,500
8326,100000,0
8327,100000,240
8328,100000,0
8329,100000,0
8330,100000,400
8331,100000,0
8332,100000,200
8333,100000,200
8334,100000,0
8335,100000,200
8336,100000,200
8337,100000,0
8338,100000,0
8339,100000,200
8340,100000,200
8341,100000,0
8342,100000,400
8343,100000,250
8344,100000,0
8345,100000,350
8346,100000,0
8347,100000,0
8348,100000,0
8349,100000,0
8350,100000,240
8351,100000,0
8352,100000,650
8353,100000,200
8354,100000,200
8355,100000,200
8356,100000,400
8357,100000,400
8358,100000,600
8359,100000,0
8360,100000,0
8361,100000,0
8362,100000,250
8363,100000,200
8364,100000,0
8365,100000,50
8366,100000,200
8367,100000,0
8368,100000,400
8369,100000,0
8370,100000,200
8371,100000,400
8372,100000,200
8373,100000,0
8374,100000,0
8375,100000,0
8376,100000,0
8377,100000,200
8378,100000,0
8379,100000,0
8380,100000,200
8381,100000,0
8382,100000,0
8383,100000,0
8384,100000,0
8385,100000,0
8386,100000,80
8387,100000,200
8388,100000,320
8389,100000,200
8390,100000,0
8391,100000,0
8392,100000,0
8393,100000,0
8394,100000,200
8395,100000,0
8396,100000,200
8397,100000,200
8398,100000,0
8399,100000,400
8400,100000,30
8401,100000,280
8402,100000,0
8403,100000,0
8404,100000,0
8405,100000,0
8406,100000,200
8407,100000,0
8408,100000,200
8409,100000,200
8410,100000,0
8411,100000,200
8412,100000,200
8413,100000,200
8414,100000,0
8415,100000,0
8416,100000,0
8417,100000,260
8418,100000,200
8419,100000,200
8420,100000,0
8421,100000,200
8422,100000,260
8423,100000,0
8424,100000,0
8425,100000,0
8426,100000,200
8427,100000,0
8428,100000,200
8429,100000,0
8430,100000,200
8431,100000,400
8432,100000,0
8433,100000,200
8434,100000,400
8435,100000,400
8436,100000,0
8437,100000,280
8438,100000,0
8439,100000,120
8440,100000,0
8441,100000,0
8442,100000,0
8443,100000,200
8444,100000,200
8445,100000,160
8446,100000,200
8447,100000,0
8448,100000,200
8449,100000,460
8450,100000,200
8451,100000,0
8452,100000,400
8453,100000,200
8454,100000,0
8455,100000,200
8456,100000,0
8457,100000,0
8458,100000,0
8459,100000,40
8460,100000,0
8461,100000,200
8462,100000,200
8463,100000,0
8464,100000,0
8465,100000,0
8466,100000,200
8467,100000,0
8468,100000,0
8469,100000,0
8470,100000,200
8471,100000,0
8472,100000,200
8473,100000,200
8474,100000,0
8475,100000,200
8476,100000,200
8477,100000,500
8478,100000,200
8479,100000,200
8480,100000,200
8481,100000,60
8482,100000,0
8483,100000,0
8484,100000,200
8485,100000,200
8486,100000,0
8487,100000,0
8488,100000,0
8489,100000,200
8490,100000,200
8491,100000,0
8492,100000,0
8493,100000,280
8494,100000,0
8495,100000,200
8496,100000,0
8497,100000,0
8498,100000,250
8499,100000,200
8500,100000,0
8501,100000,0
8502,100000,200
8503,100000,0
8504,100000,200
8505,100000,200
8506,100000,0
8507,100000,400
8508,100000,0
8509,100000,0
8510,100000,200
8511,100000,400
8512,100000,0
8513,100000,200
8514,100000,0
8515,100000,0
8516,100000,0
8517,100000,0
8518,100000,550
8519,100000,0
8520,100000,0
8521,100000,180
8522,100000,0
8523,100000,0
8524,100000,200
8525,100000,200
8526,100000,60
8527,100000,0
8528,100000,200
8529,100000,200
8530,100000,200
8531,100000,0
8532,100000,200
8533,100000,200
8534,100000,0
8535,100000,600
8536,100000,200
8537,100000,200
8538,100000,0
8539,100000,0
8540,100000,0
8541,100000,0
8542,100000,400
8543,100000,0
8544,100000,0
8545,100000,200
8546,100000,200
8547,100000,0
8548,100000,200
8549,100000,200
8550,100000,200
8551,100000,200
8552,100000,0
8553,100000,0
8554,100000,0
8555,100000,200
8556,100000,200
8557,100000,200
8558,100000,200
8559,100000,0
8560,100000,200
8561,100000,120
8562,100000,400
8563,100000,0
8564,100000,0
8565,100000,0
8566,100000,200
8567,100000,0
8568,100000,0
8569,100000,0
8570,100000,0
8571,100000,200
8572,100000,200
8573,100000,0
8574,100000,0
8575,100000,0
8576,100000,200
8577,100000,400
8578,100000,0
8579,100000,0
8580,100000,200
8581,100000,0
8582,100000,200
8583,100000,0
8584,100000,200
8585,100000,0
8586,100000,0
8587,100000,0
8588,100000,0
8589,100000,0
8590,100000,0
8591,100000,0
8592,100000,0
8593,100000,0
8594,100000,0
8595,100000,0
8596,100000,30
8597,100000,200
8598,100000,0
8599,100000,40
8600,100000,120
8601,100000,0
8602,100000,200
8603,100000,200
8604,100000,200
8605,100000,0
8606,100000,350
8607,100000,200
8608,100000,400
8609,100000,0
8610,100000,200
8611,100000,200
8612,100000,0
8613,100000,0
8614,100000,200
8615,100000,200
8616,100000,400
8617,100000,200
8618,100000,200
8619,100000,0
8620,100000,0
8621,100000,820
8622,100000,200
8623,100000,0
8624,100000,0
8625,100000,200
8626,100000,0
8627,100000,0
8628,100000,400
8629,100000,0
8630,100000,0
8631,100000,200
8632,100000,0
8633,100000,200
8634,100000,200
8635,100000,0
8636,100000,200
8637,100000,0
8638,100000,200
8639,100000,400
8640,100000,0
8641,100000,0
8642,100000,0
8643,100000,320
8644,100000,120
8645,100000,400
8646,100000,200
8647,100000,0
8648,100000,200
8649,100000,200
8650,100000,100
8651,100000,200
8652,100000,200
8653,100000,0
8654,100000,0
8655,100000,0
8656,100000,200
8657,100000,400
8658,100000,200
8659,100000,200
8660,100000,200
8661,100000,200
8662,100000,200
8663,100000,0
8664,100000,0
8665,100000,0
8666,100000,200
8667,100000,400
8668,100000,250
8669,100000,200
8670,100000,200
8671,100000,0
8672,100000,600
8673,100000,80
8674,100000,200
8675,100000,0
8676,100000,0
8677,100000,230
8678,100000,400
8679,100000,240
8680,100000,200
8681,100000,0
8682,100000,400
8683,100000,200
8684,100000,200
8685,100000,0
8686,100000,0
8687,100000,0
8688,100000,0
8689,100000,0
8690,100000,400
8691,100000,200
8692,100000,0
8693,100000,0
8694,100000,200
8695,100000,200
8696,100000,0
8697,100000,200
8698,100000,0
8699,100000,200
8700,100000,200
8701,100000,50
8702,100000,0
8703,100000,400
8704,100000,200
8705,100000,0
8706,100000,160
8707,100000,0
8708,100000,200
8709,100000,200
8710,100000,200
8711,100000,200
8712,100000,120
8713,100000,0
8714,100000,370
8715,100000,200
8716,100000,400
8717,100000,400
8718,100000,200
8719,100000,200
8720,100000,0
8721,100000,200
8722,100000,200
8723,100000,200
8724,100000,40
8725,100000,40
8726,100000,0
8727,100000,200
8728,100000,0
8729,100000,200
8730,100000,200
8731,100000,0
8732,100000,200
8733,100000,400
8734,100000,0
8735,100000,0
8736,100000,200
8737,100000,0
8738,100000,0
8739,100000,0
8740,100000,0
8741,100000,0
8742,100000,200
8743,100000,200
8744,100000,0
8745,100000,400
8746,100000,80
8747,100000,0
8748,100000,200
8749,100000,30
8750,100000,250
8751,100000,0
8752,100000,460
8753,100000,400
8754,100000,0
8755,100000,700
8756,100000,200
8757,100000,200
8758,100000,200
8759,100000,0
8760,100000,200
8761,100000,0
8762,100000,0
8763,100000,200
8764,100000,0
8765,100000,400
8766,100000,0
8767,100000,0
8768,100000,0
8769,100000,200
8770,100000,200
8771,100000,0
8772,100000,240
8773,100000,200
8774,100000,0
8775,100000,0
8776,100000,0
8777,100000,0
8778,100000,280
8779,100000,160
8780,100000,200
8781,100000,0
8782,100000,0
8783,100000,200
8784,100000,0
8785,100000,0
8786,100000,0
8787,100000,200
8788,100000,200
8789,100000,0
8790,100000,400
8791,100000,30
8792,100000,0
8793,100000,0
8794,100000,0
8795,100000,200
8796,100000,0
8797,100000,200
8798,100000,0
8799,100000,0
8800,100000,200
8801,100000,200
8802,100000,200
8803,100000,0
8804,100000,0
8805,100000,200
8806,100000,200
8807,100000,200
8808,100000,0
8809,100000,200
8810,100000,200
8811,100000,200
8812,100000,440
8813,100000,0
8814,100000,200
8815,100000,200
8816,100000,0
8817,100000,200
8818,100000,400
8819,100000,0
8820,100000,0
8821,100000,0
8822,100000,60
8823,100000,200
8824,100000,200
8825,100000,200
8826,100000,0
8827,100000,0
8828,100000,0
8829,100000,0
8830,100000,340
8831,100000,200
8832,100000,0
8833,100000,200
8834,100000,400
8835,100000,200
8836,100000,400
8837,100000,200
8838,100000,200
8839,100000,60
8840,100000,0
8841,100000,0
8842,100000,0
8843,100000,0
8844,100000,0
8845,100000,200
8846,100000,0
8847,100000,200
8848,100000,60
8849,100000,200
8850,100000,0
8851,100000,0
8852,100000,100
8853,100000,200
8854,100000,250
8855,100000,200
8856,100000,200
8857,100000,200
8858,100000,0
8859,100000,0
8860,100000,200
8861,100000,120
8862,100000,200
8863,100000,200
8864,100000,0
8865,100000,0
8866,100000,250
8867,100000,0
8868,100000,320
8869,100000,0
8870,100000,0
8871,100000,200
8872,100000,280
8873,100000,200
8874,100000,200
8875,100000,200
8876,100000,400
8877,100000,200
8878,100000,200
8879,100000,0
8880,100000,0
8881,100000,200
8882,100000,0
8883,100000,0
8884,100000,0
8885,100000,0
8886,100000,200
8887,100000,0
8888,100000,0
8889,100000,200
8890,100000,0
8891,100000,0
8892,100000,0
8893,100000,290
8894,100000,0
8895,100000,200
8896,100000,200
8897,100000,0
8898,100000,0
8899,100000,200
8900,100000,0
8901,100000,200
8902,100000,200
8903,100000,0
8904,100000,400
8905,100000,500
8906,100000,200
8907,100000,0
8908,100000,200
8909,100000,0
8910,100000,200
8911,100000,0
8912,100000,200
8913,100000,200
8914,100000,0
8915,100000,200
8916,100000,0
8917,100000,0
8918,100000,0
8919,100000,200
8920,100000,200
8921,100000,0
8922,100000,200
8923,100000,200
8924,100000,0
8925,100000,0
8926,100000,200
8927,100000,200
8928,100000,200
8929,100000,0
8930,100000,600
8931,100000,0
8932,100000,50
8933,100000,0
8934,100000,0
8935,100000,0
8936,100000,200
8937,100000,0
8938,100000,0
8939,100000,200
8940,100000,0
8941,100000,200
8942,100000,280
8943,100000,250
8944,100000,400
8945,100000,400
8946,100000,0
8947,100000,0
8948,100000,0
8949,100000,0
8950,100000,200
8951,100000,0
8952,100000,0
8953,100000,0
8954,100000,320
8955,100000,30
8956,100000,200
8957,100000,0
8958,100000,200
8959,100000,0
8960,100000,600
8961,100000,0
8962,100000,0
8963,100000,80
8964,100000,0
8965,100000,190
8966,100000,400
8967,100000,200
8968,100000,280
8969,100000,0
8970,100000,200
8971,100000,0
8972,100000,0
8973,100000,0
8974,100000,400
8975,100000,200
8976,100000,400
8977,100000,200
8978,100000,200
8979,100000,400
8980,100000,200
8981,100000,200
8982,100000,0
8983,100000,200
8984,100000,0
8985,100000,200
8986,100000,350
8987,100000,600
8988,100000,200
8989,100000,300
8990,100000,0
8991,100000,200
8992,100000,0
8993,100000,200
8994,100000,200
8995,100000,400
8996,100000,0
8997,100000,200
8998,100000,200
8999,100000,200
9000,100000,400
9001,100000,0
9002,100000,200
9003,100000,0
9004,100000,200
9005,100000,400
9006,100000,120
9007,100000,0
9008,100000,0
9009,100000,0
9010,100000,600
9011,100000,0
9012,100000,200
9013,100000,200
9014,100000,200
9015,100000,0
9016,100000,400
9017,100000,0
9018,100000,200
9019,100000,200
9020,100000,0
9021,100000,80
9022,100000,200
9023,100000,200
9024,100000,0
9025,100000,0
9026,100000,200
9027,100000,200
9028,100000,60
9029,100000,0
9030,100000,0
9031,100000,0
9032,100000,400
9033,100000,200
9034,100000,200
9035,100000,200
9036,100000,700
9037,100000,200
9038,100000,200
9039,100000,80
9040,100000,200
9041,100000,0
9042,100000,0
9043,100000,400
9044,100000,0
9045,100000,200
9046,100000,200
9047,100000,200
9048,100000,250
9049,100000,200
9050,100000,200
9051,100000,400
9052,100000,200
9053,100000,40
9054,100000,0
9055,100000,200
9056,100000,0
9057,100000,0
9058,100000,0
9059,100000,400
9060,100000,200
9061,100000,400
9062,100000,200
9063,100000,0
9064,100000,0
9065,100000,0
9066,100000,200
9067,100000,0
9068,100000,0
9069,100000,200
9070,100000,0
9071,100000,200
9072,100000,400
9073,100000,400
9074,100000,400
9075,100000,0
9076,100000,0
9077,100000,160
9078,100000,200
9079,100000,200
9080,100000,400
9081,100000,200
9082,100000,200
9083,100000,0
9084,100000,200
9085,100000,200
9086,100000,0
9087,100000,0
9088,100000,300
9089,100000,200
9090,100000,0
9091,100000,0
9092,100000,40
9093,100000,0
9094,100000,60
9095,100000,0
9096,100000,0
9097,100000,0
9098,100000,200
9099,100000,200
9100,100000,200
9101,100000,0
9102,100000,200
9103,100000,200
9104,100000,600
9105,100000,450
9106,100000,400
9107,100000,200
9108,100000,200
9109,100000,200
9110,100000,0
9111,100000,200
9112,100000,30
9113,100000,0
9114,100000,0
9115,100000,400
9116,100000,0
9117,100000,0
9118,100000,0
9119,100000,200
9120,100000,0
9121,100000,200
9122,100000,0
9123,100000,0
9124,100000,240
9125,100000,0
9126,100000,0
9127,100000,0
9128,100000,0
9129,100000,200
9130,100000,200
9131,100000,0
9132,100000,400
9133,100000,200
9134,100000,0
9135,100000,0
9136,100000,200
9137,100000,200
9138,100000,0
9139,100000,0
9140,100000,200
9141,100000,0
9142,100000,0
9143,100000,200
9144,100000,200
9145,100000,200
9146,100000,200
9147,100000,0
9148,100000,0
9149,119846350,1050
9150,100000,0
9151,100000,0
9152,100000,200
9153,100000,200
9154,100000,0
9155,100000,400
9156,100000,200
9157,100000,320
9158,100000,0
9159,100000,0
9160,100000,400
9161,100000,0
9162,100000,0
9163,100000,0
9164,100000,0
9165,100000,260
9166,100000,30
9167,100000,0
9168,100000,200
9169,100000,200
9170,100000,0
9171,100000,400
9172,100000,200
9173,100000,0
9174,100000,200
9175,100000,0
9176,100000,200
9177,100000,0
9178,100000,200
9179,100000,0
9180,100000,0
9181,100000,400
9182,100000,200
9183,100000,200
9184,100000,0
9185,100000,0
9186,100000,400
9187,100000,0
9188,100000,0
9189,100000,0
9190,100000,200
9191,100000,0
9192,100000,500
9193,100000,60
9194,100000,400
9195,100000,200
9196,100000,140
9197,100000,0
9198,100000,0
9199,100000,0
9200,100000,0
9201,100000,200
9202,100000,0
9203,100000,0
9204,100000,0
9205,100000,0
9206,100000,0
9207,100000,0
9208,100000,200
9209,100000,0
9210,100000,0
9211,100000,200
9212,100000,0
9213,100000,400
9214,100000,0
9215,100000,200
9216,100000,0
9217,100000,0
9218,100000,0
9219,100000,0
9220,100000,200
9221,100000,0
9222,100000,0
9223,100000,0
9224,100000,200
9225,100000,0
9226,100000,0
9227,100000,200
9228,100000,0
9229,100000,0
9230,100000,230
9231,100000,200
9232,100000,0
9233,100000,0
9234,100000,200
9235,100000,200
9236,100000,200
9237,100000,0
9238,100000,200
9239,100000,0
9240,100000,250
9241,100000,200
9242,100000,200
9243,100000,0
9244,100000,200
9245,100000,240
9246,100000,200
9247,100000,0
9248,100000,0
9249,100000,0
9250,100000,0
9251,100000,0
9252,100000,400
9253,100000,200
9254,100000,600
9255,100000,400
9256,100000,0
9257,100000,0
9258,100000,200
9259,100000,0
9260,100000,0
9261,100000,200
9262,100000,200
9263,100000,0
9264,100000,200
9265,100000,0
9266,100000,0
9267,100000,200
9268,100000,150
9269,100000,160
9270,100000,0
9271,100000,0
9272,100000,0
9273,100000,60
9274,100000,200
9275,100000,300
9276,100000,750
9277,100000,0
9278,100000,200
9279,100000,0
9280,100000,0
9281,100000,0
9282,100000,0
9283,100000,200
9284,100000,100
9285,100000,200
9286,100000,0
9287,100000,0
9288,100000,0
9289,100000,500
9290,100000,200
9291,100000,200
9292,100000,0
9293,100000,0
9294,100000,200
9295,100000,0
9296,100000,0
9297,100000,200
9298,100000,200
9299,100000,400
9300,100000,200
9301,100000,0
9302,100000,400
9303,100000,0
9304,100000,200
9305,100000,200
9306,100000,0
9307,100000,0
9308,100000,200
9309,100000,0
9310,100000,0
9311,100000,0
9312,100000,200
9313,100000,0
9314,100000,0
9315,100000,200
9316,100000,160
9317,100000,400
9318,100000,230
9319,100000,200
9320,100000,200
9321,100000,400
9322,100000,200
9323,100000,0
9324,100000,200
9325,100000,0
9326,100000,0
9327,100000,0
9328,100000,200
9329,100000,200
9330,100000,200
9331,100000,0
9332,100000,0
9333,100000,0
9334,100000,0
9335,100000,0
9336,100000,400
9337,100000,200
9338,100000,200
9339,100000,0
9340,100000,400
9341,100000,200
9342,100000,0
9343,100000,200
9344,100000,0
9345,100000,200
9346,100000,0
9347,100000,260
9348,100000,0
9349,100000,0
9350,100000,200
9351,100000,60
9352,100000,0
9353,100000,0
9354,100000,400
9355,100000,200
9356,100000,200
9357,100000,400
9358,100000,0
9359,100000,0
9360,100000,0
9361,100000,200
9362,100000,0
9363,100000,200
9364,100000,0
9365,100000,400
9366,100000,60
9367,100000,0
9368,100000,400
9369,100000,0
9370,100000,200
9371,100000,400
9372,100000,0
9373,100000,200
9374,100000,200
9375,100000,0
9376,100000,0
9377,100000,200
9378,100000,400
9379,100000,0
9380,100000,200
9381,100000,200
9382,100000,200
9383,100000,200
9384,100000,200
9385,100000,0
9386,100000,150
9387,100000,100
9388,100000,200
9389,100000,0
9390,100000,200
9391,100000,0
9392,100000,0
9393,100000,400
9394,100000,200
9395,100000,0
9396,100000,50
9397,100000,0
9398,100000,200
9399,100000,180
9400,100000,0
9401,100000,200
9402,100000,200
9403,100000,200
9404,100000,0
9405,100000,200
9406,100000,200
9407,100000,200
9408,100000,200
9409,100000,0
9410,100000,0
9411,100000,200
9412,100000,0
9413,100000,0
9414,100000,0
9415,100000,0
9416,100000,0
9417,100000,450
9418,100000,0
9419,100000,200
9420,100000,200
9421,100000,60
9422,100000,200
9423,100000,70
9424,100000,0
9425,100000,0
9426,100000,280
9427,100000,0
9428,100000,200
9429,100000,200
9430,100000,60
9431,100000,200
9432,100000,600
9433,100000,0
9434,100000,0
9435,100000,250
9436,100000,90
9437,100000,0
9438,100000,0
9439,100000,0
9440,100000,200
9441,100000,200
9442,100000,400
9443,100000,200
9444,100000,200
9445,100000,0
9446,100000,200
9447,100000,200
9448,100000,0
9449,100000,0
9450,100000,200
9451,100000,0
9452,100000,200
9453,100000,0
9454,100000,200
9455,100000,300
9456,100000,0
9457,100000,200
9458,100000,200
9459,100000,200
9460,100000,0
9461,100000,200
9462,100000,0
9463,100000,400
9464,100000,200
9465,100000,200
9466,100000,200
9467,100000,0
9468,100000,560
9469,100000,0
9470,100000,200
9471,100000,400
9472,100000,200
9473,100000,400
9474,100000,0
9475,100000,200
9476,100000,0
9477,100000,200
9478,100000,0
9479,100000,200
9480,100000,250
9481,100000,200
9482,100000,0
9483,119846350,1100
9484,100000,0
9485,100000,0
9486,100000,420
9487,100000,200
9488,100000,0
9489,100000,200
9490,100000,200
9491,100000,400
9492,100000,400
9493,100000,200
9494,100000,0
9495,100000,200
9496,100000,400
9497,100000,200
9498,100000,0
9499,100000,0
9500,100000,200
9501,100000,400
9502,100000,400
9503,100000,0
9504,100000,0
9505,100000,0
9506,100000,200
9507,100000,200
9508,100000,200
9509,100000,200
9510,100000,0
9511,100000,200
9512,100000,200
9513,100000,0
9514,100000,0
9515,100000,200
9516,100000,0
9517,100000,400
9518,100000,0
9519,100000,600
9520,100000,0
9521,100000,200
9522,100000,0
9523,100000,100
9524,100000,0
9525,100000,0
9526,100000,0
9527,100000,0
9528,100000,0
9529,100000,200
9530,100000,200
9531,100000,170
9532,100000,200
9533,100000,0
9534,100000,0
9535,100000,0
9536,100000,200
9537,100000,450
9538,100000,0
9539,100000,200
9540,100000,0
9541,100000,200
9542,100000,0
9543,100000,200
9544,100000,400
9545,100000,200
9546,100000,0
9547,100000,160
9548,100000,200
9549,100000,0
9550,100000,200
9551,100000,200
9552,100000,400
9553,100000,0
9554,100000,0
9555,100000,0
9556,100000,0
9557,100000,0
9558,100000,0
9559,100000,0
9560,100000,0
9561,100000,200
9562,100000,200
9563,100000,0
9564,100000,0
9565,100000,200
9566,100000,0
9567,100000,0
9568,100000,0
9569,100000,0
9570,100000,0
9571,100000,0
9572,100000,200
9573,100000,0
9574,100000,400
9575,100000,0
9576,100000,200
9577,100000,0
9578,100000,200
9579,100000,200
9580,100000,0
9581,100000,200
9582,100000,0
9583,100000,200
9584,100000,170
9585,100000,360
9586,100000,0
9587,100000,0
9588,100000,200
9589,100000,200
9590,100000,0
9591,100000,200
9592,100000,0
9593,100000,200
9594,100000,200
9595,100000,200
9596,100000,200
9597,100000,0
9598,100000,200
9599,100000,0
9600,100000,0
9601,100000,0
9602,100000,60
9603,100000,0
9604,100000,0
9605,100000,400
9606,100000,0
9607,100000,400
9608,100000,200
9609,100000,200
9610,100000,200
9611,100000,0
9612,100000,200
9613,100000,200
9614,100000,0
9615,100000,0
9616,100000,200
9617,100000,40
9618,100000,400
9619,100000,250
9620,100000,0
9621,100000,0
9622,100000,200
9623,100000,0
9624,100000,400
9625,100000,200
9626,100000,0
9627,100000,400
9628,100000,80
9629,100000,0
9630,100000,200
9631,100000,0
9632,100000,0
9633,100000,0
9634,100000,200
9635,100000,200
9636,100000,0
9637,100000,200
9638,100000,200
9639,100000,200
9640,100000,200
9641,100000,200
9642,100000,0
9643,100000,0
9644,100000,0
9645,100000,0
9646,100000,0
9647,100000,0
9648,100000,200
9649,100000,200
9650,100000,0
9651,100000,0
9652,100000,0
9653,100000,200
9654,100000,0
9655,100000,0
9656,100000,200
9657,100000,200
9658,100000,0
9659,100000,0
9660,100000,0
9661,100000,0
9662,100000,320
9663,100000,0
9664,100000,200
9665,100000,200
9666,100000,240
9667,100000,0
9668,100000,200
9669,100000,0
9670,100000,0
9671,100000,200
9672,100000,0
9673,100000,400
9674,100000,0
9675,100000,200
9676,100000,0
9677,100000,200
9678,100000,200
9679,100000,200
9680,100000,200
9681,100000,0
9682,100000,0
9683,100000,0
9684,100000,0
9685,100000,0
9686,100000,400
9687,100000,0
9688,100000,0
9689,100000,250
9690,100000,0
9691,100000,200
9692,100000,200
9693,100000,250
9694,100000,400
9695,100000,200
9696,100000,200
9697,100000,0
9698,100000,0
9699,100000,200
9700,100000,230
9701,100000,200
9702,100000,200
9703,100000,200
9704,100000,200
9705,100000,80
9706,100000,200
9707,100000,0
9708,100000,0
9709,100000,200
9710,100000,400
9711,100000,200
9712,100000,200
9713,100000,0
9714,100000,0
9715,100000,200
9716,100000,0
9717,100000,200
9718,100000,0
9719,100000,200
9720,100000,0
9721,100000,0
9722,100000,80
9723,100000,0
9724,100000,0
9725,100000,0
9726,100000,200
9727,100000,200
9728,100000,200
9729,100000,0
9730,100000,200
9731,100000,400
9732,100000,100
9733,100000,0
9734,100000,0
9735,100000,200
9736,100000,0
9737,100000,0
9738,100000,400
9739,100000,0
9740,100000,0
9741,100000,200
9742,100000,0
9743,100000,0
9744,100000,200
9745,100000,200
9746,100000,0
9747,100000,0
9748,100000,0
9749,100000,0
9750,100000,200
9751,100000,400
9752,100000,200
9753,100000,200
9754,100000,0
9755,100000,0
9756,100000,400
9757,100000,0
9758,100000,60
9759,100000,0
9760,100000,200
9761,100000,0
9762,100000,400
9763,100000,200
9764,100000,200
9765,100000,0
9766,100000,200
9767,100000,0
9768,100000,200
9769,100000,200
9770,100000,0
9771,100000,0
9772,100000,400
9773,100000,0
9774,100000,540
9775,100000,50
9776,100000,0
9777,100000,200
9778,100000,0
9779,100000,0
9780,100000,400
9781,100000,400
9782,100000,200
9783,100000,0
9784,100000,0
9785,100000,200
9786,100000,0
9787,100000,150
9788,100000,0
9789,100000,200
9790,100000,0
9791,100000,0
9792,100000,600
9793,100000,0
9794,100000,0
9795,100000,200
9796,100000,0
9797,100000,400
9798,100000,0
9799,100000,140
9800,100000,400
9801,100000,0
9802,100000,200
9803,100000,200
9804,100000,0
9805,100000,0
9806,100000,750
9807,100000,200
9808,100000,0
9809,100000,0
9810,100000,0
9811,100000,0
9812,100000,400
9813,100000,400
9814,100000,0
9815,100000,400
9816,100000,0
9817,100000,400
9818,100000,200
9819,100000,0
9820,100000,0
9821,100000,200
9822,100000,0
9823,100000,200
9824,100000,150
9825,100000,0
9826,100000,0
9827,100000,0
9828,100000,0
9829,100000,200
9830,100000,200
9831,100000,400
9832,100000,250
9833,100000,200
9834,100000,200
9835,100000,200
9836,100000,0
9837,100000,0
9838,100000,0
9839,100000,0
9840,100000,200
9841,100000,0
9842,100000,0
9843,100000,0
9844,100000,400
9845,100000,0
9846,100000,200
9847,100000,200
9848,100000,0
9849,100000,0
9850,100000,200
9851,100000,0
9852,100000,0
9853,100000,200
9854,100000,400
9855,100000,0
9856,100000,250
9857,100000,300
9858,100000,400
9859,100000,200
9860,100000,0
9861,100000,260
9862,100000,200
9863,100000,0
9864,100000,80
9865,100000,200
9866,100000,200
9867,100000,0
9868,100000,0
9869,100000,200
9870,100000,280
9871,100000,400
9872,100000,200
9873,100000,200
9874,100000,0
9875,100000,0
9876,100000,0
9877,100000,200
9878,100000,400
9879,100000,0
9880,100000,0
9881,100000,320
9882,100000,200
9883,100000,0
9884,100000,0
9885,100000,0
9886,100000,200
9887,100000,400
9888,100000,250
9889,100000,0
9890,100000,200
9891,100000,230
9892,100000,200
9893,100000,0
9894,100000,200
9895,100000,0
9896,100000,200
9897,100000,200
9898,100000,0
9899,100000,400
9900,100000,0
9901,100000,0
9902,100000,200
9903,100000,0
9904,100000,0
9905,100000,200
9906,100000,450
9907,100000,0
9908,100000,0
9909,100000,30
9910,100000,200
9911,100000,0
9912,100000,50
9913,100000,0
9914,100000,0
9915,100000,400
9916,100000,0
9917,100000,200
9918,100000,200
9919,100000,400
9920,100000,200
9921,100000,0
9922,100000,200
9923,100000,400
9924,100000,800
9925,100000,200
9926,100000,0
9927,100000,0
9928,100000,400
9929,100000,0
9930,100000,200
9931,100000,200
9932,100000,200
9933,100000,0
9934,100000,200
9935,100000,200
9936,100000,200
9937,100000,0
9938,100000,0
9939,100000,200
9940,100000,0
9941,100000,200
9942,100000,200
9943,100000,0
9944,100000,0
9945,100000,30
9946,100000,0
9947,100000,0
9948,100000,200
9949,100000,200
9950,100000,200
9951,100000,0
9952,100000,0
9953,100000,200
9954,100000,200
9955,100000,200
9956,100000,0
9957,100000,0
9958,100000,200
9959,100000,0
9960,100000,0
9961,100000,0
9962,100000,200
9963,100000,30
9964,100000,200
9965,100000,600
9966,100000,0
9967,100000,0
9968,100000,200
9969,100000,0
9970,100000,0
9971,100000,200
9972,100000,0
9973,100000,0
9974,100000,0
9975,100000,0
9976,100000,240
9977,100000,400
9978,100000,0
9979,100000,400
9980,100000,0
9981,100000,0
9982,100000,0
9983,100000,0
9984,100000,200
9985,100000,0
9986,100000,0
9987,100000,0
9988,100000,0
9989,100000,0
9990,100000,200
9991,100000,40
9992,100000,0
9993,100000,0
9994,100000,0
9995,100000,200
9996,100000,0
9997,100000,200
9998,100000,400
9999,100000,200
10000,100000,0
10001,100000,400
10002,100000,80
10003,100000,0
10004,100000,400
10005,100000,0
10006,100000,0
10007,100000,0
10008,100000,0
10009,100000,0
10010,100000,0
10011,100000,0
10012,100000,570
10013,100000,0
10014,100000,0
10015,100000,150
10016,100000,0
10017,100000,170
10018,100000,200
10019,100000,200
10020,100000,0
10021,100000,0
10022,100000,300
10023,100000,200
10024,100000,200
10025,100000,200
10026,100000,400
10027,100000,0
10028,100000,200
10029,100000,0
10030,100000,200
10031,100000,200
10032,100000,600
10033,100000,200
10034,100000,0
10035,100000,200
10036,100000,200
10037,100000,200
10038,100000,200
10039,100000,0
10040,100000,0
10041,100000,600
10042,100000,260
10043,100000,0
10044,100000,400
10045,100000,0
10046,100000,200
10047,100000,0
10048,100000,0
10049,100000,0
10050,100000,200
10051,100000,200
10052,100000,200
10053,100000,400
10054,100000,0
10055,100000,0
10056,100000,0
10057,100000,120
10058,100000,0
10059,100000,0
10060,100000,200
10061,100000,0
10062,100000,350
10063,100000,400
10064,100000,0
10065,100000,200
10066,100000,200
10067,100000,0
10068,100000,0
10069,100000,200
10070,100000,400
10071,100000,200
10072,100000,200
10073,100000,400
10074,100000,200
10075,100000,400
10076,100000,200
10077,100000,0
10078,100000,200
10079,100000,0
10080,100000,0
10081,100000,0
10082,100000,200
10083,100000,200
10084,100000,200
10085,100000,0
10086,100000,200
10087,100000,0
10088,100000,0
10089,100000,0
10090,100000,0
10091,100000,400
10092,100000,0
10093,100000,400
10094,100000,200
10095,100000,0
10096,100000,200
10097,100000,400
10098,100000,200
10099,100000,0
10100,100000,0
10101,100000,0
10102,100000,0
10103,100000,200
10104,100000,0
10105,100000,0
10106,100000,0
10107,100000,200
10108,100000,200
10109,100000,500
10110,100000,0
10111,100000,50
10112,100000,0
10113,100000,200
10114,100000,200
10115,100000,200
10116,100000,0
10117,100000,200
10118,100000,200
10119,100000,440
10120,100000,600
10121,100000,0
10122,100000,0
10123,100000,400
10124,100000,200
10125,100000,0
10126,100000,200
10127,100000,0
10128,100000,0
10129,100000,450
10130,100000,200
10131,100000,200
10132,100000,0
10133,100000,0
10134,100000,200
10135,100000,0
10136,100000,0
10137,100000,200
10138,100000,0
10139,100000,200
10140,100000,200
10141,100000,200
10142,100000,0
10143,100000,200
10144,100000,0
10145,100000,200
10146,100000,200
10147,100000,200
10148,100000,200
10149,100000,0
10150,100000,200
10151,100000,0
10152,100000,200
10153,100000,0
10154,100000,200
10155,100000,200
10156,100000,200
10157,100000,30
10158,100000,0
10159,100000,400
10160,100000,280
10161,100000,200
10162,100000,0
10163,100000,200
10164,100000,200
10165,100000,400
10166,100000,0
10167,100000,0
10168,100000,200
10169,100000,0
10170,100000,200
10171,100000,0
10172,100000,200
10173,100000,400
10174,100000,200
10175,100000,0
10176,100000,400
10177,100000,0
10178,100000,400
10179,100000,0
10180,100000,0
10181,100000,0
10182,100000,0
10183,100000,200
10184,100000,0
10185,100000,0
10186,100000,200
10187,100000,200
10188,100000,400
10189,100000,0
10190,100000,0
10191,100000,0
10192,100000,200
10193,100000,0
10194,100000,200
10195,100000,0
10196,100000,0
10197,100000,200
10198,100000,200
10199,100000,200
10200,100000,0
10201,100000,0
10202,100000,200
10203,100000,0
10204,100000,200
10205,100000,60
10206,100000,0
10207,100000,200
10208,100000,200
10209,100000,0
10210,100000,200
10211,100000,200
10212,100000,0
10213,100000,200
10214,100000,200
10215,100000,0
10216,100000,0
10217,100000,0
10218,100000,400
10219,100000,0
10220,100000,0
10221,100000,200
10222,100000,200
10223,100000,200
10224,100000,0
10225,100000,0
10226,100000,0
10227,100000,200
10228,100000,0
10229,100000,0
10230,100000,400
10231,100000,0
10232,100000,200
10233,100000,0
10234,100000,200
10235,100000,200
10236,100000,0
10237,100000,320
10238,100000,400
10239,100000,200
10240,100000,600
10241,100000,0
10242,100000,200
10243,100000,0
10244,100000,0
10245,100000,0
10246,100000,200
10247,100000,0
10248,100000,400
10249,100000,200
10250,100000,160
10251,100000,200
10252,100000,80
10253,100000,200
10254,100000,0
10255,100000,0
10256,100000,200
10257,100000,200
10258,100000,0
10259,100000,0
10260,100000,0
10261,100000,200
10262,100000,0
10263,100000,200
10264,100000,400
10265,100000,200
10266,100000,0
10267,100000,200
10268,100000,200
10269,100000,0
10270,100000,200
10271,100000,200
10272,100000,200
10273,100000,0
10274,100000,0
10275,100000,0
10276,100000,200
10277,100000,200
10278,100000,200
10279,100000,400
10280,100000,200
10281,100000,0
10282,100000,400
10283,100000,400
10284,100000,0
10285,100000,0
10286,100000,400
10287,100000,0
10288,100000,900
10289,100000,0
10290,100000,200
10291,100000,0
10292,100000,60
10293,100000,200
10294,100000,450
10295,100000,400
10296,100000,0
10297,100000,0
10298,100000,200
10299,100000,200
10300,100000,0
10301,100000,0
10302,100000,200
10303,100000,200
10304,100000,200
10305,100000,0
10306,100000,0
10307,100000,200
10308,100000,0
10309,100000,200
10310,100000,200
10311,100000,0
10312,100000,200
10313,100000,200
10314,100000,200
10315,100000,200
10316,100000,0
10317,100000,200
10318,100000,0
10319,100000,0
10320,100000,480
10321,100000,200
10322,100000,0
10323,100000,400
10324,100000,0
10325,100000,200
10326,100000,0
10327,100000,0
10328,100000,200
10329,100000,150
10330,100000,0
10331,100000,200
10332,100000,0
10333,100000,400
10334,100000,0
10335,100000,200
10336,100000,0
10337,100000,0
10338,100000,200
10339,100000,200
10340,100000,200
10341,100000,200
10342,100000,0
10343,100000,0
10344,100000,200
10345,100000,0
10346,100000,0
10347,100000,200
10348,100000,520
10349,100000,400
10350,100000,200
10351,100000,170
10352,100000,200
10353,100000,250
10354,100000,640
10355,100000,200
10356,100000,400
10357,100000,0
10358,100000,440
10359,100000,0
10360,100000,400
10361,100000,120
10362,100000,0
10363,100000,200
10364,100000,200
10365,100000,400
10366,100000,600
10367,100000,0
10368,100000,0
10369,100000,200
10370,100000,80
10371,100000,200
10372,100000,200
10373,100000,80
10374,100000,200
10375,100000,0
10376,100000,0
10377,100000,200
10378,100000,200
10379,100000,0
10380,100000,0
10381,100000,0
10382,100000,0
10383,100000,200
10384,100000,400
10385,100000,400
10386,100000,200
10387,100000,0
10388,100000,160
10389,100000,0
10390,100000,0
10391,100000,0
10392,100000,200
10393,100000,200
10394,100000,0
10395,100000,600
10396,100000,0
10397,100000,400
10398,100000,0
10399,100000,0
10400,100000,200
10401,100000,200
10402,100000,0
10403,100000,0
10404,100000,100
10405,100000,200
10406,100000,150
10407,100000,0
10408,100000,0
10409,100000,400
10410,100000,120
10411,100000,160
10412,100000,200
10413,100000,150
10414,100000,200
10415,100000,0
10416,100000,0
10417,100000,0
10418,100000,80
10419,100000,400
10420,100000,200
10421,100000,0
10422,100000,0
10423,100000,0
10424,100000,0
10425,100000,300
10426,100000,200
10427,100000,0
10428,100000,400
10429,100000,0
10430,100000,400
10431,100000,200
10432,100000,200
10433,100000,200
10434,100000,0
10435,100000,0
10436,100000,0
10437,100000,200
10438,100000,0
10439,100000,200
10440,100000,0
10441,100000,0
10442,100000,200
10443,100000,600
10444,100000,200
10445,100000,0
10446,100000,0
10447,100000,0
10448,100000,0
10449,100000,0
10450,100000,0
10451,100000,200
10452,100000,0
10453,100000,0
10454,100000,400
10455,100000,0
10456,100000,0
10457,100000,600
10458,100000,200
10459,100000,0
10460,100000,200
10461,100000,0
10462,100000,0
10463,100000,0
10464,100000,200
10465,100000,400
10466,100000,200
10467,100000,0
10468,100000,0
10469,100000,0
10470,100000,200
10471,100000,0
10472,100000,0
10473,100000,200
10474,100000,400
10475,100000,50
10476,100000,0
10477,100000,200
10478,100000,400
10479,100000,0
10480,100000,200
10481,100000,0
10482,100000,0
10483,100000,0
10484,100000,0
10485,100000,200
10486,100000,200
10487,100000,0
10488,100000,0
10489,100000,0
10490,100000,400
10491,100000,0
10492,100000,0
10493,100000,400
10494,100000,400
10495,100000,0
10496,100000,0
10497,100000,0
10498,100000,0
10499,100000,0
10500,100000,500
10501,100000,200
10502,100000,0
10503,100000,0
10504,100000,280
10505,100000,0
10506,100000,200
10507,100000,0
10508,100000,0
10509,100000,200
10510,100000,260
10511,100000,200
10512,100000,400
10513,100000,400
10514,100000,0
10515,100000,520
10516,100000,0
10517,100000,0
10518,100000,0
10519,100000,200
10520,100000,400
10521,100000,200
10522,100000,350
10523,100000,200
10524,100000,0
10525,100000,200
10526,100000,400
10527,100000,0
10528,100000,0
10529,100000,0
10530,100000,200
10531,100000,200
10532,100000,0
10533,100000,200
10534,100000,400
10535,100000,0
10536,100000,0
10537,100000,0
10538,100000,200
10539,100000,200
10540,100000,400
10541,100000,550
10542,100000,0
10543,100000,200
10544,100000,0
10545,100000,80
10546,100000,200
10547,100000,0
10548,100000,0
10549,100000,200
10550,100000,0
10551,100000,200
10552,100000,200
10553,100000,200
10554,100000,200
10555,100000,200
10556,100000,0
10557,100000,0
10558,100000,120
10559,100000,500
10560,100000,200
10561,100000,400
10562,100000,800
10563,100000,0
10564,100000,200
10565,100000,200
10566,100000,250
10567,100000,0
10568,100000,0
10569,100000,0
10570,100000,0
10571,100000,200
10572,100000,400
10573,100000,600
10574,100000,200
10575,100000,0
10576,100000,200
10577,100000,200
10578,100000,0
10579,100000,100
10580,100000,0
10581,100000,0
10582,100000,0
10583,100000,400
10584,100000,0
10585,100000,0
10586,100000,0
10587,100000,200
10588,100000,200
10589,100000,0
10590,100000,200
10591,100000,50
10592,100000,400
10593,100000,200
10594,100000,0
10595,100000,200
10596,100000,600
10597,100000,0
10598,100000,0
10599,100000,200
10600,100000,0
10601,100000,0
10602,100000,0
10603,100000,0
10604,100000,400
10605,100000,0
10606,100000,0
10607,100000,200
10608,100000,400
10609,100000,0
10610,100000,200
10611,100000,200
10612,100000,0
10613,100000,200
10614,100000,40
10615,100000,0
10616,100000,200
10617,100000,0
10618,100000,150
10619,100000,0
10620,100000,0
10621,100000,0
10622,100000,0
10623,100000,400
10624,100000,200
10625,100000,200
10626,100000,0
10627,100000,200
10628,100000,350
10629,100000,200
10630,100000,0
10631,100000,200
10632,100000,0
10633,100000,0
10634,100000,0
10635,100000,200
10636,100000,200
10637,100000,150
10638,100000,0
10639,100000,400
10640,100000,0
10641,100000,400
10642,100000,0
10643,100000,200
10644,100000,200
10645,100000,0
10646,100000,0
10647,100000,200
10648,100000,0
10649,100000,40
10650,100000,200
10651,100000,0
10652,100000,0
10653,100000,200
10654,100000,60
10655,100000,0
10656,100000,200
10657,100000,0
10658,100000,0
10659,100000,0
10660,100000,0
10661,100000,0
10662,100000,150
10663,100000,0
10664,100000,0
10665,100000,0
10666,100000,200
10667,100000,200
10668,100000,0
10669,100000,0
10670,100000,300
10671,100000,200
10672,100000,0
10673,100000,0
10674,100000,0
10675,100000,0
10676,100000,0
10677,100000,0
10678,100000,120
10679,100000,0
10680,100000,200
10681,100000,200
10682,100000,200
10683,100000,440
10684,100000,0
10685,100000,200
10686,100000,0
10687,100000,200
10688,100000,0
10689,100000,400
10690,100000,400
10691,100000,0
10692,100000,200
10693,100000,0
10694,100000,0
10695,100000,0
10696,100000,0
10697,100000,200
10698,100000,0
10699,100000,0
10700,100000,0
10701,100000,0
10702,100000,0
10703,100000,0
10704,100000,200
10705,100000,200
10706,100000,400
10707,100000,0
10708,100000,0
10709,100000,0
10710,100000,280
10711,100000,0
10712,100000,200
10713,100000,0
10714,100000,200
10715,100000,200
10716,100000,0
10717,100000,0
10718,100000,200
10719,100000,0
10720,100000,0
10721,100000,200
10722,100000,400
10723,100000,0
10724,100000,200
10725,100000,200
10726,100000,200
10727,100000,0
10728,100000,0
10729,100000,0
10730,100000,200
10731,100000,200
10732,100000,80
10733,100000,0
10734,100000,400
10735,100000,200
10736,100000,0
10737,100000,0
10738,100000,0
10739,100000,0
10740,100000,200
10741,100000,0
10742,100000,200
10743,100000,300
10744,100000,0
10745,100000,200
10746,100000,200
10747,100000,0
10748,100000,200
10749,100000,200
10750,100000,400
10751,100000,200
10752,100000,200
10753,100000,200
10754,100000,200
10755,100000,600
10756,100000,120
10757,100000,200
10758,100000,0
10759,100000,0
10760,100000,0
10761,100000,0
10762,100000,0
10763,100000,260
10764,100000,0
10765,100000,200
10766,100000,0
10767,100000,0
10768,100000,0
10769,100000,0
10770,100000,200
10771,100000,200
10772,100000,0
10773,100000,0
10774,100000,160
10775,100000,0
10776,100000,200
10777,100000,400
10778,100000,0
10779,100000,200
10780,100000,0
10781,100000,400
10782,100000,0
10783,100000,200
10784,100000,300
10785,100000,400
10786,100000,0
10787,100000,200
10788,100000,400
10789,100000,200
10790,100000,0
10791,100000,400
10792,100000,200
10793,100000,200
10794,100000,200
10795,100000,400
10796,100000,0
10797,100000,200
10798,100000,0
10799,100000,200
10800,100000,0
10801,100000,0
10802,100000,400
10803,100000,200
10804,100000,200
10805,100000,200
10806,100000,200
10807,100000,250
10808,100000,200
10809,100000,0
10810,100000,0
10811,100000,200
10812,100000,0
10813,100000,200
10814,100000,0
10815,100000,0
10816,100000,200
10817,100000,0
10818,100000,660
10819,100000,400
10820,100000,100
10821,100000,0
10822,100000,200
10823,100000,600
10824,100000,0
10825,100000,0
10826,100000,0
10827,100000,0
10828,100000,0
10829,100000,0
10830,100000,200
10831,100000,0
10832,100000,200
10833,100000,200
10834,100000,200
10835,100000,0
10836,100000,200
10837,100000,0
10838,100000,320
10839,100000,400
10840,100000,600
10841,100000,80
10842,100000,200
10843,100000,400
10844,100000,200
10845,100000,200
10846,100000,0
10847,100000,400
10848,100000,0
10849,100000,0
10850,100000,0
10851,100000,400
10852,100000,200
10853,100000,400
10854,100000,280
10855,100000,200
10856,100000,0
10857,100000,0
10858,100000,0
10859,100000,0
10860,100000,0
10861,100000,400
10862,100000,0
10863,100000,0
10864,100000,120
10865,100000,0
10866,100000,0
10867,100000,200
10868,100000,200
10869,100000,200
10870,100000,320
10871,100000,0
10872,100000,0
10873,100000,0
10874,100000,0
10875,100000,0
10876,100000,0
10877,100000,200
10878,100000,0
10879,100000,400
10880,100000,350
10881,100000,0
10882,100000,200
10883,100000,200
10884,100000,300
10885,100000,0
10886,100000,60
10887,100000,0
10888,100000,0
10889,100000,400
10890,100000,200
10891,100000,0
10892,100000,200
10893,100000,0
10894,100000,240
10895,100000,200
10896,100000,0
10897,100000,0
10898,100000,200
10899,100000,0
10900,100000,200
10901,100000,0
10902,100000,0
10903,100000,0
10904,100000,0
10905,100000,200
10906,100000,0
10907,100000,0
10908,100000,60
10909,100000,200
10910,100000,400
10911,100000,0
10912,100000,200
10913,100000,0
10914,100000,400
10915,100000,0
10916,100000,200
10917,100000,0
10918,100000,600
10919,100000,0
10920,100000,200
10921,100000,40
10922,100000,0
10923,100000,0
10924,100000,0
10925,100000,320
10926,100000,0
10927,100000,0
10928,100000,200
10929,100000,200
10930,100000,60
10931,100000,0
10932,100000,500
10933,100000,200
10934,100000,200
10935,100000,200
10936,100000,200
10937,100000,200
10938,100000,400
10939,100000,400
10940,100000,200
10941,100000,0
10942,100000,400
10943,100000,200
10944,100000,0
10945,100000,350
10946,100000,0
10947,100000,0
10948,100000,0
10949,100000,400
10950,100000,0
10951,100000,200
10952,100000,0
10953,100000,0
10954,100000,400
10955,100000,200
10956,100000,0
10957,100000,0
10958,100000,200
10959,100000,0
10960,100000,0
10961,100000,200
10962,100000,200
10963,100000,0
10964,100000,0
10965,100000,200
10966,100000,0
10967,100000,200
10968,100000,0
10969,100000,200
10970,100000,200
10971,100000,0
10972,100000,200
10973,100000,0
10974,100000,50
10975,100000,0
10976,100000,200
10977,100000,0
10978,100000,0
10979,100000,200
10980,100000,0
10981,100000,70
10982,100000,0
10983,100000,200
10984,100000,0
10985,100000,0
10986,100000,200
10987,100000,0
10988,100000,0
10989,100000,200
10990,100000,0
10991,100000,0
10992,100000,40
10993,100000,200
10994,100000,280
10995,100000,200
10996,100000,0
10997,100000,400
10998,100000,0
10999,100000,400
11000,100000,200
11001,100000,350
11002,100000,200
11003,100000,0
11004,100000,200
11005,100000,0
11006,100000,200
11007,100000,0
11008,100000,200
11009,100000,400
11010,100000,0
11011,100000,200
11012,100000,0
11013,100000,400
11014,100000,0
11015,100000,0
11016,100000,260
11017,100000,200
11018,100000,200
11019,100000,400
11020,100000,0
11021,100000,0
11022,100000,0
11023,100000,200
11024,100000,0
11025,100000,0
11026,100000,200
11027,100000,0
11028,100000,200
11029,100000,0
11030,100000,0
11031,100000,200
11032,100000,0
11033,100000,0
11034,100000,0
11035,100000,400
11036,100000,160
11037,100000,200
11038,100000,200
11039,100000,200
11040,100000,400
11041,100000,0
11042,100000,200
11043,100000,200
11044,100000,0
11045,100000,400
11046,100000,600
11047,100000,200
11048,100000,200
11049,100000,0
11050,100000,600
11051,100000,200
11052,100000,0
11053,100000,0
11054,100000,200
11055,100000,200
11056,100000,400
11057,100000,400
11058,100000,0
11059,100000,100
11060,100000,200
11061,100000,0
11062,100000,0
11063,100000,0
11064,100000,30
11065,100000,200
11066,100000,0
11067,100000,200
11068,100000,200
11069,100000,0
11070,100000,200
11071,100000,0
11072,100000,200
11073,100000,200
11074,100000,0
11075,100000,0
11076,100000,200
11077,100000,400
11078,100000,0
11079,100000,0
11080,100000,200
11081,100000,200
11082,100000,200
11083,100000,0
11084,100000,0
11085,100000,0
11086,100000,400
11087,100000,0
11088,100000,0
11089,100000,0
11090,100000,200
11091,100000,200
11092,100000,200
11093,100000,0
11094,100000,0
11095,100000,0
11096,100000,200
11097,100000,0
11098,100000,0
11099,100000,0
11100,100000,0
11101,100000,280
11102,100000,400
11103,100000,0
11104,100000,0
11105,100000,200
11106,100000,0
11107,100000,0
11108,100000,200
11109,100000,0
11110,100000,760
11111,100000,0
11112,100000,200
11113,100000,0
11114,100000,0
11115,100000,400
11116,100000,200
11117,100000,200
11118,100000,0
11119,100000,200
11120,100000,0
11121,100000,400
11122,100000,0
11123,100000,200
11124,100000,280
11125,100000,400
11126,100000,200
11127,100000,400
11128,100000,0
11129,100000,200
11130,100000,0
11131,100000,200
11132,100000,400
11133,100000,200
11134,100000,0
11135,100000,140
11136,100000,200
11137,100000,0
11138,100000,0
11139,100000,0
11140,100000,400
11141,100000,0
11142,100000,0
11143,100000,0
11144,100000,200
11145,100000,0
11146,100000,200
11147,100000,200
11148,100000,400
11149,100000,0
11150,100000,0
11151,100000,200
11152,100000,160
11153,100000,200
11154,100000,200
11155,100000,0
11156,100000,0
11157,100000,0
11158,100000,200
11159,100000,400
11160,100000,400
11161,100000,0
11162,100000,0
11163,100000,660
11164,100000,0
11165,100000,320
11166,100000,200
11167,100000,200
11168,100000,0
11169,100000,0
11170,100000,200
11171,100000,0
11172,100000,770
11173,100000,200
11174,100000,400
11175,100000,200
11176,100000,0
11177,100000,400
11178,100000,150
11179,100000,0
11180,100000,400
11181,100000,0
11182,100000,200
11183,100000,0
11184,100000,0
11185,100000,0
11186,100000,200
11187,100000,200
11188,100000,200
11189,100000,120
11190,100000,0
11191,100000,200
11192,100000,200
11193,100000,0
11194,100000,0
11195,100000,450
11196,100000,30
11197,100000,200
11198,100000,200
11199,100000,0
11200,100000,400
11201,100000,300
11202,100000,0
11203,100000,0
11204,100000,0
11205,100000,200
11206,100000,400
11207,100000,200
11208,100000,0
11209,100000,200
11210,100000,0
11211,100000,0
11212,100000,0
11213,100000,200
11214,100000,200
11215,100000,200
11216,100000,60
11217,100000,200
11218,100000,0
11219,100000,0
11220,100000,0
11221,100000,200
11222,100000,0
11223,100000,200
11224,100000,200
11225,100000,200
11226,100000,150
11227,100000,200
11228,100000,80
11229,100000,40
11230,100000,0
11231,100000,0
11232,100000,200
11233,100000,0
11234,100000,400
11235,100000,0
11236,100000,200
11237,100000,400
11238,100000,0
11239,100000,0
11240,100000,0
11241,100000,0
11242,100000,0
11243,100000,0
11244,100000,200
11245,100000,200
11246,100000,0
11247,100000,0
11248,100000,0
11249,100000,260
11250,100000,0
11251,100000,0
11252,100000,0
11253,100000,0
11254,100000,240
11255,100000,200
11256,100000,200
11257,100000,490
11258,100000,0
11259,100000,320
11260,100000,400
11261,100000,0
11262,100000,400
11263,100000,0
11264,100000,400
11265,100000,0
11266,100000,0
11267,100000,200
11268,100000,300
11269,100000,400
11270,100000,200
11271,100000,0
11272,100000,0
11273,100000,0
11274,100000,200
11275,100000,200
11276,100000,0
11277,100000,0
11278,100000,0
11279,100000,0
11280,100000,200
11281,100000,320
11282,100000,0
11283,100000,0
11284,100000,0
11285,100000,240
11286,100000,30
11287,100000,200
11288,100000,0
11289,100000,0
11290,100000,200
11291,100000,200
11292,100000,200
11293,100000,200
11294,100000,30
11295,100000,200
11296,100000,400
11297,100000,200
11298,100000,400
11299,100000,0
11300,100000,0
11301,100000,200
11302,100000,0
11303,100000,200
11304,100000,400
11305,100000,400
11306,100000,200
11307,100000,200
11308,100000,0
11309,100000,0
11310,100000,0
11311,100000,0
11312,100000,200
11313,100000,500
11314,100000,0
11315,100000,400
11316,100000,0
11317,100000,500
11318,100000,0
11319,100000,100
11320,100000,0
11321,100000,0
11322,100000,200
11323,100000,200
11324,100000,0
11325,100000,200
11326,100000,0
11327,100000,0
11328,100000,70
11329,100000,0
11330,100000,0
11331,100000,250
11332,100000,200
11333,100000,0
11334,100000,0
11335,100000,200
11336,100000,0
11337,100000,0
11338,100000,200
11339,100000,200
11340,100000,200
11341,100000,200
11342,100000,200
11343,100000,230
11344,100000,0
11345,100000,200
11346,100000,0
11347,100000,600
11348,100000,0
11349,100000,40
11350,100000,0
11351,100000,200
11352,100000,400
11353,100000,0
11354,100000,200
11355,100000,0
11356,100000,200
11357,100000,0
11358,100000,230
11359,100000,0
11360,100000,0
11361,100000,0
11362,100000,0
11363,100000,200
11364,100000,0
11365,100000,0
11366,100000,200
11367,100000,0
11368,100000,0
11369,100000,0
11370,100000,0
11371,100000,40
11372,100000,0
11373,100000,0
11374,100000,0
11375,100000,100
11376,100000,200
11377,100000,400
11378,100000,0
11379,100000,200
11380,100000,200
11381,100000,0
11382,100000,0
11383,100000,0
11384,100000,200
11385,100000,200
11386,100000,230
11387,100000,0
11388,100000,400
11389,100000,0
11390,100000,260
11391,100000,200
11392,119846350,1000
11393,100000,200
11394,100000,200
11395,100000,0
11396,100000,0
11397,100000,200
11398,100000,120
11399,100000,0
11400,100000,0
11401,100000,200
11402,100000,0
11403,100000,0
11404,100000,0
11405,100000,200
11406,100000,200
11407,100000,400
11408,100000,200
11409,100000,200
11410,100000,0
11411,100000,0
11412,100000,200
11413,100000,0
11414,100000,200
11415,100000,0
11416,100000,200
11417,100000,400
11418,100000,0
11419,100000,200
11420,100000,0
11421,100000,200
11422,100000,0
11423,100000,600
11424,100000,200
11425,100000,200
11426,100000,600
11427,100000,200
11428,100000,200
11429,100000,400
11430,100000,0
11431,100000,0
11432,100000,0
11433,100000,0
11434,100000,80
11435,100000,0
11436,100000,400
11437,100000,200
11438,100000,0
11439,100000,200
11440,100000,200
11441,100000,0
11442,100000,400
11443,100000,0
11444,100000,80
11445,100000,0
11446,100000,0
11447,100000,400
11448,100000,0
11449,100000,400
11450,100000,200
11451,100000,0
11452,100000,0
11453,100000,400
11454,100000,30
11455,100000,0
11456,100000,0
11457,100000,470
11458,100000,0
11459,100000,0
11460,100000,0
11461,100000,0
11462,100000,0
11463,100000,200
11464,100000,0
11465,100000,400
11466,100000,600
11467,100000,0
11468,100000,600
11469,100000,0
11470,100000,0
11471,100000,0
11472,100000,200
11473,100000,0
11474,100000,200
11475,100000,200
11476,100000,0
11477,100000,0
11478,100000,200
11479,100000,250
11480,100000,400
11481,100000,0
11482,100000,0
11483,100000,0
11484,100000,200
11485,100000,0
11486,100000,0
11487,100000,200
11488,100000,200
11489,100000,30
11490,100000,600
11491,100000,0
11492,100000,0
11493,100000,300
11494,100000,0
11495,100000,0
11496,100000,400
11497,100000,0
11498,100000,0
11499,100000,200
11500,100000,120
11501,100000,0
11502,100000,200
11503,100000,400
11504,100000,0
11505,100000,200
11506,100000,0
11507,100000,120
11508,100000,200
11509,100000,200
11510,100000,200
11511,100000,0
11512,100000,0
11513,100000,200
11514,100000,0
11515,100000,0
11516,100000,0
11517,100000,0
11518,100000,200
11519,100000,400
11520,100000,0
11521,100000,820
11522,100000,200
11523,100000,200
11524,100000,0
11525,100000,0
11526,100000,0
11527,100000,200
11528,100000,0
11529,100000,0
11530,100000,0
11531,100000,200
11532,100000,80
11533,100000,200
11534,100000,200
11535,100000,0
11536,100000,400
11537,100000,0
11538,100000,400
11539,100000,200
11540,100000,0
11541,100000,0
11542,100000,400
11543,100000,400
11544,100000,400
11545,100000,200
11546,100000,120
11547,100000,200
11548,100000,200
11549,100000,200
11550,100000,0
11551,100000,200
11552,100000,0
11553,100000,0
11554,100000,0
11555,100000,0
11556,100000,0
11557,100000,400
11558,100000,0
11559,100000,200
11560,100000,400
11561,100000,200
11562,100000,0
11563,100000,400
11564,100000,200
11565,100000,0
11566,100000,400
11567,100000,200
11568,100000,0
11569,100000,400
11570,100000,400
11571,100000,400
11572,100000,0
11573,100000,200
11574,100000,0
11575,100000,0
11576,100000,0
11577,100000,200
11578,100000,0
11579,100000,400
11580,100000,600
11581,100000,200
11582,100000,0
11583,100000,0
11584,100000,0
11585,100000,400
11586,100000,120
11587,100000,200
11588,100000,200
11589,100000,0
11590,100000,0
11591,100000,200
11592,100000,0
11593,100000,400
11594,100000,400
11595,100000,200
11596,100000,200
11597,100000,120
11598,100000,0
11599,100000,200
11600,100000,0
11601,100000,200
11602,100000,200
11603,100000,400
11604,100000,200
11605,100000,0
11606,100000,200
11607,100000,200
11608,100000,0
11609,100000,200
11610,100000,0
11611,100000,400
11612,100000,50
11613,100000,0
11614,100000,200
11615,100000,200
11616,100000,0
11617,100000,300
11618,100000,0
11619,100000,200
11620,100000,0
11621,100000,200
11622,100000,200
11623,100000,200
11624,100000,200
11625,100000,200
11626,100000,200
11627,100000,0
11628,100000,200
11629,100000,0
11630,100000,200
11631,100000,300
11632,100000,0
11633,100000,200
11634,100000,0
11635,100000,400
11636,100000,0
11637,100000,400
11638,100000,0
11639,100000,400
11640,100000,200
11641,100000,200
11642,100000,200
11643,100000,200
11644,100000,0
11645,100000,0
11646,100000,160
11647,100000,400
11648,100000,200
11649,100000,350
11650,100000,200
11651,100000,200
11652,100000,200
11653,100000,0
11654,100000,200
11655,100000,200
11656,100000,0
11657,100000,200
11658,100000,0
11659,100000,0
11660,100000,0
11661,100000,0
11662,100000,200
11663,100000,0
11664,100000,0
11665,100000,0
11666,100000,200
11667,100000,200
11668,100000,200
11669,100000,0
11670,100000,200
11671,100000,200
11672,100000,200
11673,100000,200
11674,100000,200
11675,100000,120
11676,100000,0
11677,100000,0
11678,100000,150
11679,100000,0
11680,100000,200
11681,100000,0
11682,100000,0
11683,100000,0
11684,100000,200
11685,100000,0
11686,100000,200
11687,100000,200
11688,100000,0
11689,100000,0
11690,100000,200
11691,100000,200
11692,100000,200
11693,100000,370
11694,100000,0
11695,100000,0
11696,100000,200
11697,100000,600
11698,100000,40
11699,100000,0
11700,100000,0
11701,100000,280
11702,100000,200
11703,100000,200
11704,100000,60
11705,100000,0
11706,100000,0
11707,100000,200
11708,100000,0
11709,100000,200
11710,100000,0
11711,100000,0
11712,100000,200
11713,100000,0
11714,100000,0
11715,100000,0
11716,100000,200
11717,100000,50
11718,100000,200
11719,100000,0
11720,100000,0
11721,100000,400
11722,100000,200
11723,100000,400
11724,100000,500
11725,100000,400
11726,100000,400
11727,100000,200
11728,100000,0
11729,100000,0
11730,100000,200
11731,100000,0
11732,100000,0
11733,100000,200
11734,100000,200
11735,100000,0
11736,100000,0
11737,100000,0
11738,100000,600
11739,100000,0
11740,100000,200
11741,100000,0
11742,100000,600
11743,100000,400
11744,100000,0
11745,100000,200
11746,100000,450
11747,100000,0
11748,100000,200
11749,100000,0
11750,100000,0
11751,100000,0
11752,100000,0
11753,100000,0
11754,100000,600
11755,100000,400
11756,100000,0
11757,100000,0
11758,100000,60
11759,100000,0
11760,100000,200
11761,100000,400
11762,100000,200
11763,100000,200
11764,100000,400
11765,100000,0
11766,100000,200
11767,100000,0
11768,100000,0
11769,100000,0
11770,100000,400
11771,100000,200
11772,100000,0
11773,100000,200
11774,100000,0
11775,100000,200
11776,100000,230
11777,100000,400
11778,100000,0
11779,100000,0
11780,100000,200
11781,100000,200
11782,100000,400
11783,100000,200
11784,100000,0
11785,100000,0
11786,100000,200
11787,100000,200
11788,100000,0
11789,100000,200
11790,100000,0
11791,100000,0
11792,100000,200
11793,100000,200
11794,100000,0
11795,100000,200
11796,100000,200
11797,100000,200
11798,100000,400
11799,100000,0
11800,100000,200
11801,100000,140
11802,100000,200
11803,100000,200
11804,100000,0
11805,100000,0
11806,100000,200
11807,100000,60
11808,100000,200
11809,100000,200
11810,100000,200
11811,100000,200
11812,100000,300
11813,100000,200
11814,100000,250
11815,100000,200
11816,100000,200
11817,100000,200
11818,100000,30
11819,100000,0
11820,100000,0
11821,100000,200
11822,100000,0
11823,100000,200
11824,100000,600
11825,100000,200
11826,100000,200
11827,100000,0
11828,100000,120
11829,100000,0
11830,100000,0
11831,100000,0
11832,100000,0
11833,100000,200
11834,100000,0
11835,100000,0
11836,100000,200
11837,100000,200
11838,100000,0
11839,100000,200
11840,100000,0
11841,100000,0
11842,100000,0
11843,100000,0
11844,100000,80
11845,100000,200
11846,100000,0
11847,100000,200
11848,100000,260
11849,100000,0
11850,100000,280
11851,100000,200
11852,100000,200
11853,100000,0
11854,100000,0
11855,100000,0
11856,100000,200
11857,100000,0
11858,100000,400
11859,100000,400
11860,100000,0
11861,100000,0
11862,100000,0
11863,100000,0
11864,100000,200
11865,100000,200
11866,100000,200
11867,100000,0
11868,100000,0
11869,100000,0
11870,100000,0
11871,100000,250
11872,100000,200
11873,100000,0
11874,100000,200
11875,100000,200
11876,100000,200
11877,100000,250
11878,100000,400
11879,100000,500
11880,100000,0
11881,100000,430
11882,100000,200
11883,100000,200
11884,100000,0
11885,100000,0
11886,100000,200
11887,100000,0
11888,100000,0
11889,100000,200
11890,100000,400
11891,100000,200
11892,100000,200
11893,100000,200
11894,100000,200
11895,100000,0
11896,100000,200
11897,100000,200
11898,100000,0
11899,100000,40
11900,100000,0
11901,100000,0
11902,100000,0
11903,100000,200
11904,100000,60
11905,100000,430
11906,100000,0
11907,100000,200
11908,100000,0
11909,100000,0
11910,100000,400
11911,100000,0
11912,100000,0
11913,100000,200
11914,100000,0
11915,100000,0
11916,100000,0
11917,100000,0
11918,100000,200
11919,100000,200
11920,100000,0
11921,100000,200
11922,100000,0
11923,100000,0
11924,100000,400
11925,100000,0
11926,100000,0
11927,100000,0
11928,100000,200
11929,100000,400
11930,100000,0
11931,100000,0
11932,100000,400
11933,100000,0
11934,100000,0
11935,100000,200
11936,100000,0
11937,100000,400
11938,100000,200
11939,100000,200
11940,100000,60
11941,100000,0
11942,100000,600
11943,100000,150
11944,100000,400
11945,100000,0
11946,100000,0
11947,100000,0
11948,100000,0
11949,100000,200
11950,100000,400
11951,100000,0
11952,100000,400
11953,100000,160
11954,100000,80
11955,100000,0
11956,100000,200
11957,100000,200
11958,100000,0
11959,100000,200
11960,100000,0
11961,100000,400
11962,100000,200
11963,100000,200
11964,100000,0
11965,100000,400
11966,100000,0
11967,100000,0
11968,100000,200
11969,100000,0
11970,100000,200
11971,100000,0
11972,100000,0
11973,100000,200
11974,100000,200
11975,100000,0
11976,100000,0
11977,100000,200
11978,100000,0
11979,100000,400
11980,100000,200
11981,100000,200
11982,100000,0
11983,100000,0
11984,100000,0
11985,100000,0
11986,100000,70
11987,100000,200
11988,100000,0
11989,100000,600
11990,100000,200
11991,100000,560
11992,100000,0
11993,100000,200
11994,100000,200
11995,100000,0
11996,100000,0
11997,119846350,1050
11998,100000,400
11999,100000,400
12000,100000,200
12001,100000,200
12002,100000,0
12003,100000,200
12004,100000,200
12005,100000,0
12006,100000,0
12007,100000,0
12008,100000,200
12009,100000,0
12010,100000,0
12011,100000,200
12012,100000,200
12013,100000,200
12014,100000,200
12015,100000,200
12016,100000,0
12017,100000,0
12018,100000,200
12019,100000,0
12020,100000,200
12021,100000,400
12022,100000,200
12023,100000,0
12024,100000,0
12025,100000,200
12026,100000,200
12027,100000,0
12028,100000,0
12029,100000,0
12030,100000,100
12031,100000,200
12032,100000,200
12033,100000,200
12034,100000,0
12035,100000,400
12036,100000,0
12037,100000,200
12038,100000,120
12039,100000,200
12040,100000,200
12041,100000,200
12042,100000,0
12043,100000,250
12044,100000,200
12045,100000,200
12046,100000,0
12047,100000,200
12048,100000,0
12049,100000,200
12050,100000,0
12051,100000,0
12052,100000,0
12053,100000,0
12054,100000,0
12055,100000,200
12056,100000,400
12057,100000,200
12058,100000,200
12059,100000,200
12060,100000,0
12061,100000,400
12062,100000,200
12063,100000,0
12064,100000,400
12065,100000,0
12066,100000,0
12067,100000,0
12068,100000,200
12069,100000,250
12070,100000,200
12071,100000,0
12072,100000,0
12073,100000,200
12074,100000,0
12075,100000,400
12076,100000,0
12077,100000,600
12078,100000,200
12079,100000,200
12080,100000,400
12081,100000,200
12082,100000,200
12083,100000,200
12084,100000,0
12085,100000,200
12086,100000,0
12087,100000,200
12088,100000,0
12089,100000,200
12090,100000,200
12091,100000,0
12092,100000,200
12093,100000,200
12094,100000,60
12095,100000,0
12096,100000,700
12097,100000,0
12098,100000,0
12099,100000,0
12100,100000,200
12101,100000,0
12102,100000,400
12103,100000,0
12104,100000,0
12105,100000,200
12106,100000,0
12107,100000,200
12108,100000,0
12109,100000,0
12110,100000,400
12111,100000,0
12112,100000,0
12113,100000,0
12114,100000,0
12115,100000,0
12116,100000,0
12117,100000,200
12118,100000,200
12119,100000,0
12120,100000,280
12121,100000,200
12122,100000,0
12123,100000,200
12124,100000,0
12125,100000,0
12126,100000,200
12127,100000,0
12128,100000,0
12129,100000,200
12130,100000,0
12131,100000,250
12132,100000,0
12133,100000,100
12134,100000,0
12135,100000,0
12136,100000,0
12137,100000,200
12138,100000,0
12139,100000,0
12140,100000,200
12141,100000,400
12142,100000,0
12143,100000,200
12144,100000,200
12145,100000,200
12146,100000,200
12147,100000,400
12148,100000,200
12149,100000,0
12150,100000,200
12151,100000,0
12152,100000,0
12153,100000,0
12154,100000,240
12155,100000,200
12156,100000,250
12157,100000,200
12158,100000,200
12159,100000,200
12160,100000,0
12161,100000,200
12162,100000,200
12163,100000,600
12164,100000,0
12165,100000,360
12166,100000,0
12167,100000,200
12168,100000,200
12169,100000,80
12170,100000,0
12171,100000,200
12172,100000,0
12173,100000,0
12174,100000,0
12175,100000,0
12176,100000,0
12177,100000,400
12178,100000,0
12179,100000,0
12180,100000,0
12181,100000,200
12182,100000,0
12183,100000,200
12184,100000,0
12185,100000,0
12186,100000,200
12187,100000,0
12188,100000,0
12189,100000,0
12190,100000,200
12191,100000,400
12192,100000,0
12193,100000,0
12194,100000,40
12195,100000,0
12196,100000,0
12197,100000,0
12198,100000,0
12199,100000,200
12200,100000,200
12201,100000,60
12202,100000,0
12203,100000,0
12204,100000,200
12205,100000,0
12206,100000,450
12207,100000,200
12208,100000,200
12209,100000,200
12210,100000,200
12211,100000,200
12212,100000,0
12213,100000,400
12214,100000,0
12215,100000,400
12216,100000,0
12217,100000,200
12218,100000,200
12219,100000,0
12220,100000,0
12221,100000,350
12222,100000,0
12223,100000,200
12224,100000,200
12225,100000,0
12226,100000,0
12227,100000,0
12228,100000,200
12229,100000,0
12230,100000,0
12231,100000,0
12232,100000,0
12233,100000,280
12234,100000,0
12235,100000,0
12236,100000,60
12237,100000,0
12238,100000,200
12239,100000,0
12240,100000,0
12241,100000,400
12242,100000,200
12243,100000,0
12244,100000,0
12245,100000,200
12246,100000,200
12247,100000,200
12248,100000,0
12249,100000,200
12250,100000,200
12251,100000,200
12252,100000,0
12253,100000,0
12254,100000,0
12255,100000,200
12256,100000,0
12257,100000,200
12258,100000,0
12259,100000,0
12260,100000,0
12261,100000,0
12262,100000,200
12263,100000,0
12264,100000,0
12265,100000,200
12266,100000,0
12267,100000,0
12268,100000,260
12269,100000,0
12270,100000,0
12271,100000,200
12272,100000,0
12273,100000,250
12274,100000,400
12275,100000,600
12276,100000,400
12277,100000,0
12278,100000,200
12279,100000,400
12280,100000,0
12281,100000,0
12282,100000,200
12283,100000,400
12284,100000,0
12285,100000,0
12286,100000,200
12287,100000,200
12288,100000,0
12289,100000,550
12290,100000,200
12291,100000,0
12292,100000,200
12293,100000,200
12294,100000,200
12295,100000,400
12296,100000,250
12297,100000,400
12298,100000,0
12299,100000,0
12300,100000,0
12301,100000,30
12302,100000,0
12303,100000,600
12304,100000,0
12305,100000,0
12306,100000,400
12307,100000,200
12308,100000,800
12309,100000,0
12310,100000,400
12311,100000,400
12312,100000,400
12313,100000,200
12314,100000,200
12315,100000,50
12316,100000,0
12317,100000,0
12318,100000,400
12319,100000,0
12320,100000,200
12321,100000,0
12322,100000,200
12323,100000,200
12324,100000,200
12325,100000,200
12326,100000,110
12327,100000,0
12328,100000,0
12329,100000,200
12330,100000,400
12331,100000,0
12332,100000,0
12333,100000,200
12334,100000,200
12335,100000,0
12336,100000,200
12337,100000,0
12338,100000,0
12339,100000,200
12340,100000,200
12341,100000,0
12342,100000,400
12343,100000,0
12344,100000,200
12345,100000,400
12346,100000,200
12347,100000,0
12348,100000,0
12349,100000,200
12350,100000,0
12351,100000,200
12352,100000,400
12353,100000,0
12354,100000,400
12355,100000,0
12356,100000,0
12357,100000,0
12358,100000,200
12359,100000,200
12360,100000,0
12361,100000,200
12362,100000,200
12363,100000,0
12364,100000,0
12365,100000,200
12366,100000,200
12367,100000,0
12368,100000,0
12369,100000,0
12370,100000,200
12371,100000,200
12372,100000,200
12373,100000,0
12374,100000,0
12375,100000,200
12376,100000,0
12377,100000,200
12378,100000,200
12379,100000,0
12380,100000,0
12381,100000,600
12382,100000,200
12383,100000,0
12384,100000,240
12385,100000,80
12386,100000,0
12387,100000,0
12388,100000,0
12389,100000,0
12390,100000,0
12391,100000,0
12392,100000,0
12393,100000,0
12394,100000,0
12395,100000,400
12396,100000,0
12397,100000,0
12398,100000,0
12399,100000,200
12400,100000,0
12401,100000,0
12402,100000,0
12403,100000,0
12404,100000,0
12405,100000,0
12406,100000,200
12407,100000,250
12408,100000,400
12409,100000,200
12410,100000,720
12411,100000,40
12412,100000,200
12413,100000,200
12414,100000,0
12415,100000,0
12416,100000,280
12417,100000,0
12418,100000,0
12419,100000,200
12420,100000,0
12421,100000,200
12422,100000,0
12423,100000,200
12424,100000,200
12425,100000,0
12426,100000,0
12427,100000,0
12428,100000,600
12429,100000,0
12430,100000,0
12431,100000,200
12432,100000,400
12433,100000,0
12434,100000,150
12435,100000,0
12436,100000,0
12437,100000,200
12438,100000,200
12439,100000,200
12440,100000,0
12441,100000,0
12442,100000,200
12443,100000,0
12444,100000,0
12445,100000,0
12446,100000,200
12447,100000,200
12448,100000,450
12449,100000,200
12450,100000,0
12451,100000,0
12452,100000,200
12453,100000,200
12454,100000,200
12455,100000,200
12456,100000,0
12457,100000,0
12458,100000,90
12459,100000,0
12460,100000,0
12461,100000,0
12462,100000,400
12463,100000,200
12464,100000,0
12465,100000,200
12466,100000,0
12467,100000,0
12468,100000,260
12469,100000,0
12470,100000,120
12471,100000,200
12472,100000,200
12473,100000,0
12474,100000,0
12475,100000,0
12476,100000,0
12477,100000,0
12478,100000,0
12479,100000,200
12480,100000,280
12481,100000,0
12482,100000,0
12483,100000,0
12484,100000,200
12485,100000,400
12486,100000,0
12487,100000,0
12488,100000,0
12489,100000,200
12490,100000,200
12491,100000,0
12492,100000,430
12493,100000,0
12494,100000,200
12495,100000,0
12496,100000,30
12497,100000,0
12498,100000,200
12499,100000,0
12500,100000,0
12501,100000,0
12502,100000,60
12503,100000,200
12504,100000,0
12505,100000,200
12506,100000,0
12507,100000,200
12508,100000,400
12509,100000,0
12510,100000,400
12511,100000,260
12512,100000,0
12513,100000,0
12514,100000,200
12515,100000,200
12516,100000,0
12517,100000,200
12518,100000,0
12519,100000,30
12520,100000,200
12521,100000,0
12522,100000,0
12523,100000,0
12524,100000,400
12525,100000,0
12526,100000,0
12527,100000,0
12528,100000,700
12529,100000,200
12530,100000,0
12531,100000,200
12532,100000,200
12533,100000,0
12534,100000,200
12535,100000,80
12536,100000,0
12537,100000,0
12538,100000,400
12539,100000,200
12540,100000,0
12541,100000,0
12542,100000,320
12543,100000,0
12544,100000,0
12545,100000,0
12546,100000,200
12547,100000,0
12548,100000,60
12549,100000,0
12550,100000,400
12551,100000,280
12552,100000,200
12553,100000,0
12554,100000,200
12555,100000,0
12556,100000,200
12557,100000,400
12558,100000,400
12559,100000,200
12560,100000,60
12561,100000,0
12562,100000,280
12563,100000,0
12564,100000,0
12565,100000,200
12566,100000,200
12567,100000,200
12568,100000,200
12569,100000,0
12570,100000,200
12571,100000,0
12572,100000,400
12573,100000,0
12574,100000,520
12575,100000,0
12576,100000,0
12577,100000,200
12578,100000,200
12579,100000,120
12580,100000,200
12581,100000,400
12582,100000,0
12583,100000,0
12584,100000,0
12585,100000,500
12586,100000,0
12587,100000,400
12588,100000,0
12589,100000,200
12590,100000,200
12591,100000,350
12592,100000,400
12593,100000,0
12594,100000,0
12595,100000,200
12596,100000,400
12597,100000,0
12598,100000,200
12599,100000,0
12600,100000,0
12601,100000,200
12602,100000,0
12603,100000,200
12604,100000,400
12605,100000,30
12606,100000,200
12607,100000,200
12608,100000,0
12609,100000,400
12610,100000,280
12611,100000,0
12612,100000,0
12613,100000,0
12614,100000,200
12615,100000,400
12616,100000,850
12617,100000,0
12618,100000,720
12619,100000,0
12620,100000,0
12621,100000,400
12622,100000,0
12623,100000,200
12624,100000,0
12625,100000,400
12626,100000,200
12627,100000,0
12628,100000,200
12629,100000,0
12630,100000,0
12631,100000,0
12632,100000,0
12633,100000,200
12634,100000,0
12635,100000,200
12636,100000,280
12637,100000,260
12638,100000,200
12639,100000,230
12640,100000,200
12641,100000,0
12642,100000,0
12643,100000,200
12644,100000,200
12645,100000,200
12646,100000,200
12647,100000,400
12648,100000,0
12649,100000,0
12650,100000,280
12651,100000,0
12652,100000,200
12653,100000,200
12654,100000,200
12655,100000,0
12656,100000,200
12657,100000,0
12658,100000,200
12659,100000,200
12660,100000,200
12661,100000,0
12662,100000,0
12663,100000,0
12664,100000,0
12665,100000,80
12666,100000,0
12667,100000,200
12668,100000,200
12669,100000,0
12670,100000,0
12671,100000,200
12672,100000,200
12673,100000,200
12674,100000,0
12675,100000,0
12676,100000,600
12677,100000,0
12678,100000,200
12679,100000,400
12680,100000,0
12681,100000,200
12682,100000,200
12683,100000,200
12684,100000,0
12685,100000,0
12686,100000,50
12687,100000,200
12688,100000,0
12689,100000,200
12690,100000,400
12691,100000,0
12692,100000,0
12693,100000,0
12694,100000,200
12695,100000,200
12696,100000,400
12697,100000,450
12698,100000,0
12699,100000,200
12700,100000,120
12701,100000,200
12702,100000,400
12703,100000,200
12704,100000,0
12705,100000,0
12706,100000,200
12707,100000,400
12708,100000,400
12709,100000,0
12710,100000,600
12711,100000,0
12712,100000,0
12713,100000,0
12714,100000,0
12715,100000,0
12716,100000,200
12717,100000,200
12718,100000,480
12719,100000,0
12720,100000,0
12721,100000,0
12722,100000,0
12723,100000,0
12724,100000,0
12725,100000,0
12726,100000,200
12727,100000,200
12728,100000,0
12729,100000,200
12730,100000,0
12731,100000,200
12732,100000,200
12733,100000,0
12734,100000,0
12735,100000,0
12736,100000,0
12737,100000,0
12738,100000,400
12739,100000,0
12740,100000,0
12741,100000,0
12742,100000,0
12743,100000,200
12744,100000,200
12745,100000,80
12746,100000,0
12747,100000,0
12748,100000,0
12749,100000,400
12750,100000,400
12751,100000,400
12752,100000,0
12753,100000,200
12754,100000,0
12755,100000,0
12756,100000,0
12757,100000,600
12758,100000,200
12759,100000,0
12760,100000,400
12761,100000,0
12762,100000,200
12763,100000,0
12764,100000,0
12765,100000,0
12766,100000,0
12767,100000,200
12768,100000,400
12769,100000,0
12770,100000,440
12771,100000,200
12772,100000,300
12773,100000,0
12774,100000,400
12775,100000,200
12776,100000,0
12777,100000,200
12778,100000,0
12779,100000,60
12780,100000,200
12781,100000,0
12782,100000,200
12783,100000,0
12784,100000,30
12785,100000,0
12786,100000,0
12787,100000,200
12788,100000,200
12789,100000,200
12790,100000,400
12791,100000,200
12792,100000,0
12793,100000,400
12794,100000,260
12795,100000,200
12796,100000,200
12797,100000,400
12798,100000,200
12799,100000,0
12800,100000,0
12801,100000,400
12802,100000,0
12803,100000,0
12804,100000,0
12805,100000,240
12806,100000,0
12807,100000,0
12808,100000,400
12809,100000,280
12810,100000,0
12811,100000,300
12812,100000,400
12813,100000,200
12814,100000,200
12815,100000,420
12816,100000,200
12817,100000,0
12818,100000,50
12819,100000,200
12820,100000,200
12821,100000,0
12822,100000,0
12823,100000,60
12824,100000,200
12825,100000,280
12826,100000,400
12827,100000,0
12828,100000,200
12829,100000,200
12830,100000,200
12831,100000,200
12832,100000,450
12833,100000,0
12834,100000,200
12835,100000,400
12836,100000,200
12837,100000,0
12838,100000,200
12839,100000,200
12840,100000,200
12841,100000,0
12842,100000,200
12843,100000,200
12844,100000,0
12845,100000,0
12846,100000,200
12847,100000,0
12848,100000,0
12849,100000,0
12850,100000,0
12851,100000,400
12852,100000,600
12853,100000,0
12854,100000,0
12855,100000,200
12856,100000,200
12857,100000,200
12858,100000,600
12859,100000,0
12860,100000,500
12861,100000,200
12862,100000,200
12863,100000,200
12864,100000,0
12865,100000,200
12866,100000,200
12867,100000,200
12868,100000,200
12869,100000,60
12870,100000,200
12871,100000,0
12872,100000,200
12873,100000,0
12874,100000,200
12875,100000,0
12876,100000,0
12877,100000,400
12878,100000,0
12879,100000,0
12880,100000,0
12881,100000,0
12882,100000,0
12883,100000,50
12884,100000,0
12885,100000,0
12886,100000,160
12887,100000,0
12888,100000,0
12889,100000,0
12890,100000,0
12891,100000,0
12892,100000,200
12893,100000,0
12894,100000,0
12895,100000,200
12896,100000,200
12897,100000,0
12898,100000,0
12899,100000,200
12900,100000,0
12901,100000,200
12902,100000,0
12903,100000,200
12904,100000,0
12905,100000,0
12906,100000,400
12907,100000,0
12908,100000,200
12909,100000,400
12910,100000,200
12911,100000,0
12912,100000,200
12913,100000,0
12914,100000,60
12915,100000,0
12916,100000,200
12917,100000,0
12918,100000,200
12919,100000,200
12920,100000,0
12921,100000,0
12922,100000,0
12923,100000,0
12924,100000,0
12925,100000,200
12926,100000,0
12927,100000,80
12928,100000,0
12929,100000,200
12930,100000,0
12931,100000,0
12932,100000,0
12933,100000,0
12934,100000,600
12935,100000,200
12936,100000,200
12937,100000,200
12938,100000,200
12939,100000,0
12940,100000,200
12941,100000,0
12942,100000,0
12943,100000,0
12944,100000,200
12945,100000,400
12946,100000,0
12947,100000,0
12948,100000,0
12949,100000,200
12950,100000,0
12951,100000,0
12952,100000,200
12953,100000,200
12954,100000,200
12955,100000,400
12956,100000,200
12957,100000,0
12958,100000,0
12959,100000,0
12960,100000,0
12961,100000,0
12962,100000,200
12963,100000,0
12964,100000,0
12965,100000,0
12966,100000,0
12967,100000,200
12968,100000,200
12969,100000,200
12970,100000,400
12971,100000,0
12972,100000,0
12973,100000,200
12974,100000,200
12975,100000,400
12976,100000,0
12977,100000,0
12978,100000,0
12979,100000,200
12980,100000,100
12981,100000,0
12982,100000,0
12983,100000,200
12984,100000,0
12985,100000,0
12986,100000,0
12987,100000,0
12988,100000,200
12989,100000,200
12990,100000,480
12991,100000,0
12992,100000,280
12993,100000,200
12994,100000,200
12995,100000,0
12996,100000,0
12997,100000,200
12998,100000,200
12999,100000,480
13000,100000,0
13001,100000,0
13002,100000,600
13003,100000,200
13004,100000,400
13005,100000,0
13006,100000,60
13007,100000,0
13008,100000,0
13009,100000,150
13010,100000,200
13011,100000,0
13012,100000,0
13013,100000,200
13014,100000,0
13015,100000,400
13016,100000,400
13017,100000,400
13018,100000,350
13019,100000,0
13020,100000,0
13021,100000,0
13022,100000,200
13023,100000,0
13024,100000,400
13025,100000,0
13026,100000,40
13027,100000,0
13028,100000,400
13029,100000,200
13030,100000,0
13031,100000,200
13032,100000,400
13033,100000,0
13034,100000,60
13035,100000,200
13036,100000,0
13037,100000,200
13038,100000,200
13039,100000,0
13040,100000,400
13041,100000,0
13042,100000,400
13043,100000,0
13044,100000,0
13045,100000,0
13046,100000,200
13047,100000,200
13048,100000,400
13049,100000,0
13050,100000,200
13051,100000,600
13052,100000,200
13053,100000,0
13054,100000,200
13055,100000,0
13056,100000,0
13057,100000,0
13058,100000,200
13059,100000,0
13060,100000,0
13061,100000,200
13062,100000,0
13063,100000,200
13064,100000,0
13065,100000,0
13066,100000,200
13067,100000,400
13068,100000,0
13069,100000,330
13070,100000,0
13071,100000,0
13072,100000,200
13073,100000,0
13074,100000,400
13075,100000,0
13076,100000,0
13077,100000,0
13078,100000,0
13079,100000,0
13080,100000,200
13081,100000,0
13082,100000,0
13083,100000,0
13084,100000,0
13085,100000,400
13086,100000,200
13087,100000,600
13088,100000,0
13089,100000,400
13090,100000,200
13091,100000,500
13092,100000,0
13093,100000,200
13094,100000,400
13095,100000,0
13096,100000,400
13097,100000,900
13098,100000,0
13099,100000,0
13100,100000,200
13101,100000,200
13102,100000,200
13103,100000,120
13104,100000,200
13105,100000,200
13106,100000,400
13107,100000,300
13108,100000,200
13109,100000,0
13110,100000,240
13111,100000,0
13112,100000,200
13113,100000,0
13114,100000,200
13115,100000,200
13116,100000,200
13117,100000,200
13118,100000,200
13119,100000,0
13120,100000,200
13121,100000,0
13122,100000,0
13123,100000,0
13124,100000,400
13125,100000,0
13126,100000,0
13127,100000,200
13128,100000,0
13129,100000,250
13130,100000,200
13131,100000,0
13132,100000,200
13133,100000,0
13134,100000,400
13135,100000,0
13136,100000,200
13137,100000,200
13138,100000,200
13139,100000,200
13140,100000,0
13141,100000,200
13142,100000,0
13143,100000,200
13144,100000,50
13145,100000,200
13146,100000,200
13147,100000,200
13148,100000,320
13149,100000,0
13150,100000,100
13151,100000,0
13152,100000,0
13153,100000,0
13154,100000,0
13155,100000,0
13156,100000,0
13157,100000,0
13158,100000,0
13159,100000,60
13160,100000,400
13161,100000,400
13162,100000,0
13163,100000,0
13164,100000,0
13165,100000,0
13166,100000,0
13167,100000,200
13168,100000,0
13169,100000,0
13170,100000,0
13171,100000,0
13172,100000,0
13173,100000,0
13174,100000,0
13175,100000,150
13176,100000,0
13177,100000,0
13178,100000,0
13179,100000,200
13180,100000,200
13181,100000,200
13182,100000,0
13183,100000,280
13184,100000,400
13185,100000,200
13186,100000,200
13187,100000,280
13188,100000,0
13189,100000,200
13190,100000,0
13191,100000,0
13192,100000,200
13193,100000,200
13194,100000,50
13195,100000,320
13196,100000,0
13197,100000,200
13198,100000,200
13199,100000,0
13200,100000,200
13201,100000,200
13202,100000,200
13203,100000,400
13204,100000,120
13205,100000,0
13206,100000,260
13207,100000,0
13208,100000,0
13209,100000,200
13210,100000,200
13211,100000,0
13212,100000,0
13213,100000,0
13214,100000,0
13215,100000,200
13216,100000,0
13217,100000,200
13218,100000,0
13219,100000,0
13220,100000,200
13221,100000,0
13222,100000,160
13223,100000,30
13224,100000,0
13225,100000,0
13226,100000,0
13227,100000,200
13228,100000,300
13229,100000,0
13230,100000,600
13231,100000,0
13232,100000,320
13233,100000,200
13234,100000,280
13235,100000,400
13236,100000,0
13237,100000,0
13238,100000,0
13239,100000,200
13240,100000,0
13241,100000,30
13242,100000,200
13243,100000,200
13244,100000,200
13245,100000,320
13246,100000,0
13247,100000,0
13248,100000,200
13249,100000,0
13250,100000,200
13251,100000,200
13252,100000,200
13253,100000,0
13254,100000,0
13255,100000,400
13256,100000,200
13257,100000,0
13258,100000,400
13259,100000,0
13260,100000,400
13261,100000,200
13262,100000,60
13263,100000,200
13264,100000,200
13265,100000,80
13266,100000,0
13267,100000,200
13268,100000,120
13269,100000,0
13270,100000,200
13271,100000,200
13272,100000,200
13273,100000,0
13274,100000,240
13275,100000,0
13276,100000,0
13277,100000,200
13278,100000,200
13279,100000,60
13280,100000,200
13281,100000,0
13282,100000,0
13283,100000,200
13284,100000,0
13285,100000,0
13286,100000,0
13287,100000,0
13288,100000,200
13289,100000,200
13290,100000,0
13291,100000,200
13292,100000,0
13293,100000,200
13294,100000,100
13295,100000,0
13296,100000,0
13297,100000,0
13298,100000,0
13299,100000,200
13300,100000,200
13301,100000,0
13302,100000,0
13303,100000,200
13304,100000,0
13305,100000,0
13306,100000,400
13307,100000,200
13308,100000,0
13309,100000,200
13310,100000,0
13311,100000,400
13312,100000,400
13313,100000,0
13314,100000,0
13315,100000,400
13316,100000,200
13317,100000,250
13318,100000,0
13319,100000,0
13320,100000,250
13321,100000,0
13322,100000,0
13323,100000,0
13324,100000,80
13325,100000,200
13326,100000,0
13327,100000,0
13328,100000,400
13329,100000,320
13330,100000,200
13331,100000,200
13332,100000,0
13333,100000,0
13334,100000,200
13335,100000,400
13336,100000,400
13337,100000,280
13338,100000,400
13339,100000,0
13340,100000,0
13341,100000,200
13342,100000,200
13343,100000,200
13344,100000,200
13345,100000,0
13346,100000,170
13347,100000,0
13348,100000,0
13349,100000,400
13350,100000,200
13351,100000,0
13352,100000,200
13353,100000,0
13354,100000,0
13355,100000,0
13356,100000,0
13357,100000,200
13358,100000,0
13359,100000,200
13360,100000,0
13361,100000,600
13362,100000,200
13363,100000,0
13364,100000,200
13365,100000,0
13366,100000,50
13367,100000,200
13368,100000,0
13369,100000,600
13370,100000,200
13371,100000,200
13372,100000,0
13373,100000,0
13374,100000,0
13375,100000,200
13376,100000,0
13377,100000,0
13378,100000,200
13379,100000,0
13380,100000,0
13381,100000,0
13382,100000,200
13383,100000,60
13384,100000,0
13385,100000,0
13386,100000,400
13387,100000,200
13388,100000,320
13389,100000,0
13390,100000,0
13391,100000,200
13392,100000,0
13393,100000,200
13394,100000,200
13395,100000,0
13396,100000,0
13397,100000,120
13398,100000,0
13399,100000,200
13400,100000,0
13401,100000,200
13402,100000,0
13403,100000,0
13404,100000,0
13405,100000,200
13406,100000,0
13407,100000,400
13408,100000,310
13409,100000,0
13410,100000,30
13411,100000,0
13412,100000,200
13413,100000,200
13414,100000,0
13415,100000,100
13416,100000,0
13417,100000,400
13418,100000,200
13419,100000,60
13420,100000,0
13421,100000,0
13422,100000,400
13423,100000,0
13424,100000,520
13425,100000,120
13426,100000,360
13427,100000,0
13428,100000,200
13429,100000,0
13430,100000,0
13431,100000,0
13432,100000,0
13433,100000,0
13434,100000,0
13435,100000,200
13436,100000,0
13437,100000,0
13438,100000,0
13439,100000,200
13440,100000,200
13441,100000,200
13442,100000,200
13443,100000,200
13444,100000,200
13445,100000,200
13446,100000,0
13447,100000,400
13448,100000,160
13449,100000,120
13450,100000,280
13451,100000,200
13452,100000,200
13453,100000,0
13454,100000,0
13455,100000,280
13456,100000,0
13457,100000,200
13458,100000,200
13459,100000,0
13460,100000,200
13461,100000,0
13462,100000,200
13463,100000,0
13464,100000,400
13465,100000,240
13466,100000,0
13467,100000,200
13468,100000,0
13469,100000,400
13470,100000,200
13471,100000,0
13472,100000,200
13473,100000,200
13474,100000,350
13475,100000,200
13476,100000,400
13477,100000,0
13478,100000,0
13479,100000,0
13480,100000,200
13481,100000,30
13482,100000,400
13483,100000,400
13484,100000,0
13485,100000,0
13486,100000,200
13487,100000,200
13488,100000,120
13489,100000,0
13490,100000,400
13491,100000,200
13492,100000,200
13493,100000,0
13494,100000,200
13495,100000,200
13496,100000,0
13497,100000,0
13498,100000,400
13499,100000,0
13500,100000,0
13501,100000,0
13502,100000,0
13503,100000,200
13504,100000,320
13505,100000,0
13506,100000,0
13507,100000,200
13508,100000,0
13509,100000,200
13510,100000,0
13511,100000,0
13512,100000,200
13513,100000,250
13514,100000,200
13515,100000,200
13516,100000,0
13517,100000,0
13518,100000,200
13519,100000,200
13520,100000,200
13521,100000,400
13522,100000,400
13523,100000,0
13524,100000,200
13525,100000,120
13526,100000,200
13527,100000,200
13528,100000,0
13529,100000,200
13530,100000,200
13531,100000,200
13532,100000,240
13533,100000,200
13534,100000,0
13535,100000,200
13536,100000,0
13537,100000,0
13538,100000,200
13539,100000,200
13540,100000,200
13541,100000,0
13542,100000,200
13543,100000,0
13544,100000,0
13545,100000,0
13546,100000,200
13547,100000,200
13548,100000,200
13549,100000,60
13550,100000,400
13551,100000,0
13552,100000,0
13553,100000,200
13554,100000,0
13555,100000,200
13556,100000,400
13557,100000,200
13558,100000,200
13559,100000,200
13560,100000,400
13561,100000,200
13562,100000,450
13563,100000,230
13564,100000,200
13565,100000,0
13566,100000,60
13567,100000,210
13568,100000,0
13569,100000,400
13570,100000,200
13571,100000,0
13572,100000,0
13573,100000,0
13574,100000,200
13575,100000,200
13576,100000,200
13577,100000,0
13578,100000,40
13579,100000,200
13580,100000,200
13581,100000,200
13582,100000,60
13583,100000,0
13584,100000,0
13585,100000,0
13586,100000,0
13587,100000,200
13588,100000,200
13589,100000,0
13590,100000,200
13591,100000,0
13592,100000,50
13593,100000,0
13594,100000,0
13595,100000,0
13596,100000,0
13597,100000,0
13598,100000,0
13599,100000,200
13600,100000,200
13601,100000,200
13602,100000,0
13603,100000,60
13604,100000,0
13605,100000,0
13606,100000,0
13607,100000,400
13608,100000,500
13609,100000,200
13610,100000,650
13611,100000,0
13612,100000,0
13613,100000,200
13614,100000,0
13615,100000,0
13616,100000,600
13617,100000,200
13618,100000,0
13619,100000,0
13620,100000,0
13621,100000,420
13622,100000,0
13623,100000,0
13624,100000,0
13625,100000,0
13626,100000,200
13627,100000,400
13628,100000,200
13629,100000,400
13630,100000,200
13631,100000,0
13632,100000,600
13633,100000,0
13634,100000,300
13635,100000,220
13636,100000,0
13637,100000,0
13638,100000,600
13639,100000,200
13640,100000,200
13641,100000,200
13642,100000,0
13643,100000,60
13644,100000,0
13645,100000,400
13646,100000,650
13647,100000,200
13648,100000,200
13649,100000,0
13650,100000,0
13651,100000,0
13652,100000,0
13653,100000,560
13654,100000,200
13655,100000,200
13656,100000,200
13657,100000,0
13658,100000,0
13659,100000,200
13660,100000,0
13661,100000,200
13662,100000,0
13663,100000,200
13664,100000,200
13665,100000,400
13666,100000,0
13667,100000,570
13668,100000,0
13669,100000,200
13670,100000,400
13671,100000,200
13672,100000,200
13673,100000,200
13674,100000,200
13675,100000,200
13676,100000,200
13677,100000,400
13678,100000,400
13679,100000,120
13680,100000,0
13681,100000,0
13682,100000,40
13683,100000,200
13684,100000,0
13685,100000,200
13686,100000,0
13687,100000,0
13688,100000,0
13689,100000,200
13690,100000,200
13691,100000,0
13692,100000,0
13693,100000,0
13694,100000,0
13695,100000,0
13696,100000,0
13697,100000,0
13698,100000,200
13699,100000,200
13700,100000,0
13701,100000,250
13702,100000,50
13703,100000,200
13704,100000,0
13705,100000,0
13706,100000,0
13707,100000,0
13708,100000,200
13709,100000,400
13710,100000,200
13711,100000,400
13712,100000,200
13713,100000,0
13714,100000,200
13715,100000,200
13716,100000,200
13717,100000,200
13718,100000,0
13719,100000,250
13720,100000,200
13721,100000,0
13722,100000,200
13723,100000,200
13724,100000,400
13725,100000,200
13726,100000,200
13727,100000,0
13728,100000,0
13729,100000,200
13730,100000,0
13731,100000,200
13732,100000,0
13733,100000,0
13734,100000,200
13735,100000,200
13736,100000,200
13737,100000,0
13738,100000,200
13739,100000,400
13740,100000,400
13741,100000,0
13742,100000,200
13743,100000,200
13744,100000,400
13745,100000,200
13746,100000,0
13747,100000,0
13748,100000,0
13749,100000,0
13750,100000,0
13751,100000,0
13752,100000,200
13753,100000,400
13754,100000,200
13755,100000,0
13756,100000,200
13757,100000,320
13758,100000,0
13759,100000,200
13760,100000,0
13761,100000,350
13762,100000,60
13763,100000,200
13764,100000,0
13765,100000,200
13766,100000,600
13767,100000,0
13768,100000,250
13769,100000,0
13770,100000,0
13771,100000,0
13772,100000,0
13773,100000,0
13774,100000,400
13775,100000,200
13776,100000,350
13777,100000,200
13778,100000,200
13779,100000,200
13780,100000,0
13781,100000,0
13782,100000,0
13783,100000,0
13784,100000,200
13785,100000,480
13786,100000,400
13787,100000,200
13788,100000,400
13789,100000,0
13790,100000,0
13791,100000,400
13792,100000,0
13793,100000,200
13794,100000,200
13795,100000,150
13796,100000,0
13797,100000,200
13798,100000,0
13799,100000,200
13800,100000,60
13801,100000,0
13802,100000,0
13803,100000,620
13804,100000,400
13805,100000,0
13806,100000,0
13807,100000,300
13808,100000,0
13809,100000,0
13810,100000,0
13811,100000,0
13812,100000,0
13813,100000,0
13814,100000,0
13815,100000,200
13816,100000,0
13817,100000,200
13818,100000,0
13819,100000,560
13820,100000,200
13821,100000,0
13822,100000,0
13823,100000,0
13824,100000,0
13825,100000,200
13826,100000,0
13827,100000,0
13828,100000,200
13829,100000,0
13830,100000,0
13831,100000,200
13832,100000,0
13833,100000,200
13834,100000,200
13835,100000,480
13836,100000,400
13837,100000,200
13838,100000,200
13839,100000,0
13840,100000,400
13841,100000,0
13842,100000,400
13843,100000,0
13844,100000,200
13845,100000,200
13846,100000,200
13847,100000,0
13848,100000,0
13849,100000,0
13850,100000,200
13851,100000,0
13852,100000,200
13853,100000,200
13854,100000,0
13855,100000,0
13856,100000,0
13857,100000,200
13858,100000,200
13859,100000,200
13860,100000,0
13861,100000,40
13862,100000,200
13863,100000,800
13864,100000,0
13865,100000,0
13866,100000,200
13867,100000,0
13868,100000,200
13869,100000,240
13870,100000,0
13871,100000,200
13872,100000,400
13873,100000,0
13874,100000,0
13875,100000,200
13876,100000,600
13877,100000,400
13878,100000,0
13879,100000,200
13880,100000,200
13881,100000,0
13882,100000,0
13883,100000,0
13884,100000,0
13885,100000,200
13886,100000,200
13887,100000,0
13888,100000,200
13889,100000,200
13890,100000,200
13891,100000,60
13892,100000,140
13893,100000,80
13894,100000,400
13895,100000,0
13896,100000,0
13897,100000,0
13898,100000,200
13899,100000,110
13900,100000,400
13901,100000,0
13902,100000,200
13903,100000,0
13904,100000,120
13905,100000,0
13906,100000,0
13907,100000,600
13908,100000,200
13909,100000,400
13910,100000,200
13911,100000,200
13912,100000,200
13913,100000,200
13914,100000,400
13915,100000,0
13916,100000,200
13917,100000,0
13918,100000,0
13919,100000,200
13920,100000,520
13921,100000,0
13922,100000,0
13923,100000,0
13924,100000,0
13925,100000,200
13926,100000,200
13927,100000,0
13928,100000,200
13929,100000,200
13930,100000,0
13931,100000,0
13932,100000,0
13933,100000,0
13934,100000,0
13935,100000,200
13936,100000,0
13937,100000,0
13938,100000,200
13939,100000,0
13940,100000,600
13941,100000,200
13942,100000,0
13943,100000,0
13944,100000,0
13945,100000,0
13946,100000,0
13947,100000,200
13948,100000,0
13949,100000,0
13950,100000,200
13951,100000,0
13952,100000,200
13953,100000,0
13954,100000,0
13955,100000,200
13956,100000,0
13957,100000,0
13958,100000,0
13959,100000,200
13960,100000,0
13961,100000,40
13962,100000,0
13963,100000,200
13964,100000,0
13965,100000,200
13966,100000,50
13967,100000,200
13968,100000,240
13969,100000,0
13970,100000,400
13971,100000,200
13972,100000,0
13973,100000,0
13974,100000,240
13975,100000,0
13976,100000,0
13977,100000,200
13978,100000,200
13979,100000,400
13980,100000,0
13981,100000,200
13982,100000,0
13983,100000,400
13984,100000,200
13985,100000,0
13986,100000,800
13987,100000,0
13988,100000,200
13989,100000,0
13990,100000,0
13991,100000,0
13992,100000,0
13993,100000,0
13994,100000,200
13995,100000,500
13996,100000,0
13997,100000,200
13998,100000,60
13999,100000,200
14000,100000,0
14001,100000,0
14002,100000,200
14003,100000,200
14004,100000,200
14005,100000,400
14006,100000,0
14007,100000,50
14008,100000,120
14009,100000,0
14010,100000,400
14011,100000,140
14012,100000,200
14013,100000,0
14014,100000,200
14015,100000,200
14016,100000,0
14017,100000,0
14018,100000,200
14019,100000,0
14020,100000,200
14021,100000,200
14022,100000,0
14023,100000,200
14024,100000,50
14025,100000,400
14026,100000,200
14027,100000,200
14028,100000,200
14029,100000,200
14030,100000,240
14031,100000,200
14032,100000,0
14033,100000,650
14034,100000,0
14035,100000,0
14036,100000,200
14037,100000,400
14038,100000,0
14039,100000,0
14040,100000,0
14041,100000,40
14042,100000,50
14043,100000,200
14044,100000,200
14045,100000,0
14046,100000,200
14047,100000,150
14048,100000,200
14049,100000,0
14050,100000,200
14051,100000,200
14052,100000,0
14053,100000,200
14054,100000,200
14055,100000,0
14056,100000,0
14057,100000,200
14058,100000,200
14059,100000,0
14060,100000,0
14061,100000,0
14062,100000,200
14063,100000,200
14064,100000,200
14065,100000,200
14066,100000,0
14067,100000,0
14068,100000,0
14069,100000,200
14070,100000,200
14071,100000,280
14072,100000,200
14073,100000,200
14074,100000,200
14075,100000,400
14076,100000,200
14077,100000,0
14078,100000,100
14079,100000,60
14080,100000,200
14081,100000,0
14082,100000,400
14083,100000,400
14084,100000,200
14085,100000,0
14086,100000,0
14087,100000,0
14088,100000,0
14089,100000,0
14090,100000,200
14091,100000,200
14092,100000,0
14093,100000,50
14094,100000,200
14095,100000,0
14096,100000,200
14097,100000,0
14098,100000,200
14099,100000,400
14100,100000,0
14101,100000,400
14102,100000,0
14103,100000,0
14104,100000,30
14105,100000,0
14106,100000,0
14107,100000,200
14108,100000,0
14109,100000,400
14110,100000,0
14111,100000,60
14112,100000,400
14113,100000,0
14114,100000,200
14115,100000,200
14116,100000,0
14117,100000,400
14118,100000,0
14119,100000,0
14120,100000,0
14121,100000,0
14122,100000,200
14123,100000,200
14124,100000,200
14125,100000,280
14126,100000,0
14127,100000,200
14128,100000,0
14129,100000,200
14130,100000,0
14131,100000,0
14132,100000,0
14133,100000,200
14134,100000,320
14135,100000,400
14136,100000,200
14137,100000,0
14138,100000,200
14139,100000,0
14140,100000,400
14141,100000,200
14142,100000,200
14143,100000,0
14144,100000,0
14145,100000,0
14146,100000,0
14147,100000,0
14148,100000,0
14149,100000,200
14150,100000,0
14151,100000,100
14152,100000,200
14153,100000,0
14154,100000,0
14155,100000,0
14156,100000,200
14157,100000,0
14158,100000,0
14159,100000,40
14160,100000,200
14161,100000,200
14162,100000,0
14163,100000,200
14164,100000,50
14165,100000,200
14166,100000,400
14167,100000,0
14168,100000,200
14169,100000,140
14170,100000,0
14171,100000,0
14172,100000,30
14173,100000,250
14174,100000,200
14175,100000,400
14176,100000,200
14177,100000,0
14178,100000,0
14179,100000,0
14180,100000,0
14181,100000,200
14182,100000,0
14183,100000,200
14184,100000,260
14185,100000,0
14186,100000,200
14187,100000,100
14188,100000,200
14189,100000,200
14190,100000,200
14191,100000,0
14192,100000,600
14193,100000,50
14194,100000,160
14195,100000,200
14196,100000,0
14197,100000,200
14198,100000,200
14199,100000,0
14200,100000,30
14201,100000,200
14202,100000,500
14203,100000,0
14204,100000,0
14205,100000,80
14206,100000,200
14207,100000,0
14208,100000,780
14209,100000,0
14210,100000,30
14211,100000,0
14212,100000,200
14213,100000,200
14214,100000,200
14215,100000,0
14216,100000,200
14217,100000,0
14218,100000,200
14219,100000,200
14220,100000,200
14221,100000,200
14222,100000,0
14223,100000,0
14224,100000,400
14225,100000,200
14226,100000,0
14227,100000,200
14228,100000,200
14229,100000,0
14230,100000,0
14231,100000,0
14232,100000,0
14233,100000,0
14234,100000,600
14235,100000,0
14236,100000,200
14237,100000,200
14238,100000,400
14239,100000,200
14240,100000,150
14241,100000,200
14242,100000,0
14243,100000,200
14244,100000,200
14245,100000,200
14246,100000,400
14247,100000,0
14248,100000,0
14249,100000,0
14250,100000,0
14251,100000,200
14252,100000,0
14253,100000,0
14254,100000,0
14255,100000,200
14256,100000,0
14257,100000,0
14258,100000,200
14259,100000,0
14260,100000,400
14261,100000,120
14262,100000,200
14263,100000,0
14264,100000,0
14265,100000,0
14266,100000,0
14267,100000,200
14268,100000,320
14269,100000,0
14270,100000,200
14271,100000,0
14272,100000,200
14273,100000,200
14274,100000,0
14275,100000,200
14276,100000,0
14277,100000,0
14278,100000,0
14279,100000,200
14280,100000,0
14281,100000,400
14282,100000,200
14283,100000,200
14284,100000,0
14285,100000,0
14286,100000,200
14287,100000,200
14288,100000,200
14289,100000,200
14290,100000,200
14291,100000,0
14292,100000,0
14293,100000,200
14294,100000,200
14295,100000,0
14296,100000,0
14297,100000,200
14298,100000,0
14299,100000,200
14300,100000,400
14301,100000,200
14302,100000,0
14303,100000,0
14304,100000,0
14305,100000,200
14306,100000,200
14307,100000,200
14308,100000,0
14309,100000,0
14310,100000,0
14311,100000,200
14312,100000,200
14313,100000,200
14314,100000,200
14315,100000,200
14316,100000,200
14317,100000,240
14318,100000,0
14319,100000,200
14320,100000,200
14321,100000,200
14322,100000,200
14323,100000,200
14324,100000,200
14325,100000,200
14326,100000,240
14327,100000,0
14328,100000,200
14329,100000,200
14330,100000,400
14331,100000,200
14332,100000,400
14333,100000,200
14334,100000,0
14335,100000,0
14336,100000,0
14337,100000,200
14338,100000,200
14339,100000,200
14340,100000,0
14341,100000,0
14342,100000,0
14343,100000,400
14344,100000,0
14345,100000,200
14346,100000,200
14347,100000,200
14348,100000,0
14349,100000,0
14350,100000,0
14351,100000,0
14352,100000,0
14353,100000,0
14354,100000,400
14355,100000,0
14356,100000,0
14357,100000,200
14358,100000,0
14359,100000,0
14360,100000,0
14361,100000,200
14362,100000,200
14363,100000,60
14364,100000,0
14365,100000,0
14366,100000,200
14367,100000,0
14368,100000,200
14369,100000,200
14370,100000,0
14371,100000,0
14372,100000,0
14373,100000,0
14374,100000,0
14375,100000,850
14376,119846350,1300
14377,100000,0
14378,100000,600
14379,100000,0
14380,100000,200
14381,100000,200
14382,100000,0
14383,100000,140
14384,100000,400
14385,100000,200
14386,100000,200
14387,100000,0
14388,100000,30
14389,100000,0
14390,100000,0
14391,100000,200
14392,100000,0
14393,100000,0
14394,100000,0
14395,100000,400
14396,100000,0
14397,100000,200
14398,100000,200
14399,100000,0
14400,100000,900
14401,100000,200
14402,100000,0
14403,100000,0
14404,100000,0
14405,100000,400
14406,100000,400
14407,100000,0
14408,100000,0
14409,100000,200
14410,100000,660
14411,100000,0
14412,100000,0
14413,100000,200
14414,100000,0
14415,100000,400
14416,100000,0
14417,100000,0
14418,100000,0
14419,100000,0
14420,100000,200
14421,100000,0
14422,100000,0
14423,100000,0
14424,100000,0
14425,100000,200
14426,100000,200
14427,100000,150
14428,100000,200
14429,100000,200
14430,100000,0
14431,100000,200
14432,100000,200
14433,100000,0
14434,100000,0
14435,100000,480
14436,100000,400
14437,100000,0
14438,100000,0
14439,100000,600
14440,100000,200
14441,100000,0
14442,100000,0
14443,100000,200
14444,100000,0
14445,100000,0
14446,100000,0
14447,100000,250
14448,100000,60
14449,100000,400
14450,100000,60
14451,100000,0
14452,100000,200
14453,100000,0
14454,100000,300
14455,100000,400
14456,100000,0
14457,100000,0
14458,100000,120
14459,100000,0
14460,100000,200
14461,100000,200
14462,100000,200
14463,100000,0
14464,100000,0
14465,100000,0
14466,100000,200
14467,100000,200
14468,100000,200
14469,100000,200
14470,100000,0
14471,100000,0
14472,100000,400
14473,100000,260
14474,100000,200
14475,100000,200
14476,100000,90
14477,100000,650
14478,100000,200
14479,100000,0
14480,100000,200
14481,100000,0
14482,100000,0
14483,100000,30
14484,100000,400
14485,100000,0
14486,100000,400
14487,100000,200
14488,100000,0
14489,100000,0
14490,100000,400
14491,100000,260
14492,100000,0
14493,100000,0
14494,100000,0
14495,100000,0
14496,100000,400
14497,100000,0
14498,100000,0
14499,100000,200
14500,100000,200
14501,100000,200
14502,100000,0
14503,100000,0
14504,100000,200
14505,100000,200
14506,100000,0
14507,100000,0
14508,100000,80
14509,100000,80
14510,100000,200
14511,100000,200
14512,100000,0
14513,100000,0
14514,100000,0
14515,100000,400
14516,100000,300
14517,100000,200
14518,100000,200
14519,100000,400
14520,100000,200
14521,100000,200
14522,100000,0
14523,100000,200
14524,100000,0
14525,100000,0
14526,100000,200
14527,100000,200
14528,100000,200
14529,100000,0
14530,100000,200
14531,100000,0
14532,100000,200
14533,100000,200
14534,100000,250
14535,100000,0
14536,100000,200
14537,100000,400
14538,100000,0
14539,100000,200
14540,100000,200
14541,100000,200
14542,100000,200
14543,100000,600
14544,100000,0
14545,100000,0
14546,100000,0
14547,100000,0
14548,100000,400
14549,100000,0
14550,100000,400
14551,100000,200
14552,100000,200
14553,100000,200
14554,100000,200
14555,100000,0
14556,100000,0
14557,100000,200
14558,100000,50
14559,100000,0
14560,100000,30
14561,100000,0
14562,100000,400
14563,100000,300
14564,100000,0
14565,100000,60
14566,100000,400
14567,100000,260
14568,100000,0
14569,100000,200
14570,100000,0
14571,100000,0
14572,100000,200
14573,100000,600
14574,100000,200
14575,100000,200
14576,100000,600
14577,100000,0
14578,100000,400
14579,100000,200
14580,100000,200
14581,100000,0
14582,100000,0
14583,100000,0
14584,100000,200
14585,100000,200
14586,100000,200
14587,100000,50
14588,100000,30
14589,100000,0
14590,100000,200
14591,100000,0
14592,100000,0
14593,100000,0
14594,100000,0
14595,100000,0
14596,100000,0
14597,100000,0
14598,100000,0
14599,100000,0
14600,100000,200
14601,100000,200
14602,100000,200
14603,100000,0
14604,100000,0
14605,100000,200
14606,100000,200
14607,100000,0
14608,100000,0
14609,100000,230
14610,100000,200
14611,100000,200
14612,100000,0
14613,100000,200
14614,100000,0
14615,100000,0
14616,100000,0
14617,100000,0
14618,100000,200
14619,100000,60
14620,100000,0
14621,100000,200
14622,100000,200
14623,100000,0
14624,100000,200
14625,100000,400
14626,100000,0
14627,100000,0
14628,100000,400
14629,100000,0
14630,100000,0
14631,100000,400
14632,100000,0
14633,100000,200
14634,100000,0
14635,100000,0
14636,100000,0
14637,100000,0
14638,100000,0
14639,100000,200
14640,100000,0
14641,100000,160
14642,100000,200
14643,100000,0
14644,100000,0
14645,100000,0
14646,100000,0
14647,100000,0
14648,100000,0
14649,100000,0
14650,100000,60
14651,100000,200
14652,100000,400
14653,100000,0
14654,100000,50
14655,100000,0
14656,100000,200
14657,100000,0
14658,100000,0
14659,100000,400
14660,100000,80
14661,100000,200
14662,100000,0
14663,100000,0
14664,100000,200
14665,100000,0
14666,100000,0
14667,100000,0
14668,100000,0
14669,100000,660
14670,100000,600
14671,100000,50
14672,100000,0
14673,100000,300
14674,100000,200
14675,100000,200
14676,100000,400
14677,100000,200
14678,100000,240
14679,100000,0
14680,100000,400
14681,100000,200
14682,100000,200
14683,100000,250
14684,100000,200
14685,100000,400
14686,100000,200
14687,100000,200
14688,100000,0
14689,100000,0
14690,100000,200
14691,100000,200
14692,100000,400
14693,100000,0
14694,100000,0
14695,100000,80
14696,100000,400
14697,100000,0
14698,100000,200
14699,100000,200
14700,100000,0
14701,100000,200
14702,100000,550
14703,100000,400
14704,100000,0
14705,100000,0
14706,100000,200
14707,100000,200
14708,100000,400
14709,100000,500
14710,100000,0
14711,100000,0
14712,100000,0
14713,100000,200
14714,100000,400
14715,100000,200
14716,100000,0
14717,100000,200
14718,100000,40
14719,100000,0
14720,100000,0
14721,100000,0
14722,100000,0
14723,100000,200
14724,100000,0
14725,100000,200
14726,100000,200
14727,100000,200
14728,100000,0
14729,100000,0
14730,100000,0
14731,100000,0
14732,100000,400
14733,100000,200
14734,100000,250
14735,100000,0
14736,100000,0
14737,100000,200
14738,100000,200
14739,100000,260
14740,100000,200
14741,100000,200
14742,100000,400
14743,100000,0
14744,100000,0
14745,100000,0
14746,100000,200
14747,100000,200
14748,100000,0
14749,100000,80
14750,100000,200
14751,100000,0
14752,100000,0
14753,100000,200
14754,100000,0
14755,100000,200
14756,100000,200
14757,100000,0
14758,100000,510
14759,100000,0
14760,100000,0
14761,100000,200
14762,100000,0
14763,100000,600
14764,100000,0
14765,100000,0
14766,100000,0
14767,100000,400
14768,100000,0
14769,100000,0
14770,100000,400
14771,100000,200
14772,100000,200
14773,100000,400
14774,100000,0
14775,100000,200
14776,100000,0
14777,100000,200
14778,100000,200
14779,100000,200
14780,100000,60
14781,100000,200
14782,100000,0
14783,100000,0
14784,100000,200
14785,100000,0
14786,100000,0
14787,100000,200
14788,100000,600
14789,100000,200
14790,100000,0
14791,100000,200
14792,100000,200
14793,100000,200
14794,100000,300
14795,100000,200
14796,100000,0
14797,100000,400
14798,100000,0
14799,100000,0
14800,100000,0
14801,100000,0
14802,100000,200
14803,100000,0
14804,100000,0
14805,100000,0
14806,100000,0
14807,100000,0
14808,100000,200
14809,100000,200
14810,100000,0
14811,100000,0
14812,100000,360
14813,100000,0
14814,100000,0
14815,100000,400
14816,100000,120
14817,100000,0
14818,100000,200
14819,100000,0
14820,100000,0
14821,100000,200
14822,100000,0
14823,100000,0
14824,100000,400
14825,100000,200
14826,100000,200
14827,100000,100
14828,100000,0
14829,100000,0
14830,100000,200
14831,100000,40
14832,100000,0
14833,100000,0
14834,100000,0
14835,100000,0
14836,100000,0
14837,100000,0
14838,100000,0
14839,100000,200
14840,100000,0
14841,100000,100
14842,100000,0
14843,100000,0
14844,100000,0
14845,100000,0
14846,100000,600
14847,100000,0
14848,100000,0
14849,100000,280
14850,100000,200
14851,100000,200
14852,100000,200
14853,100000,0
14854,100000,0
14855,100000,200
14856,100000,200
14857,100000,0
14858,100000,200
14859,100000,240
14860,100000,600
14861,100000,0
14862,100000,400
14863,100000,400
14864,100000,0
14865,100000,200
14866,100000,0
14867,100000,0
14868,100000,200
14869,100000,0
14870,100000,200
14871,100000,200
14872,100000,400
14873,100000,0
14874,100000,0
14875,100000,200
14876,100000,0
14877,100000,0
14878,100000,0
14879,100000,200
14880,100000,0
14881,100000,0
14882,100000,0
14883,100000,0
14884,100000,400
14885,100000,0
14886,100000,200
14887,100000,0
14888,100000,400
14889,100000,0
14890,100000,0
14891,100000,200
14892,100000,0
14893,100000,200
14894,100000,0
14895,100000,200
14896,100000,0
14897,100000,0
14898,100000,0
14899,100000,400
14900,100000,200
14901,100000,0
14902,100000,200
14903,100000,0
14904,100000,260
14905,100000,200
14906,100000,60
14907,100000,0
14908,100000,0
14909,100000,200
14910,100000,0
14911,100000,200
14912,100000,0
14913,100000,0
14914,100000,400
14915,100000,320
14916,100000,200
14917,100000,400
14918,100000,0
14919,100000,0
14920,100000,0
14921,100000,200
14922,100000,200
14923,100000,0
14924,100000,0
14925,100000,0
14926,100000,0
14927,100000,0
14928,100000,0
14929,100000,0
14930,100000,0
14931,100000,0
14932,100000,80
14933,100000,0
14934,100000,200
14935,100000,0
14936,100000,200
14937,100000,0
14938,100000,400
14939,100000,200
14940,100000,400
14941,100000,200
14942,100000,200
14943,100000,200
14944,100000,0
14945,100000,200
14946,100000,0
14947,100000,200
14948,100000,200
14949,100000,0
14950,100000,200
14951,100000,0
14952,100000,400
14953,100000,200
14954,100000,200
14955,100000,0
14956,100000,0
14957,100000,0
14958,100000,0
14959,100000,0
14960,100000,0
14961,100000,0
14962,100000,230
14963,100000,400
14964,100000,0
14965,100000,200
14966,100000,150
14967,100000,0
14968,100000,200
14969,100000,0
14970,100000,0
14971,100000,200
14972,100000,0
14973,100000,400
14974,100000,200
14975,100000,60
14976,100000,0
14977,100000,450
14978,100000,200
14979,100000,80
14980,100000,140
14981,100000,280
14982,100000,200
14983,100000,0
14984,100000,0
14985,100000,120
14986,100000,0
14987,100000,200
14988,100000,0
14989,100000,0
14990,100000,200
14991,100000,0
14992,100000,200
14993,100000,0
14994,100000,0
14995,100000,0
14996,100000,600
14997,100000,0
14998,100000,0
14999,100000,200
15000,100000,60
15001,100000,0
15002,100000,0
15003,100000,0
15004,100000,200
15005,100000,200
15006,100000,400
15007,100000,0
15008,100000,200
15009,100000,0
15010,100000,0
15011,100000,240
15012,100000,0
15013,100000,200
15014,100000,200
15015,100000,0
15016,100000,0
15017,100000,200
15018,100000,0
15019,100000,200
15020,100000,200
15021,100000,320
15022,100000,0
15023,100000,50
15024,100000,200
15025,100000,60
15026,100000,0
15027,100000,120
15028,100000,0
15029,100000,200
15030,100000,200
15031,100000,0
15032,100000,0
15033,100000,0
15034,100000,400
15035,100000,0
15036,100000,200
15037,100000,0
15038,100000,0
15039,100000,0
15040,100000,0
15041,100000,200
15042,100000,240
15043,100000,0
15044,100000,250
15045,100000,0
15046,100000,0
15047,100000,200
15048,100000,0
15049,100000,0
15050,100000,0
15051,100000,0
15052,100000,200
15053,100000,0
15054,100000,600
15055,100000,0
15056,100000,0
15057,100000,30
15058,100000,400
15059,100000,0
15060,100000,0
15061,100000,200
15062,100000,200
15063,100000,0
15064,100000,200
15065,100000,200
15066,100000,0
15067,100000,200
15068,100000,0
15069,100000,200
15070,100000,0
15071,100000,0
15072,100000,0
15073,100000,0
15074,100000,200
15075,100000,0
15076,100000,0
15077,100000,140
15078,100000,0
15079,100000,0
15080,100000,300
15081,100000,80
15082,100000,0
15083,100000,200
15084,100000,200
15085,100000,280
15086,100000,200
15087,100000,200
15088,100000,30
15089,100000,0
15090,100000,260
15091,100000,400
15092,100000,0
15093,100000,0
15094,100000,0
15095,100000,200
15096,100000,230
15097,100000,0
15098,100000,30
15099,100000,200
15100,100000,0
15101,100000,360
15102,100000,0
15103,100000,110
15104,100000,400
15105,100000,200
15106,100000,200
15107,100000,400
15108,100000,200
15109,100000,0
15110,100000,0
15111,100000,260
15112,100000,0
15113,100000,0
15114,100000,450
15115,100000,0
15116,100000,200
15117,100000,200
15118,100000,0
15119,100000,200
15120,100000,30
15121,100000,0
15122,100000,0
15123,100000,200
15124,100000,400
15125,100000,200
15126,100000,0
15127,100000,200
15128,100000,0
15129,100000,0
15130,100000,400
15131,100000,200
15132,100000,0
15133,100000,200
15134,100000,0
15135,100000,200
15136,100000,200
15137,100000,200
15138,100000,0
15139,100000,0
15140,100000,200
15141,100000,60
15142,100000,200
15143,100000,0
15144,100000,200
15145,100000,0
15146,100000,0
15147,100000,400
15148,100000,0
15149,100000,280
15150,100000,0
15151,100000,200
15152,100000,0
15153,100000,350
15154,100000,30
15155,100000,0
15156,100000,0
15157,100000,0
15158,100000,280
15159,100000,0
15160,100000,0
15161,100000,200
15162,100000,200
15163,100000,0
15164,100000,0
15165,100000,200
15166,100000,0
15167,100000,0
15168,100000,0
15169,100000,0
15170,100000,120
15171,100000,600
15172,100000,0
15173,100000,0
15174,100000,200
15175,100000,400
15176,100000,200
15177,100000,0
15178,100000,0
15179,100000,200
15180,100000,0
15181,100000,400
15182,100000,200
15183,100000,0
15184,100000,0
15185,100000,200
15186,100000,200
15187,100000,0
15188,100000,0
15189,100000,0
15190,100000,0
15191,100000,0
15192,100000,600
15193,100000,200
15194,100000,0
15195,100000,200
15196,100000,260
15197,100000,0
15198,100000,600
15199,100000,0
15200,100000,0
15201,100000,200
15202,100000,0
15203,100000,0
15204,100000,0
15205,100000,200
15206,100000,0
15207,100000,0
15208,100000,0
15209,100000,400
15210,100000,160
15211,100000,160
15212,100000,80
15213,100000,0
15214,100000,200
15215,100000,0
15216,100000,400
15217,100000,0
15218,100000,0
15219,100000,0
15220,100000,0
15221,100000,520
15222,100000,200
15223,100000,600
15224,100000,60
15225,100000,0
15226,100000,0
15227,100000,400
15228,100000,200
15229,100000,400
15230,100000,0
15231,100000,0
15232,100000,200
15233,100000,0
15234,100000,200
15235,100000,200
15236,100000,200
15237,100000,0
15238,100000,0
15239,100000,200
15240,100000,0
15241,100000,200
15242,100000,0
15243,100000,200
15244,100000,200
15245,100000,0
15246,100000,0
15247,100000,200
15248,100000,0
15249,100000,0
15250,100000,0
15251,100000,0
15252,100000,200
15253,100000,0
15254,100000,200
15255,100000,200
15256,100000,200
15257,100000,0
15258,100000,400
15259,100000,200
15260,100000,0
15261,100000,200
15262,100000,200
15263,100000,200
15264,100000,200
15265,100000,0
15266,100000,200
15267,100000,200
15268,100000,200
15269,100000,200
15270,100000,0
15271,100000,200
15272,100000,200
15273,100000,0
15274,100000,200
15275,100000,200
15276,100000,400
15277,100000,0
15278,100000,200
15279,100000,0
15280,100000,0
15281,100000,200
15282,100000,200
15283,100000,200
15284,100000,250
15285,100000,0
15286,100000,0
15287,100000,200
15288,100000,200
15289,100000,200
15290,100000,200
15291,100000,200
15292,100000,0
15293,100000,0
15294,100000,200
15295,100000,0
15296,100000,200
15297,100000,200
15298,100000,0
15299,100000,0
15300,100000,0
15301,100000,400
15302,100000,0
15303,100000,200
15304,100000,0
15305,100000,400
15306,100000,0
15307,100000,0
15308,100000,200
15309,100000,0
15310,100000,200
15311,100000,0
15312,100000,0
15313,100000,200
15314,100000,200
15315,100000,0
15316,100000,0
15317,100000,0
15318,100000,200
15319,100000,0
15320,100000,0
15321,100000,0
15322,100000,0
15323,100000,200
15324,100000,200
15325,100000,200
15326,100000,0
15327,100000,0
15328,100000,120
15329,100000,400
15330,100000,0
15331,100000,0
15332,100000,200
15333,100000,200
15334,100000,0
15335,100000,40
15336,100000,0
15337,100000,0
15338,100000,0
15339,100000,200
15340,100000,0
15341,100000,200
15342,100000,200
15343,100000,0
15344,100000,200
15345,100000,0
15346,100000,0
15347,100000,200
15348,100000,200
15349,100000,200
15350,100000,0
15351,100000,200
15352,100000,200
15353,100000,0
15354,100000,0
15355,100000,0
15356,100000,0
15357,100000,400
15358,100000,200
15359,100000,200
15360,100000,0
15361,100000,200
15362,100000,0
15363,100000,260
15364,100000,0
15365,100000,0
15366,100000,0
15367,100000,0
15368,100000,0
15369,100000,0
15370,100000,0
15371,100000,0
15372,100000,120
15373,100000,0
15374,100000,0
15375,100000,600
15376,100000,0
15377,100000,0
15378,100000,0
15379,100000,200
15380,100000,0
15381,100000,200
15382,100000,350
15383,100000,0
15384,100000,200
15385,100000,200
15386,100000,0
15387,100000,0
15388,100000,0
15389,100000,200
15390,100000,200
15391,100000,400
15392,100000,200
15393,100000,0
15394,100000,200
15395,100000,0
15396,100000,200
15397,100000,0
15398,100000,0
15399,100000,200
15400,100000,200
15401,100000,30
15402,100000,0
15403,100000,0
15404,100000,0
15405,100000,0
15406,100000,200
15407,100000,120
15408,100000,200
15409,100000,200
15410,100000,0
15411,100000,0
15412,100000,200
15413,100000,0
15414,100000,200
15415,100000,400
15416,100000,200
15417,100000,200
15418,100000,0
15419,100000,0
15420,100000,40
15421,100000,200
15422,100000,0
15423,100000,0
15424,100000,0
15425,100000,0
15426,100000,200
15427,100000,0
15428,100000,0
15429,100000,200
15430,100000,0
15431,100000,450
15432,100000,0
15433,100000,160
15434,100000,370
15435,100000,200
15436,100000,200
15437,100000,0
15438,100000,200
15439,100000,280
15440,100000,0
15441,100000,200
15442,100000,200
15443,100000,200
15444,100000,0
15445,100000,200
15446,100000,200
15447,100000,200
15448,100000,200
15449,100000,200
15450,100000,0
15451,100000,0
15452,100000,400
15453,100000,400
15454,100000,250
15455,100000,250
15456,100000,200
15457,100000,200
15458,100000,0
15459,100000,0
15460,100000,0
15461,100000,150
15462,100000,200
15463,100000,0
15464,100000,0
15465,100000,0
15466,100000,150
15467,100000,0
15468,100000,400
15469,100000,0
15470,100000,200
15471,100000,0
15472,100000,200
15473,100000,0
15474,100000,0
15475,100000,30
15476,100000,0
15477,100000,0
15478,100000,200
15479,100000,200
15480,100000,400
15481,100000,0
15482,100000,400
15483,100000,500
15484,100000,0
15485,100000,0
15486,100000,0
15487,100000,200
15488,100000,230
15489,100000,0
15490,100000,400
15491,100000,0
15492,100000,0
15493,100000,0
15494,100000,200
15495,100000,200
15496,100000,400
15497,100000,560
15498,100000,0
15499,100000,420
15500,100000,0
15501,100000,0
15502,100000,60
15503,100000,650
15504,100000,400
15505,100000,400
15506,100000,200
15507,100000,0
15508,100000,0
15509,100000,0
15510,100000,200
15511,100000,400
15512,100000,0
15513,100000,400
15514,100000,0
15515,100000,400
15516,100000,0
15517,100000,200
15518,100000,200
15519,100000,200
15520,100000,400
15521,100000,0
15522,100000,480
15523,100000,200
15524,100000,0
15525,100000,200
15526,100000,0
15527,100000,0
15528,100000,0
15529,100000,200
15530,100000,0
15531,100000,0
15532,100000,50
15533,100000,400
15534,100000,0
15535,100000,0
15536,100000,400
15537,100000,0
15538,100000,400
15539,100000,200
15540,100000,0
15541,100000,0
15542,100000,0
15543,100000,200
15544,100000,0
15545,100000,0
15546,100000,400
15547,100000,200
15548,100000,0
15549,100000,310
15550,100000,0
15551,100000,200
15552,100000,0
15553,100000,0
15554,100000,0
15555,100000,0
15556,100000,200
15557,100000,100
15558,100000,160
15559,100000,0
15560,100000,200
15561,100000,0
15562,100000,0
15563,100000,400
15564,100000,0
15565,100000,200
15566,100000,200
15567,100000,0
15568,100000,0
15569,100000,200
15570,100000,200
15571,100000,0
15572,100000,0
15573,100000,200
15574,100000,0
15575,100000,200
15576,100000,200
15577,100000,120
15578,100000,200
15579,100000,200
15580,100000,0
15581,100000,0
15582,100000,0
15583,100000,400
15584,100000,200
15585,100000,0
15586,100000,0
15587,100000,0
15588,100000,200
15589,100000,200
15590,100000,0
15591,100000,400
15592,100000,0
15593,100000,0
15594,100000,0
15595,100000,400
15596,100000,0
15597,100000,0
15598,100000,0
15599,100000,120
15600,100000,200
15601,100000,50
15602,100000,200
15603,100000,0
15604,100000,400
15605,100000,200
15606,100000,200
15607,100000,0
15608,100000,0
15609,100000,200
15610,100000,200
15611,100000,200
15612,100000,400
15613,100000,0
15614,100000,0
15615,100000,400
15616,100000,0
15617,100000,200
15618,100000,0
15619,100000,200
15620,100000,200
15621,100000,200
15622,100000,0
15623,100000,0
15624,100000,100
15625,100000,200
15626,100000,0
15627,100000,200
15628,100000,200
15629,100000,200
15630,100000,0
15631,100000,600
15632,100000,0
15633,100000,0
15634,100000,200
15635,100000,400
15636,100000,0
15637,100000,0
15638,100000,200
15639,100000,850
15640,100000,0
15641,100000,200
15642,100000,0
15643,100000,400
15644,100000,200
15645,100000,200
15646,100000,0
15647,100000,400
15648,100000,0
15649,100000,0
15650,100000,200
15651,100000,0
15652,100000,0
15653,100000,0
15654,100000,260
15655,100000,0
15656,100000,200
15657,100000,400
15658,100000,0
15659,100000,200
15660,100000,0
15661,100000,0
15662,100000,0
15663,100000,200
15664,100000,200
15665,100000,0
15666,100000,200
15667,100000,200
15668,100000,200
15669,100000,400
15670,100000,0
15671,100000,200
15672,100000,0
15673,100000,0
15674,100000,200
15675,100000,0
15676,100000,0
15677,100000,0
15678,100000,200
15679,100000,0
15680,100000,0
15681,100000,0
15682,100000,200
15683,100000,600
15684,100000,200
15685,100000,400
15686,100000,200
15687,100000,0
15688,100000,0
15689,100000,250
15690,100000,200
15691,100000,0
15692,100000,0
15693,100000,0
15694,100000,200
15695,100000,200
15696,100000,0
15697,100000,0
15698,100000,0
15699,100000,0
15700,100000,560
15701,100000,400
15702,100000,0
15703,100000,200
15704,100000,0
15705,100000,0
15706,100000,200
15707,100000,0
15708,100000,200
15709,100000,0
15710,100000,0
15711,100000,200
15712,100000,0
15713,100000,260
15714,100000,200
15715,100000,200
15716,100000,780
15717,100000,300
15718,100000,0
15719,100000,0
15720,100000,0
15721,100000,200
15722,100000,200
15723,100000,150
15724,100000,200
15725,100000,0
15726,100000,0
15727,100000,370
15728,100000,200
15729,100000,0
15730,100000,400
15731,100000,200
15732,100000,200
15733,100000,0
15734,100000,0
15735,100000,400
15736,100000,200
15737,100000,60
15738,100000,0
15739,100000,0
15740,100000,0
15741,100000,0
15742,100000,0
15743,100000,0
15744,100000,0
15745,100000,0
15746,100000,200
15747,100000,0
15748,100000,200
15749,100000,200
15750,100000,200
15751,100000,0
15752,100000,50
15753,100000,0
15754,100000,50
15755,100000,200
15756,100000,0
15757,100000,240
15758,100000,280
15759,100000,200
15760,100000,0
15761,100000,0
15762,100000,0
15763,100000,50
15764,100000,200
15765,100000,400
15766,100000,200
15767,100000,200
15768,100000,0
15769,100000,30
15770,100000,0
15771,100000,200
15772,100000,400
15773,100000,0
15774,100000,0
15775,100000,0
15776,100000,0
15777,100000,0
15778,100000,0
15779,100000,200
15780,100000,0
15781,100000,0
15782,100000,200
15783,100000,0
15784,100000,60
15785,100000,0
15786,100000,0
15787,100000,200
15788,100000,200
15789,100000,0
15790,100000,0
15791,100000,200
15792,100000,0
15793,100000,0
15794,100000,200
15795,100000,0
15796,100000,0
15797,100000,0
15798,100000,0
15799,100000,0
15800,100000,0
15801,100000,0
15802,100000,200
15803,100000,0
15804,100000,200
15805,100000,200
15806,100000,0
15807,100000,0
15808,100000,400
15809,100000,0
15810,100000,0
15811,100000,200
15812,100000,0
15813,100000,200
15814,100000,200
15815,100000,200
15816,100000,600
15817,100000,0
15818,100000,250
15819,100000,0
15820,100000,200
15821,100000,0
15822,100000,400
15823,100000,200
15824,100000,0
15825,100000,200
15826,100000,0
15827,100000,200
15828,100000,0
15829,100000,280
15830,100000,200
15831,100000,200
15832,100000,200
15833,100000,200
15834,100000,50
15835,100000,0
15836,100000,0
15837,100000,200
15838,100000,0
15839,100000,200
15840,100000,400
15841,100000,0
15842,100000,200
15843,100000,0
15844,100000,200
15845,100000,0
15846,100000,0
15847,100000,0
15848,100000,200
15849,100000,200
15850,100000,0
15851,100000,200
15852,100000,0
15853,100000,200
15854,100000,0
15855,100000,200
15856,100000,0
15857,100000,200
15858,100000,0
15859,100000,50
15860,100000,200
15861,100000,400
15862,100000,50
15863,100000,460
15864,100000,200
15865,100000,200
15866,100000,200
15867,100000,0
15868,100000,200
15869,100000,400
15870,100000,0
15871,100000,200
15872,100000,0
15873,100000,200
15874,100000,200
15875,100000,200
15876,100000,400
15877,100000,200
15878,100000,240
15879,100000,200
15880,100000,0
15881,100000,400
15882,100000,0
15883,100000,0
15884,100000,0
15885,100000,200
15886,100000,200
15887,100000,0
15888,100000,200
15889,100000,200
15890,100000,400
15891,100000,0
15892,100000,0
15893,100000,200
15894,100000,250
15895,100000,200
15896,100000,0
15897,100000,50
15898,100000,200
15899,100000,200
15900,100000,0
15901,100000,200
15902,100000,200
15903,100000,120
15904,100000,200
15905,100000,200
15906,100000,0
15907,100000,0
15908,100000,0
15909,100000,200
15910,100000,0
15911,100000,0
15912,100000,600
15913,100000,0
15914,100000,0
15915,100000,200
15916,100000,400
15917,100000,0
15918,100000,520
15919,100000,0
15920,100000,200
15921,100000,400
15922,100000,400
15923,100000,0
15924,100000,0
15925,100000,200
15926,100000,200
15927,100000,40
15928,100000,200
15929,100000,0
15930,100000,30
15931,100000,0
15932,100000,0
15933,100000,400
15934,100000,0
15935,100000,200
15936,100000,0
15937,100000,0
15938,100000,0
15939,100000,200
15940,100000,400
15941,100000,80
15942,100000,0
15943,100000,200
15944,100000,200
15945,100000,0
15946,100000,200
15947,100000,200
15948,100000,200
15949,100000,0
15950,100000,200
15951,100000,250
15952,100000,0
15953,100000,0
15954,100000,260
15955,100000,200
15956,100000,200
15957,100000,600
15958,100000,0
15959,100000,360
15960,100000,400
15961,100000,200
15962,100000,0
15963,100000,0
15964,100000,200
15965,100000,0
15966,100000,400
15967,100000,0
15968,100000,280
15969,100000,200
15970,100000,0
15971,100000,200
15972,100000,200
15973,100000,120
15974,100000,200
15975,100000,40
15976,100000,0
15977,100000,400
15978,100000,200
15979,100000,0
15980,100000,200
15981,100000,200
15982,100000,400
15983,100000,0
15984,100000,0
15985,100000,0
15986,100000,200
15987,100000,200
15988,100000,200
15989,100000,300
15990,100000,200
15991,100000,400
15992,100000,200
15993,100000,200
15994,100000,200
15995,100000,400
15996,100000,200
15997,100000,200
15998,100000,400
15999,100000,200
16000,100000,0
16001,100000,0
16002,100000,200
16003,100000,0
16004,100000,460
16005,100000,400
16006,100000,0
16007,100000,0
16008,100000,0
16009,100000,200
16010,100000,200
16011,100000,0
16012,100000,0
16013,100000,200
16014,100000,40
16015,100000,0
16016,100000,200
16017,100000,0
16018,100000,0
16019,100000,200
16020,100000,400
16021,100000,0
16022,100000,400
16023,100000,200
16024,100000,200
16025,100000,0
16026,100000,200
16027,100000,200
16028,100000,320
16029,100000,200
16030,100000,200
16031,100000,200
16032,100000,0
16033,100000,0
16034,100000,200
16035,100000,200
16036,100000,50
16037,100000,0
16038,100000,0
16039,100000,200
16040,100000,0
16041,100000,0
16042,100000,0
16043,100000,0
16044,100000,0
16045,100000,0
16046,100000,0
16047,100000,200
16048,100000,0
16049,100000,60
16050,100000,60
16051,100000,400
16052,100000,0
16053,100000,200
16054,100000,50
16055,100000,200
16056,100000,30
16057,100000,200
16058,100000,200
16059,100000,0
16060,100000,0
16061,100000,200
16062,100000,0
16063,100000,200
16064,100000,0
16065,100000,0
16066,100000,200
16067,100000,0
16068,100000,200
16069,100000,0
16070,100000,0
16071,100000,0
16072,100000,0
16073,100000,80
16074,100000,520
16075,100000,0
16076,100000,0
16077,100000,0
16078,100000,0
16079,100000,0
16080,100000,200
16081,100000,0
16082,100000,0
16083,100000,0
16084,100000,0
16085,100000,280
16086,100000,0
16087,100000,0
16088,100000,0
16089,100000,0
16090,100000,200
16091,100000,0
16092,100000,0
16093,100000,0
16094,100000,0
16095,100000,200
16096,100000,200
16097,100000,0
16098,100000,0
16099,100000,400
16100,100000,200
16101,100000,0
16102,100000,200
16103,100000,0
16104,100000,200
16105,100000,0
16106,100000,200
16107,100000,400
16108,100000,0
16109,100000,200
16110,100000,200
16111,100000,200
16112,100000,0
16113,100000,200
16114,100000,200
16115,100000,150
16116,100000,400
16117,100000,0
16118,100000,200
16119,100000,0
16120,100000,230
16121,100000,0
16122,100000,120
16123,100000,400
16124,100000,0
16125,100000,0
16126,100000,200
16127,100000,0
16128,100000,0
16129,100000,0
16130,100000,60
16131,100000,0
16132,100000,600
16133,100000,80
16134,100000,400
16135,100000,280
16136,100000,200
16137,100000,0
16138,100000,30
16139,100000,0
16140,100000,200
16141,100000,200
16142,100000,600
16143,100000,150
16144,100000,200
16145,100000,200
16146,100000,0
16147,100000,0
16148,100000,400
16149,100000,200
16150,100000,0
16151,100000,280
16152,100000,60
16153,100000,200
16154,100000,200
16155,100000,0
16156,100000,200
16157,100000,200
16158,100000,200
16159,100000,200
16160,100000,600
16161,100000,40
16162,100000,200
16163,100000,0
16164,100000,200
16165,100000,400
16166,100000,0
16167,100000,200
16168,100000,200
16169,100000,400
16170,100000,0
16171,100000,0
16172,100000,160
16173,100000,0
16174,100000,200
16175,100000,200
16176,100000,0
16177,100000,0
16178,100000,200
16179,100000,0
16180,100000,160
16181,100000,200
16182,100000,0
16183,100000,0
16184,100000,250
16185,100000,200
16186,100000,0
16187,100000,500
16188,100000,200
16189,100000,0
16190,100000,200
16191,100000,0
16192,100000,200
16193,100000,110
16194,100000,0
16195,100000,0
16196,100000,0
16197,100000,0
16198,100000,0
16199,100000,0
16200,100000,0
16201,100000,0
16202,100000,0
16203,100000,0
16204,100000,0
16205,100000,200
16206,100000,200
16207,100000,0
16208,100000,200
16209,100000,0
16210,100000,200
16211,100000,250
16212,100000,0
16213,100000,400
16214,100000,0
16215,100000,0
16216,100000,200
16217,100000,200
16218,100000,0
16219,100000,200
16220,100000,0
16221,100000,0
16222,100000,0
16223,100000,400
16224,100000,0
16225,100000,200
16226,100000,0
16227,100000,200
16228,100000,400
16229,100000,0
16230,100000,0
16231,100000,0
16232,100000,400
16233,100000,0
16234,100000,200
16235,100000,80
16236,100000,0
16237,100000,0
16238,100000,400
16239,100000,200
16240,100000,0
16241,100000,200
16242,100000,0
16243,100000,0
16244,100000,0
16245,100000,0
16246,100000,0
16247,100000,300
16248,100000,200
16249,100000,600
16250,100000,0
16251,100000,200
16252,100000,0
16253,100000,250
16254,100000,0
16255,100000,0
16256,100000,0
16257,100000,0
16258,100000,200
16259,100000,0
16260,100000,200
16261,100000,0
16262,100000,200
16263,100000,0
16264,100000,400
16265,100000,0
16266,100000,0
16267,100000,200
16268,100000,200
16269,100000,0
16270,100000,0
16271,100000,250
16272,100000,400
16273,100000,0
16274,100000,200
16275,100000,200
16276,100000,200
16277,100000,500
16278,100000,0
16279,100000,0
16280,100000,0
16281,100000,0
16282,100000,200
16283,100000,200
16284,100000,200
16285,100000,200
16286,100000,200
16287,100000,0
16288,100000,200
16289,100000,0
16290,100000,400
16291,100000,200
16292,100000,170
16293,100000,400
16294,100000,200
16295,100000,400
16296,100000,0
16297,100000,400
16298,100000,0
16299,100000,0
16300,100000,0
16301,100000,0
16302,100000,200
16303,100000,200
16304,100000,0
16305,100000,0
16306,100000,0
16307,100000,200
16308,100000,0
16309,100000,200
16310,100000,0
16311,100000,0
16312,100000,0
16313,100000,0
16314,100000,120
16315,100000,200
16316,100000,200
16317,100000,0
16318,100000,0
16319,100000,200
16320,100000,260
16321,100000,400
16322,100000,200
16323,100000,0
16324,100000,0
16325,100000,0
16326,100000,0
16327,100000,0
16328,100000,360
16329,100000,0
16330,100000,200
16331,100000,0
16332,100000,0
16333,100000,200
16334,100000,200
16335,100000,0
16336,100000,200
16337,100000,0
16338,100000,200
16339,100000,200
16340,100000,80
16341,100000,400
16342,100000,200
16343,100000,60
16344,100000,200
16345,100000,0
16346,100000,200
16347,100000,200
16348,100000,0
16349,100000,400
16350,100000,200
16351,100000,200
16352,100000,200
16353,100000,200
16354,100000,200
16355,100000,400
16356,100000,0
16357,100000,200
16358,100000,200
16359,100000,0
16360,100000,200
16361,100000,0
16362,100000,200
16363,100000,0
16364,100000,0
16365,100000,0
16366,100000,0
16367,100000,0
16368,100000,200
16369,100000,200
16370,100000,200
16371,100000,0
16372,100000,0
16373,100000,260
16374,100000,200
16375,100000,0
16376,100000,200
16377,100000,0
16378,100000,0
16379,100000,60
16380,100000,0
16381,100000,0
16382,100000,0
16383,100000,0
16384,100000,200
16385,100000,160
16386,100000,0
16387,100000,400
16388,100000,220
16389,100000,200
16390,100000,50
16391,100000,200
16392,100000,200
16393,100000,600
16394,100000,0
16395,100000,0
16396,100000,200
16397,100000,0
16398,100000,200
16399,100000,200
16400,100000,200
16401,100000,400
16402,100000,0
16403,100000,200
16404,100000,200
16405,100000,600
16406,100000,200
16407,100000,0
16408,100000,280
16409,100000,400
16410,100000,0
16411,100000,0
16412,100000,200
16413,100000,0
16414,100000,0
16415,100000,0
16416,100000,0
16417,100000,200
16418,100000,0
16419,100000,400
16420,100000,200
16421,100000,200
16422,100000,400
16423,100000,400
16424,100000,0
16425,100000,400
16426,100000,0
16427,100000,30
16428,100000,0
16429,100000,360
16430,100000,0
16431,100000,0
16432,100000,200
16433,100000,0
16434,100000,0
16435,100000,0
16436,100000,0
16437,100000,0
16438,100000,0
16439,100000,200
16440,100000,400
16441,100000,400
16442,100000,0
16443,100000,0
16444,100000,200
16445,100000,0
16446,100000,80
16447,100000,200
16448,100000,0
16449,100000,200
16450,100000,200
16451,100000,0
16452,100000,0
16453,100000,200
16454,100000,0
16455,100000,200
16456,100000,200
16457,100000,200
16458,100000,0
16459,100000,200
16460,100000,400
16461,100000,0
16462,100000,0
16463,100000,200
16464,100000,50
16465,100000,0
16466,100000,200
16467,100000,0
16468,100000,0
16469,100000,0
16470,100000,0
16471,100000,200
16472,100000,200
16473,100000,0
16474,100000,640
16475,100000,400
16476,100000,260
16477,100000,0
16478,100000,200
16479,100000,0
16480,100000,0
16481,100000,400
16482,100000,0
16483,100000,200
16484,100000,0
16485,100000,200
16486,100000,0
16487,100000,200
16488,100000,0
16489,100000,0
16490,100000,0
16491,100000,200
16492,100000,0
16493,100000,600
16494,100000,200
16495,100000,0
16496,100000,200
16497,100000,400
16498,100000,400
16499,100000,400
16500,100000,0
16501,100000,200
16502,100000,200
16503,100000,150
16504,100000,0
16505,100000,0
16506,100000,0
16507,100000,310
16508,100000,200
16509,100000,0
16510,100000,200
16511,100000,900
16512,100000,0
16513,100000,0
16514,100000,0
16515,100000,0
16516,100000,0
16517,100000,200
16518,100000,0
16519,100000,200
16520,100000,0
16521,100000,200
16522,100000,200
16523,100000,0
16524,100000,400
16525,100000,0
16526,100000,0
16527,100000,200
16528,100000,200
16529,100000,400
16530,100000,0
16531,100000,0
16532,100000,0
16533,100000,0
16534,100000,0
16535,100000,200
16536,100000,200
16537,100000,600
16538,100000,0
16539,100000,60
16540,100000,200
16541,100000,200
16542,100000,400
16543,100000,0
16544,100000,200
16545,100000,200
16546,100000,400
16547,100000,200
16548,100000,0
16549,100000,200
16550,100000,0
16551,100000,200
16552,100000,0
16553,100000,0
16554,100000,300
16555,100000,0
16556,100000,200
16557,100000,200
16558,100000,0
16559,100000,200
16560,100000,200
16561,100000,50
16562,100000,260
16563,100000,200
16564,100000,0
16565,100000,200
16566,100000,200
16567,100000,0
16568,100000,200
16569,100000,400
16570,100000,0
16571,100000,580
16572,100000,200
16573,100000,250
16574,100000,400
16575,100000,600
16576,100000,200
16577,100000,0
16578,100000,0
16579,100000,200
16580,100000,200
16581,100000,200
16582,100000,200
16583,100000,60
16584,100000,400
16585,100000,0
16586,100000,200
16587,100000,200
16588,100000,0
16589,100000,0
16590,100000,200
16591,100000,0
16592,100000,200
16593,100000,200
16594,100000,200
16595,100000,400
16596,100000,0
16597,100000,0
16598,100000,0
16599,100000,400
16600,100000,200
16601,100000,0
16602,100000,600
16603,100000,200
16604,100000,240
16605,100000,400
16606,100000,400
16607,100000,0
16608,100000,0
16609,100000,200
16610,100000,200
16611,100000,0
16612,100000,200
16613,100000,400
16614,100000,400
16615,100000,200
16616,100000,0
16617,100000,400
16618,100000,400
16619,100000,0
16620,100000,200
16621,100000,200
16622,100000,0
16623,100000,200
16624,100000,400
16625,100000,0
16626,100000,200
16627,100000,200
16628,100000,0
16629,100000,200
16630,100000,0
16631,100000,0
16632,100000,360
16633,100000,200
16634,100000,200
16635,100000,0
16636,100000,0
16637,100000,200
16638,100000,0
16639,100000,400
16640,100000,200
16641,100000,200
16642,100000,200
16643,100000,200
16644,100000,200
16645,100000,0
16646,100000,200
16647,100000,0
16648,100000,0
16649,100000,280
16650,100000,0
16651,100000,0
16652,100000,0
16653,100000,200
16654,100000,0
16655,100000,0
16656,100000,200
16657,100000,400
16658,100000,400
16659,100000,230
16660,100000,400
16661,100000,0
16662,100000,400
16663,100000,200
16664,100000,200
16665,100000,0
16666,100000,200
16667,100000,200
16668,100000,200
16669,100000,0
16670,100000,0
16671,100000,200
16672,100000,200
16673,100000,0
16674,100000,200
16675,100000,0
16676,100000,200
16677,100000,280
16678,100000,400
16679,100000,0
16680,100000,0
16681,100000,0
16682,100000,0
16683,100000,0
16684,100000,200
16685,100000,200
16686,100000,400
16687,100000,200
16688,100000,0
16689,100000,0
16690,100000,0
16691,100000,260
16692,100000,0
16693,100000,200
16694,100000,0
16695,100000,0
16696,100000,0
16697,100000,300
16698,100000,480
16699,100000,400
16700,100000,200
16701,100000,200
16702,100000,500
16703,100000,200
16704,100000,200
16705,100000,0
16706,100000,200
16707,100000,0
16708,100000,400
16709,100000,0
16710,100000,200
16711,100000,200
16712,100000,0
16713,100000,0
16714,100000,200
16715,100000,200
16716,100000,0
16717,100000,0
16718,100000,200
16719,100000,0
16720,100000,200
16721,100000,0
16722,100000,0
16723,100000,200
16724,100000,240
16725,100000,0
16726,100000,0
16727,100000,230
16728,100000,0
16729,100000,0
16730,100000,200
16731,100000,0
16732,100000,0
16733,100000,200
16734,100000,0
16735,100000,200
16736,100000,400
16737,100000,150
16738,100000,200
16739,100000,0
16740,100000,160
16741,100000,0
16742,100000,200
16743,100000,400
16744,100000,0
16745,100000,0
16746,100000,200
16747,100000,200
16748,100000,200
16749,100000,0
16750,100000,0
16751,100000,0
16752,100000,200
16753,100000,460
16754,100000,0
16755,100000,0
16756,100000,0
16757,100000,0
16758,100000,280
16759,100000,200
16760,100000,400
16761,100000,0
16762,100000,80
16763,100000,0
16764,100000,260
16765,100000,400
16766,100000,0
16767,100000,0
16768,100000,0
16769,100000,400
16770,100000,0
16771,100000,120
16772,100000,0
16773,100000,120
16774,100000,0
16775,100000,200
16776,100000,200
16777,100000,200
16778,100000,400
16779,100000,0
16780,100000,0
16781,100000,200
16782,100000,0
16783,100000,200
16784,100000,400
16785,100000,200
16786,100000,200
16787,100000,0
16788,100000,0
16789,100000,0
16790,100000,0
16791,100000,0
16792,100000,0
16793,100000,200
16794,100000,200
16795,100000,200
16796,100000,0
16797,100000,0
16798,100000,0
16799,100000,200
16800,100000,0
16801,100000,0
16802,100000,0
16803,100000,0
16804,100000,200
16805,100000,0
16806,100000,0
16807,100000,200
16808,100000,200
16809,100000,200
16810,100000,400
16811,100000,200
16812,100000,200
16813,100000,400
16814,100000,0
16815,100000,0
16816,100000,200
16817,100000,450
16818,100000,200
16819,100000,200
16820,100000,0
16821,100000,0
16822,100000,0
16823,100000,0
16824,100000,200
16825,100000,200
16826,100000,280
16827,100000,200
16828,100000,200
16829,100000,200
16830,100000,0
16831,100000,40
16832,100000,30
16833,100000,200
16834,100000,200
16835,100000,0
16836,100000,240
16837,100000,0
16838,100000,400
16839,100000,200
16840,100000,0
16841,100000,200
16842,100000,200
16843,100000,0
16844,100000,250
16845,100000,200
16846,100000,0
16847,100000,200
16848,100000,200
16849,100000,0
16850,100000,200
16851,100000,0
16852,100000,400
16853,100000,200
16854,100000,400
16855,100000,0
16856,100000,0
16857,100000,0
16858,100000,0
16859,100000,200
16860,100000,200
16861,100000,120
16862,100000,0
16863,100000,0
16864,100000,0
16865,100000,0
16866,100000,200
16867,100000,200
16868,100000,200
16869,100000,200
16870,100000,0
16871,100000,80
16872,100000,400
16873,100000,0
16874,100000,200
16875,100000,200
16876,100000,0
16877,100000,200
16878,100000,200
16879,100000,80
16880,100000,400
16881,100000,0
16882,100000,400
16883,100000,400
16884,100000,0
16885,100000,0
16886,100000,280
16887,100000,200
16888,100000,200
16889,100000,400
16890,100000,0
16891,100000,0
16892,100000,370
16893,100000,0
16894,100000,0
16895,100000,200
16896,100000,0
16897,100000,0
16898,100000,0
16899,100000,200
16900,100000,0
16901,100000,0
16902,100000,0
16903,100000,0
16904,100000,0
16905,100000,250
16906,100000,200
16907,100000,200
16908,100000,0
16909,100000,0
16910,100000,0
16911,100000,0
16912,100000,80
16913,100000,0
16914,100000,200
16915,100000,0
16916,100000,400
16917,100000,0
16918,100000,200
16919,100000,400
16920,100000,200
16921,100000,200
16922,100000,0
16923,100000,200
16924,100000,200
16925,100000,200
16926,100000,0
16927,100000,170
16928,100000,200
16929,100000,200
16930,100000,200
16931,100000,0
16932,100000,400
16933,100000,600
16934,100000,200
16935,100000,600
16936,100000,0
16937,100000,400
16938,100000,200
16939,100000,0
16940,100000,0
16941,100000,200
16942,100000,200
16943,100000,400
16944,100000,0
16945,100000,120
16946,100000,200
16947,100000,120
16948,100000,200
16949,100000,200
16950,100000,0
16951,100000,0
16952,100000,200
16953,100000,0
16954,100000,0
16955,100000,650
16956,100000,280
16957,100000,200
16958,100000,0
16959,100000,0
16960,100000,400
16961,100000,200
16962,100000,200
16963,100000,200
16964,100000,200
16965,100000,200
16966,100000,0
16967,100000,0
16968,100000,200
16969,100000,400
16970,100000,0
16971,100000,200
16972,100000,0
16973,100000,0
16974,100000,400
16975,100000,200
16976,100000,0
16977,100000,0
16978,100000,0
16979,100000,450
16980,100000,0
16981,100000,0
16982,100000,200
16983,100000,0
16984,100000,0
16985,100000,0
16986,100000,0
16987,100000,200
16988,100000,0
16989,100000,0
16990,100000,0
16991,100000,200
16992,100000,0
16993,100000,200
16994,100000,0
16995,100000,0
16996,100000,200
16997,100000,200
16998,100000,0
16999,100000,30
17000,100000,50
17001,100000,0
17002,100000,250
17003,100000,0
17004,100000,400
17005,100000,200
17006,100000,200
17007,100000,60
17008,100000,400
17009,100000,400
17010,100000,0
17011,100000,0
17012,100000,200
17013,100000,200
17014,100000,0
17015,100000,0
17016,100000,0
17017,100000,200
17018,100000,400
17019,100000,200
17020,100000,0
17021,100000,200
17022,100000,30
17023,100000,200
17024,100000,400
17025,100000,0
17026,100000,0
17027,100000,400
17028,100000,0
17029,100000,240
17030,100000,0
17031,100000,120
17032,100000,400
17033,100000,0
17034,100000,200
17035,100000,0
17036,100000,200
17037,100000,0
17038,100000,200
17039,100000,60
17040,100000,200
17041,100000,400
17042,100000,0
17043,100000,0
17044,100000,0
17045,100000,200
17046,100000,400
17047,100000,0
17048,100000,200
17049,100000,0
17050,100000,200
17051,100000,200
17052,100000,50
17053,100000,200
17054,100000,250
17055,100000,600
17056,100000,0
17057,100000,400
17058,100000,200
17059,100000,250
17060,100000,240
17061,100000,400
17062,100000,0
17063,100000,0
17064,100000,200
17065,100000,400
17066,100000,0
17067,100000,200
17068,100000,400
17069,100000,200
17070,100000,200
17071,100000,200
17072,100000,200
17073,100000,0
17074,100000,140
17075,100000,200
17076,100000,0
17077,100000,30
17078,100000,0
17079,100000,200
17080,100000,0
17081,100000,230
17082,100000,200
17083,100000,0
17084,100000,400
17085,100000,230
17086,100000,50
17087,100000,0
17088,100000,400
17089,100000,200
17090,100000,0
17091,100000,200
17092,100000,0
17093,100000,0
17094,100000,0
17095,100000,0
17096,100000,0
17097,100000,60
17098,100000,200
17099,100000,0
17100,100000,0
17101,100000,0
17102,100000,0
17103,100000,0
17104,100000,0
17105,100000,200
17106,100000,0
17107,100000,200
17108,100000,400
17109,100000,200
17110,100000,400
17111,100000,0
17112,100000,0
17113,100000,0
17114,100000,0
17115,100000,400
17116,100000,200
17117,100000,0
17118,100000,0
17119,100000,0
17120,100000,0
17121,100000,0
17122,100000,200
17123,100000,0
17124,100000,0
17125,100000,0
17126,100000,0
17127,100000,0
17128,100000,200
17129,100000,200
17130,100000,200
17131,100000,400
17132,100000,0
17133,100000,400
17134,100000,200
17135,100000,0
17136,100000,0
17137,100000,0
17138,100000,0
17139,100000,0
17140,100000,200
17141,100000,0
17142,100000,400
17143,100000,270
17144,100000,0
17145,100000,200
17146,100000,200
17147,100000,0
17148,100000,200
17149,100000,0
17150,100000,0
17151,100000,0
17152,100000,200
17153,100000,0
17154,100000,0
17155,100000,150
17156,100000,200
17157,100000,400
17158,100000,200
17159,100000,240
17160,100000,0
17161,100000,200
17162,100000,0
17163,100000,0
17164,100000,0
17165,100000,0
17166,100000,0
17167,100000,0
17168,100000,0
17169,100000,0
17170,100000,200
17171,100000,600
17172,100000,400
17173,100000,0
17174,100000,580
17175,100000,600
17176,100000,200
17177,100000,0
17178,100000,0
17179,100000,200
17180,100000,0
17181,100000,0
17182,100000,0
17183,100000,110
17184,100000,300
17185,100000,0
17186,100000,0
17187,100000,200
17188,100000,200
17189,100000,0
17190,100000,0
17191,100000,200
17192,100000,60
17193,100000,650
17194,100000,0
17195,100000,200
17196,100000,0
17197,100000,0
17198,100000,0
17199,100000,200
17200,100000,40
17201,100000,200
17202,100000,0
17203,100000,200
17204,100000,60
17205,100000,190
17206,100000,0
17207,100000,200
17208,100000,200
17209,100000,0
17210,100000,200
17211,100000,230
17212,100000,200
17213,100000,200
17214,100000,0
17215,100000,200
17216,100000,160
17217,100000,0
17218,100000,200
17219,100000,0
17220,100000,0
17221,100000,0
17222,100000,200
17223,100000,0
17224,100000,0
17225,100000,200
17226,100000,0
17227,100000,200
17228,100000,200
17229,100000,0
17230,100000,0
17231,100000,80
17232,100000,500
17233,100000,0
17234,100000,400
17235,100000,0
17236,100000,0
17237,100000,200
17238,100000,500
17239,100000,400
17240,100000,0
17241,100000,200
17242,100000,0
17243,100000,0
17244,100000,0
17245,100000,0
17246,100000,0
17247,100000,400
17248,100000,200
17249,100000,280
17250,100000,200
17251,100000,0
17252,100000,0
17253,100000,0
17254,100000,280
17255,100000,200
17256,100000,0
17257,100000,0
17258,100000,150
17259,100000,400
17260,100000,400
17261,100000,0
17262,100000,200
17263,100000,200
17264,100000,400
17265,100000,0
17266,100000,200
17267,100000,0
17268,100000,400
17269,100000,200
17270,100000,200
17271,100000,230
17272,100000,0
17273,100000,0
17274,100000,400
17275,100000,0
17276,100000,0
17277,100000,0
17278,100000,200
17279,100000,200
17280,100000,200
17281,100000,0
17282,100000,0
17283,100000,0
17284,100000,0
17285,100000,200
17286,100000,200
17287,100000,0
17288,100000,400
17289,100000,0
17290,100000,200
17291,100000,0
17292,100000,400
17293,100000,0
17294,100000,200
17295,100000,200
17296,100000,0
17297,100000,200
17298,100000,200
17299,100000,200
17300,100000,0
17301,100000,200
17302,100000,60
17303,100000,200
17304,100000,0
17305,100000,200
17306,100000,0
17307,100000,0
17308,100000,200
17309,100000,0
17310,100000,0
17311,100000,280
17312,100000,0
17313,100000,250
17314,100000,200
17315,100000,0
17316,100000,60
17317,100000,570
17318,100000,0
17319,100000,400
17320,100000,200
17321,100000,0
17322,100000,0
17323,100000,0
17324,100000,200
17325,100000,0
17326,100000,40
17327,100000,260
17328,100000,200
17329,100000,200
17330,100000,200
17331,100000,400
17332,100000,0
17333,100000,200
17334,100000,0
17335,100000,400
17336,100000,200
17337,100000,200
17338,100000,0
17339,100000,0
17340,100000,200
17341,100000,400
17342,100000,200
17343,100000,200
17344,100000,0
17345,100000,0
17346,100000,200
17347,100000,200
17348,100000,200
17349,100000,200
17350,100000,0
17351,100000,200
17352,100000,0
17353,100000,0
17354,100000,200
17355,100000,200
17356,100000,30
17357,100000,0
17358,100000,110
17359,100000,200
17360,100000,0
17361,100000,400
17362,100000,200
17363,100000,200
17364,100000,0
17365,100000,400
17366,100000,0
17367,100000,0
17368,100000,0
17369,100000,0
17370,100000,0
17371,100000,200
17372,100000,200
17373,100000,0
17374,100000,0
17375,100000,0
17376,100000,400
17377,100000,100
17378,100000,0
17379,100000,0
17380,100000,200
17381,100000,360
17382,100000,0
17383,100000,0
17384,100000,0
17385,100000,200
17386,100000,0
17387,100000,200
17388,100000,200
17389,100000,40
17390,100000,0
17391,100000,0
17392,100000,0
17393,100000,0
17394,100000,200
17395,100000,400
17396,100000,200
17397,100000,0
17398,100000,0
17399,100000,200
17400,100000,400
17401,100000,0
17402,100000,160
17403,100000,230
17404,100000,0
17405,100000,0
17406,100000,400
17407,100000,0
17408,100000,0
17409,100000,0
17410,100000,200
17411,100000,200
17412,100000,450
17413,100000,200
17414,100000,0
17415,100000,200
17416,100000,0
17417,100000,200
17418,100000,0
17419,100000,0
17420,100000,0
17421,100000,200
17422,100000,0
17423,100000,600
17424,100000,200
17425,100000,200
17426,100000,0
17427,100000,0
17428,100000,0
17429,100000,200
17430,100000,0
17431,100000,200
17432,100000,0
17433,100000,50
17434,100000,0
17435,100000,0
17436,100000,200
17437,100000,0
17438,100000,0
17439,100000,70
17440,100000,0
17441,100000,200
17442,100000,80
17443,100000,750
17444,100000,0
17445,100000,0
17446,100000,400
17447,100000,80
17448,100000,0
17449,100000,0
17450,100000,0
17451,100000,0
17452,100000,200
17453,100000,400
17454,100000,0
17455,100000,200
17456,100000,0
17457,100000,200
17458,100000,0
17459,100000,200
17460,100000,280
17461,100000,0
17462,100000,0
17463,100000,200
17464,100000,230
17465,100000,0
17466,100000,200
17467,100000,0
17468,100000,400
17469,100000,300
17470,100000,400
17471,100000,0
17472,100000,0
17473,100000,200
17474,100000,0
17475,100000,0
17476,100000,400
17477,100000,200
17478,100000,400
17479,100000,360
17480,100000,0
17481,100000,400
17482,100000,0
17483,100000,0
17484,100000,200
17485,100000,0
17486,100000,200
17487,100000,400
17488,100000,400
17489,100000,0
17490,100000,0
17491,100000,0
17492,100000,0
17493,100000,200
17494,100000,0
17495,100000,400
17496,100000,200
17497,100000,0
17498,100000,400
17499,100000,0
17500,100000,200
17501,100000,200
17502,100000,200
17503,100000,120
17504,100000,200
17505,100000,200
17506,100000,200
17507,100000,80
17508,100000,600
17509,100000,0
17510,100000,200
17511,100000,200
17512,100000,240
17513,100000,30
17514,100000,200
17515,100000,0
17516,100000,200
17517,100000,0
17518,100000,0
17519,100000,0
17520,100000,400
17521,100000,0
17522,100000,0
17523,100000,0
17524,100000,0
17525,100000,200
17526,100000,400
17527,100000,200
17528,100000,400
17529,100000,200
17530,100000,200
17531,100000,0
17532,100000,200
17533,100000,200
17534,100000,0
17535,100000,100
17536,100000,400
17537,100000,240
17538,100000,300
17539,100000,0
17540,100000,200
17541,100000,0
17542,100000,200
17543,100000,0
17544,100000,60
17545,100000,0
17546,100000,0
17547,100000,0
17548,100000,400
17549,100000,0
17550,100000,0
17551,100000,600
17552,100000,200
17553,100000,0
17554,100000,0
17555,100000,600
17556,100000,200
17557,100000,0
17558,100000,0
17559,100000,0
17560,100000,0
17561,100000,0
17562,100000,400
17563,100000,0
17564,100000,200
17565,100000,0
17566,100000,0
17567,100000,0
17568,100000,200
17569,100000,30
17570,100000,200
17571,100000,200
17572,100000,200
17573,100000,200
17574,100000,200
17575,100000,200
17576,100000,200
17577,100000,200
17578,100000,400
17579,100000,0
17580,100000,200
17581,100000,0
17582,100000,0
17583,100000,0
17584,100000,0
17585,100000,0
17586,100000,0
17587,100000,400
17588,100000,200
17589,100000,0
17590,100000,320
17591,100000,0
17592,100000,0
17593,100000,400
17594,100000,0
17595,100000,0
17596,100000,200
17597,100000,400
17598,100000,0
17599,100000,50
17600,100000,0
17601,100000,400
17602,100000,0
17603,100000,0
17604,100000,0
17605,100000,0
17606,100000,0
17607,100000,150
17608,100000,0
17609,100000,0
17610,100000,400
17611,100000,0
17612,100000,200
17613,100000,0
17614,100000,0
17615,100000,0
17616,100000,0
17617,100000,400
17618,100000,0
17619,100000,0
17620,100000,0
17621,100000,200
17622,100000,230
17623,100000,200
17624,100000,360
17625,100000,200
17626,100000,200
17627,100000,0
17628,100000,250
17629,100000,0
17630,100000,0
17631,100000,400
17632,100000,200
17633,100000,0
17634,100000,0
17635,100000,0
17636,100000,160
17637,100000,200
17638,100000,400
17639,100000,0
17640,100000,0
17641,100000,200
17642,100000,0
17643,100000,120
17644,100000,200
17645,100000,200
17646,100000,400
17647,100000,0
17648,100000,700
17649,100000,0
17650,100000,0
17651,100000,200
17652,100000,0
17653,100000,0
17654,100000,0
17655,100000,0
17656,100000,200
17657,100000,200
17658,100000,200
17659,100000,0
17660,100000,0
17661,100000,200
17662,100000,0
17663,100000,0
17664,100000,0
17665,100000,140
17666,100000,200
17667,100000,0
17668,100000,0
17669,100000,200
17670,100000,400
17671,100000,0
17672,100000,0
17673,100000,200
17674,100000,200
17675,100000,0
17676,100000,50
17677,100000,200
17678,100000,200
17679,100000,0
17680,100000,0
17681,100000,0
17682,100000,600
17683,100000,30
17684,100000,0
17685,100000,0
17686,100000,200
17687,100000,200
17688,100000,0
17689,100000,400
17690,100000,200
17691,100000,0
17692,100000,0
17693,100000,0
17694,100000,200
17695,100000,200
17696,100000,0
17697,100000,0
17698,100000,200
17699,100000,200
17700,100000,0
17701,100000,0
17702,100000,400
17703,100000,360
17704,100000,0
17705,100000,0
17706,100000,200
17707,100000,0
17708,100000,0
17709,100000,0
17710,100000,0
17711,100000,200
17712,100000,200
17713,100000,0
17714,100000,0
17715,100000,400
17716,100000,0
17717,100000,400
17718,100000,0
17719,100000,0
17720,100000,120
17721,100000,0
17722,100000,200
17723,100000,200
17724,100000,400
17725,100000,0
17726,100000,200
17727,100000,0
17728,100000,0
17729,100000,0
17730,100000,200
17731,100000,0
17732,100000,0
17733,100000,0
17734,100000,0
17735,100000,50
17736,100000,200
17737,100000,200
17738,100000,200
17739,100000,0
17740,100000,0
17741,100000,0
17742,100000,400
17743,100000,200
17744,100000,400
17745,100000,200
17746,100000,0
17747,100000,0
17748,100000,0
17749,100000,200
17750,100000,200
17751,100000,0
17752,100000,200
17753,100000,0
17754,100000,0
17755,100000,200
17756,100000,0
17757,100000,240
17758,100000,200
17759,100000,0
17760,100000,0
17761,100000,400
17762,100000,120
17763,100000,60
17764,100000,0
17765,100000,0
17766,100000,200
17767,100000,0
17768,100000,200
17769,100000,200
17770,100000,0
17771,100000,200
17772,100000,200
17773,100000,200
17774,100000,200
17775,100000,200
17776,100000,200
17777,100000,0
17778,100000,0
17779,100000,0
17780,100000,200
17781,100000,200
17782,100000,0
17783,100000,0
17784,100000,50
17785,100000,200
17786,100000,0
17787,100000,400
17788,100000,200
17789,100000,0
17790,100000,0
17791,100000,200
17792,100000,200
17793,100000,0
17794,100000,0
17795,100000,200
17796,100000,200
17797,100000,0
17798,100000,200
17799,100000,0
17800,100000,0
17801,100000,400
17802,100000,400
17803,100000,0
17804,100000,50
17805,100000,120
17806,100000,0
17807,100000,300
17808,100000,200
17809,100000,0
17810,100000,200
17811,100000,250
17812,100000,0
17813,100000,0
17814,100000,0
17815,100000,400
17816,100000,200
17817,100000,200
17818,100000,600
17819,100000,280
17820,100000,0
17821,100000,200
17822,100000,0
17823,100000,220
17824,100000,0
17825,100000,0
17826,100000,0
17827,100000,0
17828,100000,0
17829,100000,0
17830,100000,0
17831,100000,200
17832,100000,200
17833,100000,200
17834,100000,0
17835,100000,0
17836,100000,0
17837,100000,0
17838,100000,250
17839,100000,400
17840,100000,200
17841,100000,0
17842,100000,0
17843,100000,0
17844,100000,200
17845,100000,400
17846,100000,200
17847,100000,200
17848,100000,300
17849,100000,200
17850,100000,0
17851,100000,450
17852,100000,400
17853,100000,0
17854,100000,400
17855,100000,200
17856,100000,0
17857,100000,400
17858,100000,0
17859,100000,200
17860,100000,0
17861,100000,200
17862,100000,0
17863,100000,0
17864,100000,200
17865,100000,0
17866,100000,0
17867,100000,400
17868,100000,200
17869,100000,440
17870,100000,200
17871,100000,0
17872,100000,250
17873,100000,0
17874,100000,0
17875,100000,0
17876,100000,200
17877,100000,300
17878,100000,0
17879,100000,0
17880,100000,0
17881,100000,0
17882,100000,0
17883,100000,200
17884,100000,0
17885,100000,200
17886,100000,400
17887,100000,0
17888,100000,400
17889,100000,250
17890,100000,240
17891,100000,0
17892,100000,0
17893,100000,400
17894,100000,0
17895,100000,0
17896,100000,0
17897,100000,0
17898,100000,400
17899,100000,200
17900,100000,300
17901,100000,0
17902,100000,200
17903,100000,0
17904,100000,280
17905,100000,0
17906,100000,600
17907,100000,200
17908,100000,400
17909,100000,0
17910,100000,0
17911,100000,400
17912,100000,0
17913,100000,0
17914,100000,200
17915,100000,200
17916,100000,0
17917,100000,40
17918,100000,0
17919,100000,200
17920,100000,0
17921,100000,0
17922,100000,0
17923,100000,230
17924,100000,0
17925,100000,0
17926,100000,200
17927,100000,200
17928,100000,120
17929,100000,400
17930,100000,0
17931,100000,200
17932,100000,0
17933,100000,200
17934,100000,400
17935,100000,0
17936,100000,0
17937,100000,200
17938,100000,60
17939,100000,400
17940,100000,0
17941,100000,0
17942,100000,200
17943,100000,0
17944,100000,300
17945,100000,200
17946,100000,400
17947,100000,0
17948,100000,200
17949,100000,200
17950,100000,0
17951,100000,200
17952,100000,200
17953,100000,0
17954,100000,200
17955,100000,0
17956,100000,0
17957,100000,50
17958,100000,0
17959,100000,200
17960,100000,200
17961,100000,50
17962,100000,0
17963,100000,0
17964,100000,0
17965,100000,0
17966,100000,0
17967,100000,0
17968,100000,0
17969,100000,400
17970,100000,0
17971,100000,200
17972,100000,0
17973,100000,200
17974,100000,0
17975,100000,0
17976,100000,0
17977,100000,320
17978,100000,0
17979,100000,0
17980,100000,0
17981,100000,0
17982,100000,200
17983,100000,200
17984,100000,260
17985,100000,60
17986,100000,200
17987,100000,400
17988,100000,200
17989,100000,0
17990,100000,0
17991,100000,200
17992,100000,0
17993,100000,0
17994,100000,0
17995,100000,400
17996,100000,200
17997,100000,0
17998,100000,120
17999,100000,200
18000,100000,200
18001,100000,0
18002,100000,260
18003,100000,200
18004,100000,80
18005,100000,0
18006,100000,0
18007,100000,0
18008,100000,0
18009,100000,150
18010,100000,0
18011,100000,0
18012,100000,0
18013,100000,0
18014,100000,0
18015,100000,120
18016,100000,0
18017,100000,0
18018,100000,0
18019,100000,200
18020,100000,400
18021,100000,200
18022,100000,0
18023,100000,0
18024,100000,0
18025,100000,200
18026,100000,240
18027,100000,200
18028,100000,230
18029,100000,0
18030,100000,0
18031,100000,240
18032,100000,200
18033,100000,0
18034,100000,400
18035,100000,120
18036,100000,200
18037,100000,200
18038,100000,0
18039,100000,200
18040,100000,200
18041,100000,200
18042,100000,200
18043,100000,400
18044,100000,0
18045,100000,400
18046,100000,0
18047,100000,200
18048,100000,200
18049,100000,0
18050,100000,200
18051,100000,0
18052,100000,0
18053,100000,0
18054,100000,0
18055,100000,0
18056,100000,200
18057,100000,0
18058,100000,0
18059,100000,400
18060,100000,0
18061,100000,200
18062,100000,200
18063,100000,0
18064,100000,300
18065,100000,200
18066,100000,0
18067,100000,200
18068,100000,200
18069,100000,40
18070,100000,120
18071,100000,200
18072,100000,200
18073,100000,0
18074,100000,400
18075,100000,200
18076,100000,0
18077,100000,200
18078,100000,200
18079,100000,580
18080,100000,0
18081,100000,200
18082,100000,0
18083,100000,200
18084,100000,200
18085,100000,0
18086,100000,400
18087,100000,0
18088,100000,0
18089,100000,0
18090,100000,0
18091,100000,0
18092,100000,0
18093,100000,200
18094,100000,200
18095,100000,160
18096,100000,400
18097,100000,200
18098,100000,200
18099,100000,200
18100,100000,200
18101,100000,0
18102,100000,200
18103,100000,0
18104,100000,160
18105,100000,200
18106,100000,200
18107,100000,200
18108,100000,200
18109,100000,400
18110,100000,0
18111,100000,200
18112,100000,0
18113,100000,200
18114,100000,200
18115,100000,480
18116,100000,240
18117,100000,400
18118,100000,0
18119,100000,0
18120,100000,280
18121,100000,0
18122,100000,0
18123,100000,0
18124,100000,200
18125,100000,200
18126,100000,200
18127,100000,200
18128,100000,0
18129,100000,0
18130,100000,0
18131,100000,0
18132,100000,170
18133,100000,50
18134,100000,0
18135,100000,0
18136,100000,200
18137,100000,0
18138,100000,0
18139,100000,450
18140,100000,100
18141,100000,200
18142,100000,200
18143,100000,0
18144,100000,200
18145,100000,0
18146,100000,200
18147,100000,0
18148,100000,200
18149,100000,200
18150,100000,0
18151,100000,200
18152,100000,450
18153,100000,0
18154,100000,260
18155,100000,0
18156,100000,0
18157,100000,200
18158,100000,0
18159,100000,0
18160,100000,200
18161,100000,0
18162,100000,200
18163,100000,200
18164,100000,240
18165,100000,0
18166,100000,0
18167,100000,200
18168,100000,600
18169,100000,200
18170,100000,200
18171,100000,0
18172,100000,200
18173,100000,400
18174,100000,200
18175,100000,400
18176,100000,0
18177,100000,0
18178,100000,0
18179,100000,0
18180,100000,200
18181,100000,0
18182,100000,200
18183,100000,0
18184,100000,0
18185,100000,200
18186,100000,200
18187,100000,120
18188,100000,0
18189,100000,0
18190,100000,400
18191,100000,0
18192,100000,0
18193,100000,50
18194,100000,200
18195,100000,200
18196,100000,0
18197,100000,300
18198,100000,0
18199,100000,30
18200,100000,0
18201,100000,200
18202,100000,0
18203,100000,200
18204,100000,0
18205,100000,0
18206,100000,450
18207,100000,400
18208,100000,0
18209,100000,200
18210,100000,200
18211,100000,0
18212,100000,0
18213,100000,200
18214,100000,0
18215,100000,200
18216,100000,200
18217,100000,0
18218,100000,200
18219,100000,0
18220,100000,0
18221,100000,0
18222,100000,250
18223,100000,0
18224,100000,200
18225,100000,200
18226,100000,200
18227,100000,0
18228,100000,450
18229,100000,400
18230,100000,200
18231,100000,0
18232,100000,0
18233,100000,0
18234,100000,0
18235,100000,200
18236,100000,60
18237,100000,0
18238,100000,400
18239,100000,200
18240,100000,0
18241,100000,200
18242,100000,0
18243,100000,200
18244,100000,200
18245,100000,200
18246,100000,200
18247,100000,430
18248,100000,0
18249,100000,200
18250,100000,200
18251,100000,400
18252,100000,0
18253,100000,0
18254,100000,0
18255,100000,700
18256,100000,0
18257,100000,0
18258,100000,0
18259,100000,0
18260,100000,200
18261,100000,0
18262,100000,400
18263,100000,0
18264,100000,0
18265,100000,280
18266,100000,0
18267,100000,0
18268,100000,0
18269,100000,30
18270,100000,240
18271,100000,400
18272,100000,200
18273,100000,0
18274,100000,0
18275,100000,250
18276,100000,200
18277,100000,0
18278,100000,0
18279,100000,200
18280,100000,400
18281,100000,200
18282,100000,0
18283,100000,0
18284,100000,200
18285,100000,0
18286,100000,200
18287,100000,0
18288,100000,200
18289,100000,0
18290,100000,200
18291,100000,0
18292,100000,200
18293,100000,400
18294,100000,0
18295,100000,0
18296,100000,250
18297,100000,400
18298,100000,200
18299,100000,200
18300,100000,200
18301,100000,200
18302,100000,200
18303,100000,200
18304,100000,0
18305,100000,0
18306,100000,0
18307,100000,0
18308,100000,0
18309,100000,0
18310,100000,200
18311,100000,400
18312,100000,0
18313,100000,0
18314,100000,200
18315,100000,200
18316,100000,0
18317,100000,0
18318,100000,200
18319,100000,0
18320,100000,200
18321,100000,0
18322,100000,200
18323,100000,0
18324,100000,400
18325,100000,200
18326,100000,0
18327,100000,200
18328,100000,0
18329,100000,200
18330,100000,200
18331,100000,0
18332,100000,0
18333,100000,0
18334,100000,30
18335,100000,200
18336,100000,0
18337,100000,0
18338,100000,0
18339,100000,0
18340,100000,200
18341,100000,200
18342,100000,200
18343,100000,0
18344,100000,0
18345,100000,0
18346,100000,0
18347,100000,0
18348,100000,200
18349,100000,400
18350,100000,0
18351,100000,0
18352,100000,0
18353,100000,280
18354,100000,480
18355,100000,0
18356,100000,0
18357,100000,400
18358,100000,0
18359,100000,0
18360,100000,200
18361,100000,0
18362,100000,0
18363,100000,0
18364,100000,400
18365,100000,0
18366,100000,0
18367,100000,0
18368,100000,200
18369,100000,0
18370,100000,200
18371,100000,200
18372,100000,200
18373,100000,0
18374,100000,0
18375,100000,0
18376,100000,200
18377,100000,400
18378,100000,0
18379,100000,200
18380,100000,200
18381,100000,0
18382,100000,0
18383,100000,0
18384,100000,200
18385,100000,400
18386,100000,0
18387,100000,0
18388,100000,200
18389,100000,200
18390,100000,400
18391,100000,0
18392,100000,0
18393,100000,0
18394,100000,200
18395,100000,0
18396,100000,300
18397,100000,0
18398,100000,200
18399,100000,0
18400,100000,200
18401,100000,200
18402,100000,0
18403,100000,0
18404,100000,0
18405,100000,200
18406,100000,0
18407,100000,0
18408,100000,200
18409,100000,200
18410,100000,200
18411,100000,0
18412,100000,0
18413,100000,200
18414,100000,0
18415,100000,0
18416,100000,0
18417,100000,0
18418,100000,400
18419,100000,0
18420,100000,0
18421,100000,0
18422,100000,500
18423,100000,0
18424,100000,200
18425,100000,0
18426,100000,0
18427,100000,200
18428,100000,60
18429,100000,200
18430,100000,0
18431,100000,0
18432,100000,0
18433,100000,200
18434,100000,120
18435,100000,200
18436,100000,0
18437,100000,200
18438,100000,0
18439,100000,200
18440,100000,0
18441,100000,0
18442,100000,0
18443,100000,200
18444,100000,200
18445,100000,230
18446,100000,0
18447,100000,400
18448,100000,400
18449,100000,200
18450,100000,200
18451,100000,200
18452,100000,400
18453,100000,0
18454,100000,0
18455,100000,0
18456,100000,0
18457,100000,200
18458,100000,60
18459,100000,200
18460,100000,0
18461,100000,0
18462,100000,200
18463,100000,400
18464,100000,0
18465,100000,200
18466,100000,200
18467,100000,30
18468,100000,280
18469,100000,0
18470,100000,0
18471,100000,0
18472,100000,200
18473,100000,200
18474,100000,400
18475,100000,0
18476,100000,0
18477,100000,200
18478,100000,480
18479,100000,400
18480,100000,0
18481,100000,250
18482,100000,200
18483,100000,0
18484,100000,0
18485,100000,0
18486,100000,150
18487,100000,400
18488,100000,0
18489,100000,400
18490,100000,200
18491,100000,400
18492,100000,200
18493,100000,0
18494,100000,200
18495,100000,0
18496,100000,200
18497,100000,0
18498,100000,90
18499,100000,0
18500,100000,440
18501,100000,0
18502,100000,230
18503,100000,0
18504,100000,0
18505,100000,0
18506,100000,200
18507,100000,200
18508,100000,200
18509,100000,200
18510,100000,200
18511,100000,200
18512,100000,400
18513,100000,0
18514,100000,0
18515,100000,200
18516,100000,200
18517,100000,200
18518,100000,200
18519,100000,0
18520,100000,320
18521,100000,0
18522,100000,200
18523,100000,200
18524,100000,0
18525,100000,0
18526,100000,0
18527,100000,0
18528,100000,0
18529,100000,0
18530,100000,200
18531,100000,200
18532,100000,400
18533,100000,0
18534,100000,400
18535,100000,0
18536,100000,0
18537,100000,200
18538,100000,400
18539,100000,0
18540,100000,0
18541,100000,200
18542,100000,200
18543,100000,450
18544,100000,200
18545,100000,400
18546,100000,200
18547,100000,200
18548,100000,0
18549,100000,0
18550,100000,200
18551,100000,0
18552,100000,0
18553,100000,0
18554,100000,200
18555,100000,0
18556,100000,200
18557,100000,0
18558,100000,0
18559,100000,400
18560,100000,280
18561,100000,0
18562,100000,200
18563,100000,0
18564,100000,200
18565,100000,200
18566,100000,0
18567,100000,800
18568,100000,200
18569,100000,0
18570,100000,0
18571,100000,200
18572,100000,0
18573,100000,0
18574,100000,600
18575,100000,0
18576,100000,400
18577,100000,0
18578,100000,200
18579,100000,400
18580,100000,200
18581,100000,40
18582,100000,0
18583,100000,400
18584,100000,0
18585,100000,0
18586,100000,240
18587,100000,450
18588,100000,0
18589,100000,0
18590,100000,400
18591,100000,0
18592,100000,250
18593,100000,600
18594,100000,200
18595,100000,400
18596,100000,200
18597,100000,280
18598,100000,200
18599,100000,200
18600,100000,200
18601,100000,120
18602,100000,200
18603,100000,200
18604,100000,0
18605,100000,600
18606,100000,400
18607,100000,600
18608,100000,200
18609,100000,0
18610,100000,200
18611,100000,0
18612,100000,350
18613,100000,0
18614,100000,400
18615,100000,0
18616,100000,200
18617,100000,200
18618,100000,0
18619,100000,0
18620,100000,200
18621,100000,200
18622,100000,200
18623,100000,200
18624,100000,0
18625,100000,400
18626,100000,600
18627,100000,200
18628,100000,600
18629,100000,0
18630,100000,0
18631,100000,400
18632,100000,0
18633,100000,0
18634,100000,200
18635,100000,200
18636,100000,0
18637,100000,0
18638,100000,280
18639,100000,0
18640,100000,0
18641,100000,0
18642,100000,0
18643,100000,0
18644,100000,0
18645,100000,250
18646,100000,200
18647,100000,200
18648,100000,0
18649,100000,0
18650,100000,200
18651,100000,0
18652,100000,0
18653,100000,0
18654,100000,0
18655,100000,400
18656,100000,200
18657,100000,320
18658,100000,0
18659,100000,200
18660,100000,0
18661,100000,200
18662,100000,400
18663,100000,200
18664,100000,0
18665,100000,0
18666,100000,0
18667,100000,200
18668,100000,30
18669,100000,200
18670,100000,120
18671,100000,0
18672,100000,0
18673,100000,400
18674,100000,200
18675,100000,30
18676,100000,200
18677,100000,0
18678,100000,80
18679,100000,200
18680,100000,200
18681,100000,200
18682,100000,500
18683,100000,200
18684,100000,0
18685,100000,30
18686,100000,150
18687,100000,440
18688,100000,200
18689,100000,0
18690,100000,200
18691,100000,600
18692,100000,0
18693,100000,0
18694,100000,0
18695,100000,200
18696,100000,400
18697,119846350,1900
18698,100000,0
18699,100000,200
18700,100000,200
18701,100000,200
18702,100000,200
18703,100000,0
18704,100000,0
18705,100000,200
18706,100000,120
18707,100000,200
18708,100000,0
18709,100000,0
18710,100000,200
18711,100000,0
18712,100000,0
18713,100000,200
18714,100000,200
18715,100000,200
18716,100000,0
18717,100000,0
18718,100000,0
18719,100000,0
18720,100000,200
18721,100000,200
18722,100000,0
18723,100000,200
18724,100000,0
18725,100000,0
18726,100000,80
18727,100000,200
18728,100000,0
18729,100000,200
18730,100000,0
18731,100000,200
18732,100000,0
18733,100000,0
18734,100000,400
18735,100000,400
18736,100000,0
18737,100000,0
18738,100000,400
18739,100000,400
18740,100000,0
18741,100000,200
18742,100000,200
18743,100000,0
18744,100000,140
18745,100000,400
18746,100000,200
18747,100000,0
18748,100000,200
18749,100000,200
18750,100000,200
18751,100000,400
18752,100000,400
18753,100000,0
18754,100000,60
18755,100000,0
18756,100000,0
18757,100000,400
18758,100000,200
18759,100000,200
18760,100000,200
18761,100000,0
18762,100000,200
18763,100000,400
18764,100000,0
18765,100000,200
18766,100000,0
18767,100000,0
18768,100000,0
18769,100000,200
18770,100000,250
18771,100000,0
18772,100000,200
18773,100000,0
18774,100000,200
18775,100000,0
18776,100000,0
18777,100000,200
18778,100000,200
18779,100000,0
18780,100000,200
18781,100000,200
18782,100000,0
18783,100000,0
18784,100000,200
18785,100000,200
18786,100000,0
18787,100000,200
18788,100000,0
18789,100000,0
18790,100000,0
18791,100000,0
18792,100000,200
18793,100000,200
18794,100000,250
18795,100000,200
18796,100000,460
18797,100000,0
18798,100000,200
18799,100000,0
18800,100000,200
18801,119846350,1100
18802,100000,0
18803,100000,0
18804,100000,0
18805,100000,200
18806,100000,0
18807,100000,0
18808,100000,200
18809,100000,200
18810,100000,200
18811,100000,200
18812,100000,0
18813,100000,0
18814,100000,200
18815,100000,0
18816,100000,400
18817,100000,400
18818,100000,200
18819,100000,500
18820,100000,850
18821,100000,0
18822,100000,60
18823,100000,200
18824,100000,0
18825,100000,500
18826,100000,0
18827,100000,80
18828,100000,0
18829,100000,200
18830,100000,0
18831,100000,0
18832,100000,0
18833,100000,240
18834,100000,200
18835,100000,200
18836,100000,200
18837,100000,0
18838,100000,400
18839,100000,0
18840,100000,320
18841,100000,200
18842,100000,0
18843,100000,0
18844,100000,0
18845,100000,400
18846,100000,200
18847,100000,400
18848,100000,0
18849,100000,0
18850,100000,0
18851,100000,200
18852,100000,0
18853,100000,200
18854,100000,200
18855,100000,50
18856,100000,200
18857,100000,200
18858,100000,200
18859,100000,0
18860,100000,600
18861,100000,200
18862,100000,250
18863,100000,600
18864,100000,200
18865,100000,0
18866,100000,200
18867,100000,60
18868,100000,200
18869,100000,200
18870,100000,0
18871,100000,0
18872,100000,200
18873,100000,0
18874,100000,0
18875,100000,400
18876,100000,200
18877,100000,0
18878,100000,0
18879,100000,0
18880,100000,0
18881,100000,200
18882,100000,0
18883,100000,200
18884,100000,0
18885,100000,200
18886,100000,0
18887,100000,0
18888,100000,200
18889,100000,250
18890,100000,400
18891,100000,0
18892,100000,0
18893,100000,0
18894,100000,200
18895,100000,0
18896,100000,0
18897,100000,280
18898,100000,0
18899,100000,200
18900,100000,250
18901,100000,0
18902,100000,280
18903,100000,0
18904,100000,400
18905,100000,0
18906,100000,310
18907,100000,200
18908,100000,0
18909,100000,0
18910,100000,200
18911,100000,0
18912,100000,450
18913,100000,0
18914,100000,0
18915,100000,0
18916,100000,0
18917,100000,0
18918,100000,0
18919,100000,400
18920,100000,200
18921,100000,0
18922,100000,200
18923,100000,450
18924,100000,120
18925,100000,200
18926,100000,200
18927,100000,0
18928,100000,400
18929,100000,0
18930,100000,0
18931,100000,200
18932,100000,200
18933,100000,200
18934,100000,30
18935,100000,200
18936,100000,400
18937,100000,200
18938,100000,0
18939,100000,100
18940,100000,0
18941,100000,400
18942,100000,100
18943,100000,0
18944,100000,200
18945,100000,200
18946,100000,120
18947,100000,300
18948,100000,0
18949,100000,200
18950,100000,200
18951,100000,0
18952,100000,50
18953,100000,0
18954,100000,0
18955,100000,0
18956,100000,200
18957,100000,600
18958,100000,200
18959,100000,0
18960,100000,200
18961,100000,0
18962,100000,200
18963,100000,200
18964,100000,200
18965,100000,0
18966,100000,0
18967,100000,200
18968,100000,0
18969,100000,200
18970,100000,0
18971,100000,0
18972,100000,400
18973,100000,500
18974,100000,200
18975,100000,0
18976,100000,0
18977,100000,200
18978,100000,200
18979,100000,0
18980,100000,0
18981,100000,200
18982,100000,0
18983,100000,600
18984,100000,0
18985,100000,0
18986,100000,0
18987,100000,600
18988,100000,600
18989,100000,200
18990,100000,400
18991,100000,0
18992,100000,0
18993,100000,200
18994,100000,0
18995,100000,50
18996,100000,0
18997,100000,200
18998,100000,400
18999,100000,200
19000,100000,200
19001,100000,0
19002,100000,0
19003,100000,0
19004,100000,200
19005,100000,200
19006,100000,0
19007,100000,200
19008,100000,200
19009,100000,0
19010,100000,200
19011,100000,0
19012,100000,200
19013,100000,200
19014,100000,200
19015,100000,200
19016,100000,400
19017,100000,200
19018,100000,0
19019,100000,200
19020,100000,0
19021,100000,0
19022,100000,200
19023,100000,0
19024,100000,200
19025,100000,0
19026,100000,0
19027,100000,0
19028,100000,0
19029,100000,200
19030,100000,400
19031,100000,0
19032,100000,0
19033,100000,0
19034,100000,320
19035,100000,200
19036,100000,0
19037,100000,0
19038,100000,200
19039,100000,0
19040,100000,300
19041,100000,0
19042,100000,120
19043,100000,0
19044,100000,200
19045,100000,280
19046,100000,0
19047,100000,520
19048,100000,200
19049,100000,240
19050,100000,0
19051,100000,200
19052,100000,200
19053,100000,200
19054,100000,200
19055,100000,200
19056,100000,200
19057,100000,0
19058,100000,0
19059,100000,0
19060,100000,0
19061,100000,40
19062,100000,0
19063,100000,200
19064,100000,0
19065,100000,0
19066,100000,0
19067,100000,200
19068,100000,200
19069,100000,0
19070,100000,0
19071,100000,0
19072,100000,200
19073,100000,0
19074,100000,200
19075,100000,200
19076,100000,200
19077,100000,0
19078,100000,0
19079,100000,200
19080,100000,0
19081,100000,400
19082,100000,200
19083,100000,400
19084,100000,0
19085,100000,0
19086,100000,0
19087,100000,0
19088,100000,200
19089,100000,200
19090,100000,0
19091,100000,200
19092,100000,200
19093,100000,0
19094,100000,200
19095,100000,0
19096,100000,200
19097,100000,200
19098,100000,0
19099,100000,40
19100,100000,200
19101,100000,0
19102,100000,200
19103,100000,200
19104,100000,200
19105,100000,600
19106,100000,120
19107,100000,0
19108,100000,200
19109,100000,400
19110,100000,0
19111,100000,200
19112,100000,0
19113,100000,0
19114,100000,200
19115,100000,0
19116,100000,450
19117,100000,0
19118,100000,0
19119,100000,0
19120,100000,200
19121,100000,0
19122,100000,400
19123,100000,0
19124,100000,200
19125,100000,200
19126,100000,400
19127,100000,200
19128,100000,0
19129,100000,0
19130,100000,0
19131,100000,600
19132,100000,200
19133,100000,0
19134,100000,200
19135,100000,200
19136,100000,200
19137,100000,200
19138,100000,0
19139,100000,0
19140,100000,200
19141,100000,200
19142,100000,0
19143,100000,200
19144,100000,0
19145,100000,0
19146,100000,200
19147,100000,260
19148,100000,0
19149,100000,0
19150,100000,0
19151,100000,0
19152,100000,0
19153,100000,200
19154,100000,200
19155,100000,200
19156,100000,200
19157,100000,200
19158,100000,200
19159,100000,0
19160,100000,400
19161,100000,0
19162,100000,200
19163,100000,0
19164,100000,0
19165,100000,200
19166,100000,200
19167,100000,200
19168,100000,0
19169,100000,0
19170,100000,0
19171,100000,200
19172,100000,0
19173,100000,0
19174,100000,200
19175,100000,0
19176,100000,400
19177,100000,200
19178,100000,200
19179,100000,400
19180,100000,200
19181,100000,0
19182,100000,240
19183,100000,400
19184,100000,0
19185,100000,0
19186,100000,200
19187,100000,200
19188,100000,200
19189,100000,0
19190,100000,0
19191,100000,0
19192,100000,240
19193,100000,60
19194,100000,0
19195,100000,200
19196,100000,0
19197,100000,200
19198,100000,200
19199,100000,400
19200,100000,200
19201,100000,0
19202,100000,200
19203,100000,0
19204,100000,200
19205,100000,0
19206,100000,0
19207,100000,0
19208,100000,0
19209,100000,0
19210,100000,0
19211,100000,0
19212,100000,0
19213,100000,0
19214,100000,200
19215,100000,0
19216,100000,0
19217,100000,200
19218,100000,0
19219,100000,200
19220,100000,0
19221,100000,0
19222,100000,200
19223,100000,200
19224,100000,600
19225,100000,0
19226,100000,200
19227,100000,200
19228,100000,200
19229,100000,50
19230,100000,0
19231,100000,200
19232,100000,200
19233,100000,0
19234,100000,450
19235,100000,0
19236,100000,0
19237,100000,0
19238,100000,0
19239,100000,200
19240,100000,200
19241,100000,0
19242,100000,200
19243,100000,0
19244,100000,200
19245,100000,0
19246,100000,200
19247,100000,200
19248,100000,0
19249,100000,120
19250,100000,280
19251,100000,200
19252,100000,0
19253,100000,0
19254,100000,0
19255,100000,500
19256,100000,200
19257,100000,200
19258,100000,0
19259,100000,200
19260,100000,200
19261,100000,0
19262,100000,200
19263,100000,0
19264,100000,40
19265,100000,0
19266,100000,200
19267,100000,440
19268,100000,600
19269,100000,150
19270,100000,0
19271,100000,200
19272,100000,400
19273,100000,200
19274,100000,0
19275,100000,0
19276,100000,0
19277,100000,200
19278,100000,0
19279,100000,200
19280,100000,200
19281,100000,120
19282,100000,200
19283,100000,400
19284,100000,320
19285,100000,400
19286,100000,200
19287,100000,0
19288,100000,0
19289,100000,0
19290,100000,400
19291,100000,0
19292,100000,0
19293,100000,0
19294,100000,0
19295,100000,0
19296,100000,60
19297,100000,200
19298,100000,400
19299,100000,400
19300,100000,0
19301,100000,200
19302,100000,0
19303,100000,200
19304,100000,200
19305,100000,500
19306,100000,400
19307,100000,0
19308,100000,60
19309,100000,200
19310,100000,400
19311,100000,600
19312,100000,200
19313,100000,200
19314,100000,80
19315,100000,450
19316,100000,400
19317,100000,200
19318,100000,0
19319,100000,0
19320,100000,200
19321,100000,200
19322,100000,500
19323,100000,200
19324,100000,0
19325,100000,0
19326,100000,200
19327,100000,200
19328,100000,0
19329,100000,200
19330,100000,0
19331,100000,600
19332,100000,0
19333,100000,0
19334,100000,200
19335,100000,0
19336,100000,0
19337,100000,0
19338,100000,200
19339,100000,60
19340,100000,0
19341,100000,0
19342,100000,200
19343,100000,0
19344,100000,0
19345,100000,0
19346,100000,0
19347,100000,200
19348,100000,200
19349,100000,200
19350,100000,200
19351,100000,0
19352,100000,200
19353,100000,250
19354,100000,0
19355,100000,0
19356,100000,400
19357,100000,200
19358,100000,0
19359,100000,200
19360,100000,0
19361,100000,200
19362,100000,0
19363,100000,200
19364,100000,400
19365,100000,0
19366,100000,0
19367,100000,400
19368,100000,0
19369,100000,200
19370,100000,0
19371,100000,200
19372,100000,200
19373,100000,0
19374,100000,400
19375,100000,0
19376,100000,250
19377,100000,200
19378,100000,200
19379,100000,200
19380,100000,200
19381,100000,200
19382,100000,0
19383,100000,0
19384,100000,150
19385,100000,0
19386,100000,400
19387,100000,0
19388,100000,200
19389,100000,0
19390,100000,200
19391,100000,0
19392,100000,0
19393,100000,0
19394,100000,0
19395,100000,0
19396,100000,400
19397,100000,200
19398,100000,200
19399,100000,200
19400,100000,0
19401,100000,0
19402,100000,200
19403,100000,200
19404,100000,200
19405,100000,200
19406,100000,0
19407,100000,0
19408,100000,200
19409,100000,400
19410,100000,0
19411,100000,200
19412,100000,0
19413,100000,200
19414,100000,400
19415,100000,0
19416,100000,200
19417,100000,0
19418,100000,280
19419,100000,0
19420,100000,250
19421,100000,0
19422,100000,0
19423,100000,400
19424,100000,0
19425,100000,0
19426,100000,200
19427,100000,280
19428,100000,50
19429,100000,400
19430,100000,200
19431,100000,0
19432,100000,0
19433,100000,0
19434,100000,200
19435,100000,200
19436,100000,200
19437,100000,0
19438,100000,200
19439,100000,0
19440,100000,0
19441,100000,0
19442,100000,200
19443,100000,0
19444,100000,200
19445,100000,200
19446,100000,60
19447,100000,0
19448,100000,200
19449,100000,200
19450,100000,200
19451,100000,0
19452,100000,0
19453,100000,0
19454,100000,0
19455,100000,200
19456,100000,0
19457,100000,0
19458,100000,160
19459,100000,400
19460,100000,0
19461,100000,600
19462,100000,200
19463,100000,200
19464,100000,200
19465,100000,200
19466,100000,0
19467,100000,0
19468,100000,230
19469,100000,0
19470,100000,220
19471,100000,200
19472,100000,460
19473,100000,0
19474,100000,0
19475,100000,0
19476,100000,0
19477,100000,40
19478,100000,0
19479,100000,0
19480,100000,0
19481,100000,0
19482,100000,200
19483,100000,200
19484,100000,0
19485,100000,200
19486,100000,60
19487,100000,200
19488,100000,0
19489,100000,0
19490,100000,0
19491,100000,0
19492,100000,0
19493,100000,200
19494,100000,30
19495,100000,0
19496,100000,0
19497,100000,200
19498,100000,0
19499,100000,200
19500,100000,0
19501,100000,0
19502,100000,280
19503,100000,0
19504,100000,0
19505,100000,0
19506,100000,30
19507,100000,0
19508,100000,0
19509,100000,400
19510,100000,500
19511,100000,200
19512,100000,0
19513,100000,400
19514,100000,0
19515,100000,400
19516,100000,150
19517,100000,0
19518,100000,200
19519,100000,0
19520,100000,200
19521,100000,400
19522,100000,200
19523,100000,0
19524,100000,30
19525,100000,0
19526,100000,0
19527,100000,200
19528,100000,200
19529,100000,200
19530,100000,400
19531,100000,0
19532,100000,0
19533,100000,0
19534,100000,400
19535,100000,0
19536,100000,50
19537,100000,0
19538,100000,0
19539,100000,0
19540,100000,200
19541,100000,200
19542,100000,0
19543,100000,0
19544,100000,400
19545,100000,200
19546,100000,200
19547,100000,0
19548,100000,0
19549,100000,200
19550,100000,120
19551,100000,0
19552,100000,0
19553,100000,200
19554,100000,60
19555,100000,0
19556,100000,200
19557,100000,0
19558,100000,200
19559,100000,200
19560,100000,200
19561,100000,200
19562,100000,200
19563,100000,400
19564,100000,0
19565,100000,0
19566,100000,320
19567,100000,0
19568,100000,200
19569,100000,400
19570,100000,0
19571,100000,200
19572,100000,200
19573,100000,400
19574,100000,200
19575,100000,0
19576,100000,0
19577,100000,0
19578,100000,470
19579,100000,440
19580,100000,200
19581,100000,200
19582,100000,200
19583,100000,280
19584,100000,0
19585,100000,200
19586,100000,200
19587,100000,0
19588,100000,200
19589,100000,200
19590,100000,200
19591,100000,0
19592,100000,0
19593,100000,320
19594,100000,400
19595,100000,0
19596,100000,0
19597,100000,400
19598,100000,200
19599,100000,200
19600,100000,400
19601,100000,0
19602,100000,0
19603,100000,0
19604,100000,200
19605,100000,0
19606,100000,200
19607,100000,0
19608,100000,200
19609,100000,650
19610,100000,40
19611,100000,0
19612,100000,0
19613,100000,0
19614,100000,0
19615,100000,400
19616,100000,240
19617,100000,400
19618,100000,0
19619,100000,200
19620,100000,400
19621,100000,0
19622,100000,300
19623,100000,200
19624,100000,200
19625,100000,0
19626,100000,200
19627,100000,0
19628,100000,200
19629,100000,200
19630,100000,0
19631,100000,200
19632,100000,200
19633,100000,400
19634,100000,0
19635,100000,200
19636,100000,0
19637,100000,30
19638,100000,200
19639,100000,200
19640,100000,200
19641,100000,200
19642,100000,400
19643,100000,0
19644,100000,400
19645,100000,200
19646,100000,0
19647,100000,0
19648,100000,0
19649,100000,0
19650,100000,0
19651,100000,0
19652,100000,0
19653,100000,0
19654,100000,0
19655,100000,200
19656,100000,0
19657,100000,200
19658,100000,0
19659,100000,200
19660,100000,0
19661,100000,0
19662,100000,200
19663,100000,300
19664,100000,0
19665,100000,450
19666,100000,0
19667,100000,200
19668,100000,0
19669,100000,200
19670,100000,0
19671,100000,200
19672,100000,80
19673,100000,200
19674,100000,400
19675,100000,200
19676,100000,0
19677,100000,200
19678,100000,450
19679,100000,0
19680,100000,0
19681,100000,0
19682,100000,200
19683,100000,0
19684,100000,200
19685,100000,200
19686,100000,200
19687,100000,0
19688,100000,0
19689,100000,400
19690,100000,200
19691,100000,0
19692,100000,0
19693,100000,240
19694,100000,0
19695,100000,200
19696,100000,0
19697,100000,0
19698,100000,0
19699,100000,0
19700,100000,120
19701,100000,0
19702,100000,40
19703,100000,0
19704,100000,0
19705,100000,0
19706,100000,400
19707,100000,0
19708,100000,0
19709,100000,0
19710,100000,0
19711,100000,200
19712,100000,200
19713,100000,0
19714,100000,0
19715,100000,0
19716,100000,0
19717,100000,320
19718,100000,0
19719,100000,200
19720,100000,0
19721,100000,200
19722,100000,0
19723,100000,400
19724,100000,200
19725,100000,0
19726,100000,200
19727,100000,0
19728,100000,200
19729,100000,0
19730,100000,0
19731,100000,0
19732,100000,0
19733,100000,200
19734,100000,0
19735,100000,0
19736,100000,0
19737,100000,0
19738,100000,200
19739,100000,360
19740,100000,200
19741,100000,0
19742,100000,200
19743,100000,0
19744,100000,400
19745,100000,200
19746,100000,200
19747,100000,200
19748,100000,120
19749,100000,200
19750,100000,0
19751,100000,60
19752,100000,0
19753,100000,200
19754,100000,0
19755,100000,200
19756,100000,200
19757,100000,400
19758,100000,200
19759,100000,200
19760,100000,200
19761,100000,80
19762,100000,200
19763,100000,0
19764,100000,200
19765,100000,200
19766,100000,200
19767,100000,0
19768,100000,360
19769,100000,400
19770,100000,200
19771,100000,0
19772,100000,320
19773,100000,400
19774,100000,0
19775,100000,200
19776,100000,200
19777,100000,200
19778,100000,60
19779,100000,0
19780,100000,200
19781,100000,600
19782,100000,200
19783,100000,0
19784,100000,0
19785,100000,50
19786,100000,0
19787,100000,0
19788,100000,200
19789,100000,0
19790,100000,0
19791,100000,0
19792,100000,0
19793,100000,200
19794,100000,0
19795,100000,0
19796,100000,0
19797,100000,0
19798,100000,200
19799,100000,0
19800,100000,0
19801,100000,0
19802,100000,200
19803,100000,60
19804,100000,200
19805,100000,0
19806,100000,0
19807,100000,0
19808,100000,200
19809,100000,200
19810,100000,200
19811,100000,200
19812,100000,260
19813,100000,0
19814,100000,0
19815,100000,0
19816,100000,280
19817,100000,200
19818,100000,0
19819,100000,200
19820,100000,200
19821,100000,0
19822,100000,200
19823,100000,400
19824,100000,200
19825,100000,600
19826,100000,0
19827,100000,200
19828,100000,200
19829,100000,0
19830,100000,0
19831,100000,200
19832,100000,350
19833,100000,0
19834,100000,0
19835,100000,200
19836,100000,0
19837,100000,200
19838,100000,200
19839,100000,200
19840,100000,0
19841,100000,200
19842,100000,200
19843,100000,0
19844,100000,200
19845,100000,0
19846,100000,0
19847,100000,0
19848,100000,0
19849,100000,400
19850,100000,0
19851,100000,0
19852,100000,200
19853,100000,200
19854,100000,0
19855,100000,0
19856,100000,200
19857,100000,0
19858,100000,0
19859,100000,200
19860,100000,50
19861,100000,200
19862,100000,0
19863,100000,0
19864,100000,0
19865,100000,0
19866,100000,0
19867,100000,0
19868,100000,0
19869,100000,200
19870,100000,200
19871,100000,400
19872,100000,200
19873,100000,200
19874,100000,200
19875,100000,0
19876,100000,0
19877,100000,400
19878,100000,0
19879,100000,0
19880,100000,200
19881,100000,40
19882,100000,400
19883,100000,0
19884,100000,60
19885,100000,200
19886,100000,0
19887,100000,200
19888,100000,200
19889,100000,0
19890,100000,400
19891,100000,200
19892,100000,0
19893,100000,400
19894,100000,0
19895,100000,120
19896,100000,200
19897,100000,0
19898,100000,0
19899,100000,0
19900,100000,400
19901,100000,0
19902,100000,200
19903,100000,200
19904,100000,200
19905,100000,0
19906,100000,0
19907,100000,200
19908,100000,200
19909,100000,350
19910,100000,0
19911,100000,0
19912,100000,0
19913,100000,600
19914,100000,0
19915,100000,0
19916,100000,120
19917,100000,40
19918,100000,0
19919,100000,0
19920,100000,200
19921,100000,0
19922,100000,0
19923,100000,200
19924,100000,0
19925,100000,200
19926,100000,0
19927,100000,200
19928,100000,0
19929,100000,0
19930,100000,400
19931,100000,320
19932,100000,230
19933,100000,180
19934,100000,200
19935,100000,0
19936,100000,400
19937,100000,0
19938,100000,600
19939,100000,150
19940,100000,0
19941,100000,200
19942,100000,0
19943,100000,0
19944,100000,0
19945,100000,200
19946,100000,0
19947,100000,0
19948,100000,200
19949,100000,0
19950,100000,0
19951,100000,0
19952,100000,200
19953,100000,60
19954,100000,400
19955,100000,0
19956,100000,0
19957,100000,0
19958,100000,200
19959,100000,200
19960,100000,0
19961,100000,200
19962,100000,0
19963,100000,0
19964,100000,0
19965,100000,0
19966,100000,400
19967,100000,200
19968,100000,200
19969,100000,0
19970,100000,220
19971,100000,200
19972,100000,0
19973,100000,400
19974,100000,0
19975,100000,200
19976,100000,0
19977,100000,0
19978,100000,200
19979,100000,200
19980,100000,0
19981,100000,200
19982,100000,200
19983,100000,0
19984,100000,200
19985,100000,400
19986,100000,400
19987,100000,0
19988,100000,0
19989,100000,0
19990,100000,200
19991,100000,0
19992,100000,0
19993,100000,0
19994,100000,200
19995,100000,200
19996,100000,0
19997,100000,200
19998,100000,0
19999,100000,60
20000,100000,200
